𣄀,5,0,0,セイ ショウ,,0,,,,,
𣄁,5,0,0,ジュ,,0,,,,,
𣄂,5,0,0,,,0,,,,,
𣄃,5,0,0,,,0,,,,,
𣄄,5,0,0,,,0,,,,,
𣄅,5,0,0,ホウ,,0,,,,,
𣄆,5,0,0,リョ,たび,0,,,,,
𣄇,5,0,0,,,0,,,,,
𣄈,5,0,0,キ,,0,,,,,
𣄉,5,0,0,エン ヨウ,,0,,,,,
𣄊,5,0,0,ヨ,,0,,,,,
𣄋,5,0,0,,,0,,,,,
𣄌,5,0,0,,,0,,,,,
𣄍,5,0,0,テイ,,0,,,,,
𣄎,5,0,0,ハク,,0,,,,,
𣄏,5,0,0,ホン ボン,,0,,,,,
𣄐,5,0,0,コウ,,0,,,,,
𣄑,5,0,0,エン,,0,,,,,
𣄒,5,0,0,,,0,,,,,
𣄓,5,0,0,キ,,0,,,,,
𣄔,5,0,0,ヒョウ,,0,,,,,
𣄕,5,0,0,,,0,,,,,
𣄖,5,0,0,,,0,,,,,
𣄗,5,0,0,,,0,,,,,
𣄘,5,0,0,ヨ オ,,0,,,,,
𣄙,5,0,0,コウ,,0,,,,,
𣄚,5,0,0,スイ,,0,,,,,
𣄛,5,0,0,,,0,,,,,
𣄜,5,0,0,キ,,0,,,,,
𣄝,5,0,0,ゲン,,0,,,,,
𣄞,5,0,0,シ,,0,,,,,
𣄟,5,0,0,コ,,0,,,,,
𣄠,5,0,0,ヒョウ,,0,,,,,
𣄡,5,0,0,ヒョウ,,0,,,,,
𣄢,5,0,0,トウ,,0,,,,,
𣄣,5,0,0,,,0,,,,,
𣄤,5,0,0,ヨ,,0,,,,,
𣄥,5,0,0,,,0,,,,,
𣄦,5,0,0,ヒョウ,,0,,,,,
𣄧,5,0,0,イ スイ ズイ,,0,,,,,
𣄨,5,0,0,キ,,0,,,,,
𣄩,5,0,0,,,0,,,,,
𣄪,5,0,0,ヒョウ,,0,,,,,
𣄫,5,0,0,イ,,0,,,,,
𣄬,5,0,0,,,0,,,,,
𣄭,5,0,0,,,0,,,,,
𣄮,5,0,0,シ ジ,,0,,,,,
𣄯,5,0,0,キ,,0,,,,,
𣄰,5,0,0,バ マ,,0,,,,,
𣄱,5,0,0,ケイ,,0,,,,,
𣄲,5,0,0,カイ,,0,,,,,
𣄳,5,0,0,,,0,,,,,
𣄴,5,0,0,リョウ ロウ,,0,,,,,
𣄵,5,0,0,リョウ,,0,,,,,
𣄶,5,0,0,リョウ,,0,,,,,
𣄷,5,0,0,リョウ,,0,,,,,
𣄸,5,0,0,カ ガ,,0,,,,,
𣄹,5,0,0,,,0,,,,,
𣄺,5,0,0,イ,,0,,,,,
𣄻,5,0,0,タク チョク,,0,,,,,
𣄼,5,0,0,コン,,0,,,,,
𣄽,5,0,0,,,0,,,,,
𣄾,5,0,0,コン,,0,,,,,
𣄿,5,0,0,テイ チョウ,,0,,,,,
𣅀,5,0,0,シ,,0,,,,,
𣅁,5,0,0,タイ,,0,,,,,
𣅂,5,0,0,,,0,,,,,
𣅃,5,0,0,,,0,,,,,
𣅄,5,0,0,ジュウ,,0,,,,,
𣅅,5,0,0,,,0,,,,,
𣅆,5,0,0,キ,,0,,,,,
𣅇,5,0,0,ボウ モウ,,0,,,,,
𣅈,5,0,0,トウ,,0,,,,,
𣅉,5,0,0,ジン ニン,,0,,,,,
𣅊,5,0,0,ショウ,,0,,,,,
𣅋,5,0,0,トウ,,0,,,,,
𣅌,5,0,0,シ,,0,,,,,
𣅍,5,0,0,ヒョウ,,0,,,,,
𣅎,5,0,0,ゴ,,0,,,,,
𣅏,5,0,0,,,0,,,,,
𣅐,5,0,0,ビン,,0,,,,,
𣅑,5,0,0,,,0,,,,,
𣅒,5,0,0,,,0,,,,,
𣅓,5,0,0,,,0,,,,,
𣅔,5,0,0,,,0,,,,,
𣅕,5,0,0,,,0,,,,,
𣅖,5,0,0,ソウ,,0,,,,,
𣅗,5,0,0,,,0,,,,,
𣅘,5,0,0,,,0,,,,,
𣅙,5,0,0,,,0,,,,,
𣅚,5,0,0,ドツ ナチ,,0,,,,,
𣅛,5,0,0,ショク,,0,,,,,
𣅜,5,0,0,カイ,,0,,,,,
𣅝,5,0,0,トツ トチ,,0,,,,,
𣅞,5,0,0,ケツ,,0,,,,,
𣅟,5,0,0,タン トン,,0,,,,,
𣅠,5,0,0,キ,,0,,,,,
𣅡,5,0,0,ケツ ケチ,,0,,,,,
𣅢,5,0,0,サイ,,0,,,,,
𣅣,5,0,0,トウ,,0,,,,,
𣅤,5,0,0,キョ,,0,,,,,
𣅥,5,0,0,テイ,,0,,,,,
𣅦,5,0,0,ショク,かたむく,0,,,,,
𣅧,5,0,0,タン,,0,,,,,
𣅨,5,0,0,,,0,,,,,
𣅩,5,0,0,,,0,,,,,
𣅪,5,0,0,,,0,,,,,
𣅫,5,0,0,,,0,,,,,
𣅬,5,0,0,,,0,,,,,
𣅭,5,0,0,,,0,,,,,
𣅮,5,0,0,,,0,,,,,
𣅯,5,0,0,チュウ,,0,,,,,
𣅰,5,0,0,,,0,,,,,
𣅱,5,0,0,ジ,,0,,,,,
𣅲,5,0,0,ケツ,,0,,,,,
𣅳,5,0,0,ショク,かたむく,0,,,,,
𣅴,5,0,0,ジュウ,,0,,,,,
𣅵,5,0,0,,,0,,,,,
𣅶,5,0,0,,,0,,,,,
𣅷,5,0,0,ケイ キョウ,,0,,,,,
𣅸,5,0,0,ゲイ,,0,,,,,
𣅹,5,0,0,ベン,,0,,,,,
𣅺,5,0,0,ユウ ユ,,0,,,,,
𣅻,5,0,0,ケイ キョウ,,0,,,,,
𣅼,5,0,0,ソウ,,0,,,,,
𣅽,5,0,0,ホツ,,0,,,,,
𣅾,5,0,0,,,0,,,,,
𣅿,5,0,0,,,0,,,,,
𣆀,5,0,0,,,0,,,,,
𣆁,5,0,0,ショ ソ,あい みな みる,0,,,,,
𣆂,5,0,0,,,0,,,,,
𣆃,5,0,0,,,0,,,,,
𣆄,5,0,0,ヨウ,,0,,,,,
𣆅,5,0,0,,,0,,,,,
𣆆,5,0,0,,,0,,,,,
𣆇,5,0,0,ミツ,,0,,,,,
𣆈,5,0,0,カツ,,0,,,,,
𣆉,5,0,0,コウ,,0,,,,,
𣆊,5,0,0,シュン,,0,,,,,
𣆋,5,0,0,シン,,0,,,,,
𣆌,5,0,0,,,0,,,,,
𣆍,5,0,0,テイ,,0,,,,,
𣆎,5,0,0,,,0,,,,,
𣆏,5,0,0,,,0,,,,,
𣆐,5,0,0,,,0,,,,,
𣆑,5,0,0,サク シャク,,0,,,,,
𣆒,5,0,0,キツ コチ,,0,,,,,
𣆓,5,0,0,ジツ,,0,,,,,
𣆔,5,0,0,シュウ シュ,,0,,,,,
𣆕,5,0,0,ケン コ,,0,,,,,
𣆖,5,0,0,コウ ボウ モウ,,0,,,,,
𣆗,5,0,0,ソウ,,0,,,,,
𣆘,5,0,0,シ,,0,,,,,
𣆙,5,0,0,,,0,,,,,
𣆚,5,0,0,シ,,0,,,,,
𣆛,5,0,0,アン バン,,0,,,,,
𣆜,5,0,0,バイ,,0,,,,,
𣆝,5,0,0,ダン ナン,,0,,,,,
𣆞,5,0,0,ゼ,,0,,,,,
𣆟,5,0,0,,,0,,,,,
𣆠,5,0,0,キ,,0,,,,,
𣆡,5,0,0,,,0,,,,,
𣆢,5,0,0,,,0,,,,,
𣆣,5,0,0,,,0,,,,,
𣆤,5,0,0,,,0,,,,,
𣆥,5,0,0,ヒ,,0,,,,,
𣆦,5,0,0,,,0,,,,,
𣆧,5,0,0,コウ,,0,,,,,
𣆨,5,0,0,ソ,ねずみ,0,,,,,
𣆩,5,0,0,サク,,0,,,,,
𣆪,5,0,0,,,0,,,,,
𣆫,5,0,0,ショウ,,0,,,,,
𣆬,5,0,0,,,0,,,,,
𣆭,5,0,0,,,0,,,,,
𣆮,5,0,0,,,0,,,,,
𣆯,5,0,0,,,0,,,,,
𣆰,5,0,0,,,0,,,,,
𣆱,5,0,0,,,0,,,,,
𣆲,5,0,0,シン,,0,,,,,
𣆳,5,0,0,コウ キョウ,,0,,,,,
𣆴,5,0,0,セン,,0,,,,,
𣆵,5,0,0,,,0,,,,,
𣆶,5,4,0,バン,,0,,,,,
𣆷,5,0,0,チョウ,,0,,,,,
𣆸,5,0,0,カン,,0,,,,,
𣆹,5,0,0,ジョウ,,0,,,,,
𣆺,5,0,0,ショウ,,0,,,,,
𣆻,5,0,0,ボウ,すばる,0,,,,,
𣆼,5,0,0,トウ,,0,,,,,
𣆽,5,0,0,ショク,,0,,,,,
𣆾,5,0,0,コン,,0,,,,,
𣆿,5,0,0,カン,,0,,,,,
𣇀,5,0,0,ホ,,0,,,,,
𣇁,5,0,0,,,0,,,,,
𣇂,5,0,0,,,0,,,,,
𣇃,5,4,0,ショウ,つく,0,,,,,
𣇄,5,3,0,セツ セイ,あきらか,0,,,,,
𣇅,5,0,0,,,0,,,,,
𣇆,5,0,0,,,0,,,,,
𣇇,5,0,0,,,0,,,,,
𣇈,5,0,0,,,0,,,,,
𣇉,5,0,0,,,0,,,,,
𣇊,5,0,0,,,0,,,,,
𣇋,5,0,0,,,0,,,,,
𣇌,5,0,0,,,0,,,,,
𣇍,5,0,0,,,0,,,,,
𣇎,5,0,0,,,0,,,,,
𣇏,5,0,0,,,0,,,,,
𣇐,5,0,0,,,0,,,,,
𣇑,5,0,0,,,0,,,,,
𣇒,5,0,0,,,0,,,,,
𣇓,5,0,0,,,0,,,,,
𣇔,5,0,0,,,0,,,,,
𣇕,5,0,0,,,0,,,,,
𣇖,5,0,0,テン,,0,,,,,
𣇗,5,0,0,,,0,,,,,
𣇘,5,0,0,,,0,,,,,
𣇙,5,0,0,タン,,0,,,,,
𣇚,5,0,0,シュン,,0,,,,,
𣇛,5,0,0,,,0,,,,,
𣇜,5,0,0,,,0,,,,,
𣇝,5,0,0,,,0,,,,,
𣇞,5,0,0,,,0,,,,,
𣇟,5,0,0,,,0,,,,,
𣇠,5,0,0,,,0,,,,,
𣇡,5,0,0,,,0,,,,,
𣇢,5,0,0,ヘツ ヘチ,,0,,,,,
𣇣,5,0,0,,,0,,,,,
𣇤,5,0,0,コツ,,0,,,,,
𣇥,5,0,0,ケン,,0,,,,,
𣇦,5,0,0,チ ジ,,0,,,,,
𣇧,5,0,0,シャ,,0,,,,,
𣇨,5,0,0,タイ,,0,,,,,
𣇩,5,0,0,ア,,0,,,,,
𣇪,5,0,0,ヨウ,,0,,,,,
𣇫,5,0,0,ワ,,0,,,,,
𣇬,5,0,0,キュウ ク,,0,,,,,
𣇭,5,0,0,,,0,,,,,
𣇮,5,0,0,セキ,,0,,,,,
𣇯,5,0,0,ボウ,,0,,,,,
𣇰,5,0,0,リン,,0,,,,,
𣇱,5,0,0,メイ,,0,,,,,
𣇲,5,0,0,コン,,0,,,,,
𣇳,5,0,0,キ,,0,,,,,
𣇴,5,0,0,,,0,,,,,
𣇵,5,4,0,,さやけし,0,,,,,
𣇶,5,0,0,ボツ,,0,,,,,
𣇷,5,0,0,,,0,,,,,
𣇸,5,0,0,,,0,,,,,
𣇹,5,0,0,,,0,,,,,
𣇺,5,0,0,テン,,0,,,,,
𣇻,5,0,0,,,0,,,,,
𣇼,5,0,0,,,0,,,,,
𣇽,5,0,0,,,0,,,,,
𣇾,5,0,0,,,0,,,,,
𣇿,5,0,0,,,0,,,,,
𣈀,5,0,0,,,0,,,,,
𣈁,5,0,0,,,0,,,,,
𣈂,5,0,0,,,0,,,,,
𣈃,5,0,0,,,0,,,,,
𣈄,5,0,0,,,0,,,,,
𣈅,5,0,0,ソウ,,0,,,,,
𣈆,5,0,0,シン セン,,0,,,,,
𣈇,5,0,0,,,0,,,,,
𣈈,5,0,0,,,0,,,,,
𣈉,5,0,0,トク,,0,,,,,
𣈊,5,0,0,ボク,,0,,,,,
𣈋,5,0,0,,,0,,,,,
𣈌,5,0,0,,,0,,,,,
𣈍,5,0,0,ジョウ,,0,,,,,
𣈎,5,0,0,イ,,0,,,,,
𣈏,5,0,0,セキ,,0,,,,,
𣈐,5,0,0,,,0,,,,,
𣈑,5,0,0,,,0,,,,,
𣈒,5,0,0,,,0,,,,,
𣈓,5,0,0,,,0,,,,,
𣈔,5,0,0,,,0,,,,,
𣈕,5,0,0,,,0,,,,,
𣈖,5,0,0,,,0,,,,,
𣈗,5,0,0,,,0,,,,,
𣈘,5,0,0,,,0,,,,,
𣈙,5,0,0,,,0,,,,,
𣈚,5,0,0,,,0,,,,,
𣈛,5,0,0,,,0,,,,,
𣈜,5,0,0,,,0,,,,,
𣈝,5,0,0,,,0,,,,,
𣈞,5,0,0,,,0,,,,,
𣈟,5,0,0,ヨウ,,0,,,,,
𣈠,5,0,0,ヘン,,0,,,,,
𣈡,5,0,0,テイ ダイ,かせづえ,0,,,,,
𣈢,5,0,0,,,0,,,,,
𣈣,5,0,0,,,0,,,,,
𣈤,5,0,0,シュン,,0,,,,,
𣈥,5,0,0,ト ツ,,0,,,,,
𣈦,5,0,0,グ,,0,,,,,
𣈧,5,0,0,オウ,,0,,,,,
𣈨,5,0,0,カン,,0,,,,,
𣈩,5,0,0,シュウ,,0,,,,,
𣈪,5,0,0,ルイ,,0,,,,,
𣈫,5,0,0,,,0,,,,,
𣈬,5,0,0,,,0,,,,,
𣈭,5,0,0,,,0,,,,,
𣈮,5,0,0,,,0,,,,,
𣈯,5,0,0,,,0,,,,,
𣈰,5,0,0,,,0,,,,,
𣈱,5,0,0,,のぶ,0,,,,,
𣈲,5,0,0,,,0,,,,,
𣈳,5,0,0,,,0,,,,,
𣈴,5,0,0,,,0,,,,,
𣈵,5,0,0,,,0,,,,,
𣈶,5,0,0,ケン カン コウ,,0,,,,,
𣈷,5,0,0,,,0,,,,,
𣈸,5,0,0,,,0,,,,,
𣈹,5,0,0,,,0,,,,,
𣈺,5,0,0,,,0,,,,,
𣈻,5,0,0,,,0,,,,,
𣈼,5,0,0,,,0,,,,,
𣈽,5,0,0,,,0,,,,,
𣈾,5,0,0,,,0,,,,,
𣈿,5,0,0,,,0,,,,,
𣉀,5,0,0,,,0,,,,,
𣉁,5,0,0,,,0,,,,,
𣉂,5,0,0,,,0,,,,,
𣉃,5,0,0,,,0,,,,,
𣉄,5,0,0,,,0,,,,,
𣉅,5,0,0,,,0,,,,,
𣉆,5,0,0,テイ,,0,,,,,
𣉇,5,0,0,ソク,,0,,,,,
𣉈,5,0,0,コン,,0,,,,,
𣉉,5,0,0,,,0,,,,,
𣉊,5,0,0,ギョウ,,0,,,,,
𣉋,5,0,0,,,0,,,,,
𣉌,5,0,0,,,0,,,,,
𣉍,5,0,0,,,0,,,,,
𣉎,5,0,0,,,0,,,,,
𣉏,5,0,0,,,0,,,,,
𣉐,5,0,0,,,0,,,,,
𣉑,5,0,0,キュウ,,0,,,,,
𣉒,5,0,0,カク,,0,,,,,
𣉓,5,0,0,キュウ コウ,,0,,,,,
𣉔,5,0,0,ソウ,,0,,,,,
𣉕,5,0,0,ソウ,,0,,,,,
𣉖,5,0,0,ケン,,0,,,,,
𣉗,5,0,0,オウ,,0,,,,,
𣉘,5,0,0,ダイ ナイ ドク ノク,,0,,,,,
𣉙,5,0,0,カン,,0,,,,,
𣉚,5,0,0,ヨウ ショウ ゾウ,,0,,,,,
𣉛,5,0,0,ソ,,0,,,,,
𣉜,5,0,0,サツ,,0,,,,,
𣉝,5,0,0,,,0,,,,,
𣉞,5,0,0,,,0,,,,,
𣉟,5,0,0,,,0,,,,,
𣉠,5,0,0,,,0,,,,,
𣉡,5,0,0,テイ,,0,,,,,
𣉢,5,0,0,,,0,,,,,
𣉣,5,0,0,,,0,,,,,
𣉤,5,0,0,,,0,,,,,
𣉥,5,0,0,,,0,,,,,
𣉦,5,0,0,,,0,,,,,
𣉧,5,0,0,,,0,,,,,
𣉨,5,0,0,,,0,,,,,
𣉩,5,0,0,ア,,0,,,,,
𣉪,5,0,0,,,0,,,,,
𣉫,5,0,0,ヨウ,,0,,,,,
𣉬,5,0,0,ショウ,,0,,,,,
𣉭,5,0,0,モウ,,0,,,,,
𣉮,5,0,0,,,0,,,,,
𣉯,5,0,0,,,0,,,,,
𣉰,5,0,0,イ,,0,,,,,
𣉱,5,0,0,,,0,,,,,
𣉲,5,0,0,,,0,,,,,
𣉳,5,0,0,,,0,,,,,
𣉴,5,0,0,,,0,,,,,
𣉵,5,0,0,,,0,,,,,
𣉶,5,0,0,,,0,,,,,
𣉷,5,0,0,,,0,,,,,
𣉸,5,0,0,,,0,,,,,
𣉹,5,0,0,,,0,,,,,
𣉺,5,0,0,トウ,,0,,,,,
𣉻,5,0,0,チ,,0,,,,,
𣉼,5,0,0,アイ,,0,,,,,
𣉽,5,0,0,,,0,,,,,
𣉾,5,0,0,オウ,,0,,,,,
𣉿,5,0,0,ソウ ゾウ,,0,,,,,
𣊀,5,0,0,コウ,,0,,,,,
𣊁,5,0,0,ゴウ,,0,,,,,
𣊂,5,0,0,シュウ,,0,,,,,
𣊃,5,0,0,ム,,0,,,,,
𣊄,5,0,0,ケイ,,0,,,,,
𣊅,5,0,0,カツ,,0,,,,,
𣊆,5,0,0,,,0,,,,,
𣊇,5,0,0,,,0,,,,,
𣊈,5,0,0,,,0,,,,,
𣊉,5,0,0,,,0,,,,,
𣊊,5,0,0,,,0,,,,,
𣊋,5,0,0,,,0,,,,,
𣊌,5,0,0,,,0,,,,,
𣊍,5,0,0,,,0,,,,,
𣊎,5,0,0,,,0,,,,,
𣊏,5,0,0,,,0,,,,,
𣊐,5,0,0,,,0,,,,,
𣊑,5,0,0,,,0,,,,,
𣊒,5,0,0,シ,,0,,,,,
𣊓,5,0,0,,,0,,,,,
𣊔,5,0,0,,,0,,,,,
𣊕,5,0,0,ショウ,,0,,,,,
𣊖,5,0,0,チン,,0,,,,,
𣊗,5,0,0,,,0,,,,,
𣊘,5,0,0,,,0,,,,,
𣊙,5,0,0,ザン,,0,,,,,
𣊚,5,0,0,ヨウ,,0,,,,,
𣊛,5,0,0,ソウ,,0,,,,,
𣊜,5,0,0,,,0,,,,,
𣊝,5,0,0,ソウ,,0,,,,,
𣊞,5,0,0,クツ,,0,,,,,
𣊟,5,0,0,カン トン,,0,,,,,
𣊠,5,0,0,ヒョウ,,0,,,,,
𣊡,5,0,0,ケン キン,,0,,,,,
𣊢,5,0,0,,,0,,,,,
𣊣,5,0,0,セキ,,0,,,,,
𣊤,5,0,0,ノウ,,0,,,,,
𣊥,5,0,0,コウ,,0,,,,,
𣊦,5,0,0,セキ,,0,,,,,
𣊧,5,0,0,ロウ,,0,,,,,
𣊨,5,0,0,シュン,,0,,,,,
𣊩,5,0,0,,,0,,,,,
𣊪,5,0,0,,,0,,,,,
𣊫,5,0,0,,,0,,,,,
𣊬,5,0,0,,,0,,,,,
𣊭,5,0,0,,,0,,,,,
𣊮,5,0,0,,,0,,,,,
𣊯,5,0,0,,,0,,,,,
𣊰,5,0,0,,,0,,,,,
𣊱,5,0,0,,,0,,,,,
𣊲,5,0,0,,,0,,,,,
𣊳,5,0,0,,,0,,,,,
𣊴,5,0,0,ボウ,,0,,,,,
𣊵,5,0,0,ダン,,0,,,,,
𣊶,5,0,0,,,0,,,,,
𣊷,5,0,0,ショウ,,0,,,,,
𣊸,5,0,0,コツ,,0,,,,,
𣊹,5,0,0,,,0,,,,,
𣊺,5,0,0,,,0,,,,,
𣊻,5,0,0,,,0,,,,,
𣊼,5,0,0,,,0,,,,,
𣊽,5,0,0,ビン,,0,,,,,
𣊾,5,0,0,,,0,,,,,
𣊿,5,0,0,,,0,,,,,
𣋀,5,0,0,,,0,,,,,
𣋁,5,0,0,,,0,,,,,
𣋂,5,0,0,,,0,,,,,
𣋃,5,0,0,,,0,,,,,
𣋄,5,0,0,トン,,0,,,,,
𣋅,5,0,0,エン,,0,,,,,
𣋆,5,0,0,,,0,,,,,
𣋇,5,0,0,,,0,,,,,
𣋈,5,0,0,,,0,,,,,
𣋉,5,0,0,イク,,0,,,,,
𣋊,5,0,0,タン ダン,,0,,,,,
𣋋,5,0,0,ヨウ,,0,,,,,
𣋌,5,0,0,ヨウ,,0,,,,,
𣋍,5,0,0,ショウ,,0,,,,,
𣋎,5,0,0,,,0,,,,,
𣋏,5,0,0,バク,,0,,,,,
𣋐,5,0,0,チョ,,0,,,,,
𣋑,5,0,0,,,0,,,,,
𣋒,5,0,0,,,0,,,,,
𣋓,5,0,0,ヨウ,,0,,,,,
𣋔,5,0,0,,,0,,,,,
𣋕,5,0,0,,,0,,,,,
𣋖,5,0,0,,,0,,,,,
𣋗,5,0,0,カ,,0,,,,,
𣋘,5,0,0,カイ,,0,,,,,
𣋙,5,0,0,,,0,,,,,
𣋚,5,0,0,,,0,,,,,
𣋛,5,0,0,,,0,,,,,
𣋜,5,0,0,,,0,,,,,
𣋝,5,0,0,,,0,,,,,
𣋞,5,0,0,アイ,,0,,,,,
𣋟,5,0,0,バ マ,,0,,,,,
𣋠,5,0,0,,はれる,0,,,,,
𣋡,5,0,0,,,0,,,,,
𣋢,5,0,0,キョウ,,0,,,,,
𣋣,5,0,0,ラン,,0,,,,,
𣋤,5,0,0,,,0,,,,,
𣋥,5,0,0,コン,,0,,,,,
𣋦,5,0,0,,,0,,,,,
𣋧,5,0,0,,,0,,,,,
𣋨,5,0,0,,,0,,,,,
𣋩,5,0,0,,,0,,,,,
𣋪,5,0,0,,,0,,,,,
𣋫,5,0,0,,,0,,,,,
𣋬,5,0,0,トウ,,0,,,,,
𣋭,5,0,0,,,0,,,,,
𣋮,5,0,0,,,0,,,,,
𣋯,5,0,0,コン,,0,,,,,
𣋰,5,0,0,,,0,,,,,
𣋱,5,0,0,,,0,,,,,
𣋲,5,0,0,,,0,,,,,
𣋳,5,0,0,ボク,,0,,,,,
𣋴,5,0,0,ボク,,0,,,,,
𣋵,5,0,0,ハク,,0,,,,,
𣋶,5,0,0,キュウ ク,,0,,,,,
𣋷,5,0,0,コウ,,0,,,,,
𣋸,5,0,0,ダン,,0,,,,,
𣋹,5,0,0,ヒ,,0,,,,,
𣋺,5,0,0,,,0,,,,,
𣋻,5,0,0,,,0,,,,,
𣋼,5,0,0,,,0,,,,,
𣋽,5,0,0,,,0,,,,,
𣋾,5,0,0,,,0,,,,,
𣋿,5,0,0,ヨウ,,0,,,,,
𣌀,5,0,0,,,0,,,,,
𣌁,5,0,0,,,0,,,,,
𣌂,5,0,0,,,0,,,,,
𣌃,5,0,0,,,0,,,,,
𣌄,5,0,0,,,0,,,,,
𣌅,5,0,0,,,0,,,,,
𣌆,5,0,0,,,0,,,,,
𣌇,5,0,0,シン,,0,,,,,
𣌈,5,0,0,ハク,,0,,,,,
𣌉,5,0,0,,,0,,,,,
𣌊,5,0,0,,,0,,,,,
𣌋,5,0,0,,,0,,,,,
𣌌,5,0,0,,,0,,,,,
𣌍,5,0,0,ジョウ,,0,,,,,
𣌎,5,0,0,,,0,,,,,
𣌏,5,0,0,,,0,,,,,
𣌐,5,0,0,,,0,,,,,
𣌑,5,0,0,,,0,,,,,
𣌒,5,0,0,,,0,,,,,
𣌓,5,0,0,カン,,0,,,,,
𣌔,5,0,0,,,0,,,,,
𣌕,5,0,0,,,0,,,,,
𣌖,5,0,0,ダン,,0,,,,,
𣌗,5,0,0,ワク,,0,,,,,
𣌘,5,0,0,トン,,0,,,,,
𣌙,5,0,0,,,0,,,,,
𣌚,5,0,0,シュン,,0,,,,,
𣌛,5,0,0,,,0,,,,,
𣌜,5,0,0,レキ リャク,,0,,,,,
𣌝,5,0,0,,,0,,,,,
𣌞,5,0,0,チョウ,,0,,,,,
𣌟,5,0,0,レイ,,0,,,,,
𣌠,5,0,0,シュン,,0,,,,,
𣌡,5,0,0,,,0,,,,,
𣌢,5,0,0,,,0,,,,,
𣌣,5,0,0,リョウ,,0,,,,,
𣌤,5,0,0,,,0,,,,,
𣌥,5,0,0,,,0,,,,,
𣌦,5,0,0,ソウ,,0,,,,,
𣌧,5,0,0,サク シャク,,0,,,,,
𣌨,5,0,0,シュン,,0,,,,,
𣌩,5,0,0,リョウ,,0,,,,,
𣌪,5,0,0,,,0,,,,,
𣌫,5,0,0,,,0,,,,,
𣌬,5,0,0,キョ,,0,,,,,
𣌭,5,0,0,カイ,,0,,,,,
𣌮,5,0,0,,,0,,,,,
𣌯,5,0,0,,,0,,,,,
𣌰,5,0,0,,,0,,,,,
𣌱,5,0,0,,,0,,,,,
𣌲,5,0,0,,,0,,,,,
𣌳,5,0,0,,,0,,,,,
𣌴,5,0,0,,,0,,,,,
𣌵,5,0,0,,,0,,,,,
𣌶,5,0,0,,,0,,,,,
𣌷,5,0,0,,,0,,,,,
𣌸,5,0,0,,,0,,,,,
𣌹,5,0,0,,,0,,,,,
𣌺,5,0,0,,,0,,,,,
𣌻,5,0,0,,,0,,,,,
𣌼,5,0,0,ソウ,,0,,,,,
𣌽,5,0,0,キ,,0,,,,,
𣌾,5,0,0,トウ ツ,,0,,,,,
𣌿,5,0,0,,,0,,,,,
𣍀,5,0,0,,,0,,,,,
𣍁,5,0,0,,,0,,,,,
𣍂,5,0,0,,,0,,,,,
𣍃,5,0,0,イン,,0,,,,,
𣍄,5,0,0,イ,,0,,,,,
𣍅,5,0,0,,,0,,,,,
𣍆,5,0,0,ニョウ デイ ジ ニ,,0,,,,,
𣍇,5,0,0,シュウ,,0,,,,,
𣍈,5,0,0,ホウ,,0,,,,,
𣍉,5,0,0,,,0,,,,,
𣍊,5,0,0,,,0,,,,,
𣍋,5,0,0,,,0,,,,,
𣍌,5,0,0,,,0,,,,,
𣍍,5,0,0,,,0,,,,,
𣍎,5,0,0,,,0,,,,,
𣍏,5,0,0,タ,,0,,,,,
𣍐,5,0,0,,,0,,,,,
𣍑,5,0,0,バン,,0,,,,,
𣍒,5,0,0,,,0,,,,,
𣍓,5,0,0,ダ,,0,,,,,
𣍔,5,0,0,ケツ,,0,,,,,
𣍕,5,0,0,,,0,,,,,
𣍖,5,0,0,ソウ,,0,,,,,
𣍗,5,0,0,,,0,,,,,
𣍘,5,0,0,ソウ,ともがら,0,,,,,
𣍙,5,0,0,テン,,0,,,,,
𣍚,5,0,0,サイ,,0,,,,,
𣍛,5,0,0,ヨ,,0,,,,,
𣍜,5,0,0,コウ,,0,,,,,
𣍝,5,0,0,シュウ,,0,,,,,
𣍞,5,0,0,フク,,0,,,,,
𣍟,5,0,0,ワイ エ,,0,,,,,
𣍠,5,0,0,キ,,0,,,,,
𣍡,5,0,0,キ,,0,,,,,
𣍢,5,0,0,ボウ,,0,,,,,
𣍣,5,0,0,キ,,0,,,,,
𣍤,5,0,0,イン,,0,,,,,
𣍥,5,0,0,キツ キチ,,0,,,,,
𣍦,5,0,0,キョウ,,0,,,,,
𣍧,5,0,0,ヒ,,0,,,,,
𣍨,5,0,0,,,0,,,,,
𣍩,5,0,0,,,0,,,,,
𣍪,5,0,0,,,0,,,,,
𣍫,5,0,0,,,0,,,,,
𣍬,5,0,0,セン,,0,,,,,
𣍭,5,0,0,,,0,,,,,
𣍮,5,0,0,サク ソク,ついたち,0,,,,,
𣍯,5,0,0,,,0,,,,,
𣍰,5,0,0,,,0,,,,,
𣍱,5,0,0,,,0,,,,,
𣍲,5,4,0,,さおとめ そうとめ,0,,,,,
𣍳,5,0,0,,,0,,,,,
𣍴,5,0,0,セン,,0,,,,,
𣍵,5,0,0,ハン,,0,,,,,
𣍶,5,0,0,,,0,,,,,
𣍷,5,0,0,ロウ,,0,,,,,
𣍸,5,0,0,ハ,,0,,,,,
𣍹,5,0,0,チン,,0,,,,,
𣍺,5,0,0,ハイ,,0,,,,,
𣍻,5,0,0,,,0,,,,,
𣍼,5,0,0,,,0,,,,,
𣍽,5,0,0,,,0,,,,,
𣍾,5,0,0,,,0,,,,,
𣍿,5,0,0,,,0,,,,,
𣎀,5,0,0,,,0,,,,,
𣎁,5,0,0,,,0,,,,,
𣎂,5,0,0,,,0,,,,,
𣎃,5,0,0,,,0,,,,,
𣎄,5,0,0,コウ,,0,,,,,
𣎅,5,0,0,カン,,0,,,,,
𣎆,5,0,0,,,0,,,,,
𣎇,5,0,0,,,0,,,,,
𣎈,5,0,0,,,0,,,,,
𣎉,5,0,0,,,0,,,,,
𣎊,5,0,0,,,0,,,,,
𣎋,5,0,0,,,0,,,,,
𣎌,5,0,0,トウ,,0,,,,,
𣎍,5,0,0,チョウ,,0,,,,,
𣎎,5,0,0,リョウ,,0,,,,,
𣎏,5,0,0,,,0,,,,,
𣎐,5,0,0,,,0,,,,,
𣎑,5,0,0,,,0,,,,,
𣎒,5,0,0,ショウ,あぜ,0,,,,,
𣎓,5,0,0,セン ゼン,,0,,,,,
𣎔,5,0,0,デン ネン,,0,,,,,
𣎕,5,0,0,,,0,,,,,
𣎖,5,0,0,,,0,,,,,
𣎗,5,0,0,,,0,,,,,
𣎘,5,0,0,,,0,,,,,
𣎙,5,0,0,,,0,,,,,
𣎚,5,0,0,コツ ゴチ,,0,,,,,
𣎛,5,0,0,キツ キチ,,0,,,,,
𣎜,5,0,0,ショウ,,0,,,,,
𣎝,5,0,0,,,0,,,,,
𣎞,5,0,0,,,0,,,,,
𣎟,5,0,0,ジン,,0,,,,,
𣎠,5,0,0,,,0,,,,,
𣎡,5,0,0,,,0,,,,,
𣎢,5,0,0,,,0,,,,,
𣎣,5,0,0,キョウ,,0,,,,,
𣎤,5,0,0,ハン,,0,,,,,
𣎥,5,0,0,,,0,,,,,
𣎦,5,0,0,,,0,,,,,
𣎧,5,0,0,,,0,,,,,
𣎨,5,0,0,,,0,,,,,
𣎩,5,0,0,ヨウ,,0,,,,,
𣎪,5,0,0,,,0,,,,,
𣎫,5,0,0,,,0,,,,,
𣎬,5,0,0,,,0,,,,,
𣎭,5,0,0,ノウ,,0,,,,,
𣎮,5,0,0,,,0,,,,,
𣎯,5,0,0,,,0,,,,,
𣎰,5,0,0,,,0,,,,,
𣎱,5,0,0,ヤク,,0,,,,,
𣎲,5,0,0,トウ,,0,,,,,
𣎳,5,0,0,ヒン ハイ ヘ,,0,,,,,
𣎴,5,0,0,カツ ガチ,,0,,,,,
𣎵,5,0,0,ハツ ハチ ハイ ヘ,,0,,,,,
𣎶,5,0,0,,,0,,,,,
𣎷,5,0,0,,,0,,,,,
𣎸,5,0,0,リョウ,,0,,,,,
𣎹,5,0,0,キュウ,,0,,,,,
𣎺,5,0,0,カン,,0,,,,,
𣎻,5,0,0,,,0,,,,,
𣎼,5,0,0,ホ,,0,,,,,
𣎽,5,0,0,,,0,,,,,
𣎾,5,0,0,ダ,,0,,,,,
𣎿,5,0,0,ダ,,0,,,,,
𣏀,5,0,0,エイ,,0,,,,,
𣏁,5,0,0,バイ,,0,,,,,
𣏂,5,0,0,サツ,,0,,,,,
𣏃,5,0,0,シ,,0,,,,,
𣏄,5,0,0,コン,,0,,,,,
𣏅,5,0,0,,,0,,,,,
𣏆,5,0,0,,,0,,,,,
𣏇,5,0,0,,,0,,,,,
𣏈,5,0,0,,,0,,,,,
𣏉,5,0,0,,,0,,,,,
𣏊,5,0,0,,,0,,,,,
𣏋,5,0,0,ヨウ,,0,,,,,
𣏌,5,0,0,キ コ,すき,0,,,,,
𣏍,5,0,0,,,0,,,,,
𣏎,5,0,0,,,0,,,,,
𣏏,5,0,0,,,0,,,,,
𣏐,5,4,0,シャク,,0,,,,,
𣏑,5,0,0,ショウ,,0,,,,,
𣏒,5,4,0,,くるみ,0,,,,,
𣏓,5,4,0,オ,こて,0,,,,,
𣏔,5,0,0,コン,,0,,,,,
𣏕,5,4,0,ハイ ビ ミ バイ,,0,,,,,
𣏖,5,0,0,チン ジン,,0,,,,,
𣏗,5,0,0,チョ ショ,,0,,,,,
𣏘,5,0,0,フ,,0,,,,,
𣏙,5,0,0,カイ コツ,,0,,,,,
𣏚,5,4,0,シ ジ,,0,,,,,
𣏛,5,0,0,コ,,0,,,,,
𣏜,5,0,0,メン,,0,,,,,
𣏝,5,0,0,チン,まくら,0,,,,,
𣏞,5,0,0,ユウ ウ,,0,,,,,
𣏟,5,4,0,ハイ ヘ,あさ,0,,,,,
𣏠,5,0,0,コウ ギョウ,,0,,,,,
𣏡,5,0,0,ショク ソキ,,0,,,,,
𣏢,5,0,0,,,0,,,,,
𣏣,5,0,0,,,0,,,,,
𣏤,5,4,0,,と,0,,,,,
𣏥,5,0,0,,,0,,,,,
𣏦,5,0,0,,,0,,,,,
𣏧,5,0,0,,むくのき,0,,,,,
𣏨,5,0,0,,,0,,,,,
𣏩,5,0,0,,,0,,,,,
𣏪,5,0,0,,,0,,,,,
𣏫,5,0,0,,,0,,,,,
𣏬,5,0,0,,,0,,,,,
𣏭,5,0,0,,,0,,,,,
𣏮,5,0,0,,,0,,,,,
𣏯,5,0,0,,,0,,,,,
𣏰,5,0,0,,,0,,,,,
𣏱,5,0,0,,,0,,,,,
𣏲,5,0,0,ヘイ,,0,,,,,
𣏳,5,0,0,ゴ,,0,,,,,
𣏴,5,0,0,,,0,,,,,
𣏵,5,0,0,,,0,,,,,
𣏶,5,0,0,シツ,,0,,,,,
𣏷,5,0,0,,,0,,,,,
𣏸,5,0,0,,,0,,,,,
𣏹,5,0,0,サイ,,0,,,,,
𣏺,5,0,0,コウ,,0,,,,,
𣏻,5,0,0,ダ,,0,,,,,
𣏼,5,0,0,,,0,,,,,
𣏽,5,0,0,マイ,,0,,,,,
𣏾,5,0,0,ザイ,,0,,,,,
𣏿,5,0,0,,,0,,,,,
𣐀,5,0,0,,,0,,,,,
𣐁,5,0,0,シ,,0,,,,,
𣐂,5,0,0,,,0,,,,,
𣐃,5,0,0,チ,,0,,,,,
𣐄,5,0,0,,,0,,,,,
𣐅,5,0,0,,,0,,,,,
𣐆,5,0,0,,,0,,,,,
𣐇,5,0,0,ライ,,0,,,,,
𣐈,5,0,0,シ,,0,,,,,
𣐉,5,0,0,チ,,0,,,,,
𣐊,5,0,0,コウ キョク コク,,0,,,,,
𣐋,5,0,0,エツ オチ,,0,,,,,
𣐌,5,0,0,ソ,,0,,,,,
𣐍,5,0,0,ケツ ガチ,,0,,,,,
𣐎,5,0,0,ガ ゲ,,0,,,,,
𣐏,5,0,0,ダン ナン,,0,,,,,
𣐐,5,0,0,ビ,,0,,,,,
𣐑,5,0,0,シ セイ サイ,,0,,,,,
𣐒,5,0,0,ケイ,,0,,,,,
𣐓,5,0,0,イ,,0,,,,,
𣐔,5,0,0,,,0,,,,,
𣐕,5,0,0,,,0,,,,,
𣐖,5,0,0,,,0,,,,,
𣐗,5,0,0,,,0,,,,,
𣐘,5,0,0,,,0,,,,,
𣐙,5,0,0,,,0,,,,,
𣐚,5,0,0,,,0,,,,,
𣐛,5,0,0,,,0,,,,,
𣐜,5,0,0,,,0,,,,,
𣐝,5,0,0,,,0,,,,,
𣐞,5,0,0,,,0,,,,,
𣐟,5,0,0,,,0,,,,,
𣐠,5,0,0,,,0,,,,,
𣐡,5,0,0,,,0,,,,,
𣐢,5,0,0,,,0,,,,,
𣐣,5,0,0,,,0,,,,,
𣐤,5,0,0,,,0,,,,,
𣐥,5,0,0,,,0,,,,,
𣐦,5,0,0,,,0,,,,,
𣐧,5,0,0,,,0,,,,,
𣐨,5,0,0,,,0,,,,,
𣐩,5,0,0,,しらき,0,,,,,
𣐪,5,0,0,,,0,,,,,
𣐫,5,0,0,ヨウ,,0,,,,,
𣐬,5,0,0,リ,,0,,,,,
𣐭,5,0,0,カ,,0,,,,,
𣐮,5,0,0,ガイ,,0,,,,,
𣐯,5,0,0,シュウ,,0,,,,,
𣐰,5,0,0,コ,,0,,,,,
𣐱,5,0,0,,,0,,,,,
𣐲,5,0,0,,,0,,,,,
𣐳,5,0,0,,,0,,,,,
𣐴,5,0,0,,,0,,,,,
𣐵,5,0,0,イ,,0,,,,,
𣐶,5,0,0,カイ,,0,,,,,
𣐷,5,0,0,カイ ケ カ,,0,,,,,
𣐸,5,0,0,テン,,0,,,,,
𣐹,5,0,0,ショウ,,0,,,,,
𣐺,5,0,0,カン コン ゴン,,0,,,,,
𣐻,5,0,0,カン ゲン,,0,,,,,
𣐼,5,0,0,,,0,,,,,
𣐽,5,0,0,シン,,0,,,,,
𣐾,5,0,0,コウ,,0,,,,,
𣐿,5,0,0,イ エ,,0,,,,,
𣑀,5,0,0,オ,,0,,,,,
𣑁,5,0,0,シュウ シュ,,0,,,,,
𣑂,5,0,0,コ ク,,0,,,,,
𣑃,5,0,0,タ テ,,0,,,,,
𣑄,5,0,0,カン,,0,,,,,
𣑅,5,0,0,,,0,,,,,
𣑆,5,0,0,,,0,,,,,
𣑇,5,0,0,,,0,,,,,
𣑈,5,0,0,,,0,,,,,
𣑉,5,0,0,,,0,,,,,
𣑊,5,4,0,,やまぶき,0,,,,,
𣑋,5,4,0,,ついくし,0,,,,,
𣑌,5,0,0,,,0,,,,,
𣑍,5,0,0,,,0,,,,,
𣑎,5,0,0,,,0,,,,,
𣑏,5,0,0,,,0,,,,,
𣑐,5,0,0,,,0,,,,,
𣑑,5,4,0,,する,0,,,,,
𣑒,5,0,0,,,0,,,,,
𣑓,5,0,0,,,0,,,,,
𣑔,5,0,0,,,0,,,,,
𣑕,5,0,0,,,0,,,,,
𣑖,5,0,0,,,0,,,,,
𣑗,5,0,0,,,0,,,,,
𣑘,5,0,0,,,0,,,,,
𣑙,5,0,0,,,0,,,,,
𣑚,5,0,0,,,0,,,,,
𣑛,5,0,0,,,0,,,,,
𣑜,5,0,0,,,0,,,,,
𣑝,5,0,0,,,0,,,,,
𣑞,5,0,0,,,0,,,,,
𣑟,5,0,0,,,0,,,,,
𣑠,5,0,0,,,0,,,,,
𣑡,5,0,0,,,0,,,,,
𣑢,5,0,0,,,0,,,,,
𣑣,5,0,0,,,0,,,,,
𣑤,5,0,0,,,0,,,,,
𣑥,5,4,0,コウ,たえ たく,0,,,,,
𣑦,5,0,0,,,0,,,,,
𣑧,5,0,0,タ,,0,,,,,
𣑨,5,0,0,ブ,,0,,,,,
𣑩,5,0,0,,,0,,,,,
𣑪,5,0,0,セン,,0,,,,,
𣑫,5,0,0,,,0,,,,,
𣑬,5,0,0,,,0,,,,,
𣑭,5,0,0,サン,,0,,,,,
𣑮,5,0,0,,,0,,,,,
𣑯,5,0,0,トウ チョウ ショ,もも,0,,,,,
𣑰,5,0,0,シツ シチ,うるし,0,,,,,
𣑱,5,0,0,セン,そめる,0,,,,,
𣑲,5,0,0,,,0,,,,,
𣑳,5,0,0,,,0,,,,,
𣑴,5,0,0,,,0,,,,,
𣑵,5,0,0,,つばき,0,,,,,
𣑶,5,0,0,,,0,,,,,
𣑷,5,0,0,,,0,,,,,
𣑸,5,0,0,トウ,,0,,,,,
𣑹,5,0,0,ケン,,0,,,,,
𣑺,5,0,0,,たぶ,0,,,,,
𣑻,5,0,0,,,0,,,,,
𣑼,5,0,0,,,0,,,,,
𣑽,5,0,0,,,0,,,,,
𣑾,5,0,0,ギャク,,0,,,,,
𣑿,5,0,0,フウ,,0,,,,,
𣒀,5,0,0,セン,,0,,,,,
𣒁,5,0,0,チン,,0,,,,,
𣒂,5,0,0,テン デン,,0,,,,,
𣒃,5,0,0,ケキ ギャク エキ ヤク カク カイ ケ,,0,,,,,
𣒄,5,0,0,シャ,,0,,,,,
𣒅,5,0,0,チン ジン,,0,,,,,
𣒆,5,0,0,カク,,0,,,,,
𣒇,5,0,0,トク,,0,,,,,
𣒈,5,0,0,キョウ ゴウ オウ,,0,,,,,
𣒉,5,0,0,カイ,,0,,,,,
𣒊,5,0,0,,,0,,,,,
𣒋,5,0,0,,,0,,,,,
𣒌,5,0,0,,,0,,,,,
𣒍,5,0,0,,,0,,,,,
𣒎,5,0,0,,,0,,,,,
𣒏,5,0,0,,,0,,,,,
𣒐,5,0,0,,,0,,,,,
𣒑,5,0,0,,,0,,,,,
𣒒,5,0,0,,,0,,,,,
𣒓,5,0,0,,,0,,,,,
𣒔,5,0,0,,,0,,,,,
𣒕,5,0,0,,,0,,,,,
𣒖,5,0,0,,,0,,,,,
𣒗,5,0,0,,,0,,,,,
𣒘,5,0,0,,,0,,,,,
𣒙,5,0,0,,,0,,,,,
𣒚,5,0,0,,,0,,,,,
𣒛,5,0,0,,,0,,,,,
𣒜,5,0,0,,,0,,,,,
𣒝,5,0,0,,,0,,,,,
𣒞,5,0,0,,,0,,,,,
𣒟,5,0,0,,,0,,,,,
𣒠,5,0,0,,,0,,,,,
𣒡,5,0,0,,,0,,,,,
𣒢,5,0,0,,,0,,,,,
𣒣,5,0,0,,,0,,,,,
𣒤,5,0,0,,,0,,,,,
𣒥,5,0,0,,,0,,,,,
𣒦,5,0,0,,,0,,,,,
𣒧,5,0,0,,,0,,,,,
𣒨,5,0,0,コン,,0,,,,,
𣒩,5,0,0,トウ,,0,,,,,
𣒪,5,0,0,コツ,,0,,,,,
𣒫,5,0,0,バイ,,0,,,,,
𣒬,5,0,0,シツ,,0,,,,,
𣒭,5,0,0,サイ,,0,,,,,
𣒮,5,0,0,,,0,,,,,
𣒯,5,0,0,カン,,0,,,,,
𣒰,5,0,0,セン,,0,,,,,
𣒱,5,0,0,,,0,,,,,
𣒲,5,0,0,,,0,,,,,
𣒳,5,0,0,,,0,,,,,
𣒴,5,0,0,,,0,,,,,
𣒵,5,0,0,,,0,,,,,
𣒶,5,0,0,リ,,0,,,,,
𣒷,5,0,0,カン ゴン,,0,,,,,
𣒸,5,0,0,キョウ,,0,,,,,
𣒹,5,0,0,サ,,0,,,,,
𣒺,5,0,0,チ,,0,,,,,
𣒻,5,0,0,シュウ ジュ,,0,,,,,
𣒼,5,0,0,ジョウ,,0,,,,,
𣒽,5,0,0,,,0,,,,,
𣒾,5,0,0,,,0,,,,,
𣒿,5,0,0,,,0,,,,,
𣓀,5,0,0,シン セン,,0,,,,,
𣓁,5,0,0,カン,,0,,,,,
𣓂,5,0,0,ビ,,0,,,,,
𣓃,5,0,0,ダイ ネ,,0,,,,,
𣓄,5,0,0,,,0,,,,,
𣓅,5,0,0,カン ケン,,0,,,,,
𣓆,5,0,0,イン,,0,,,,,
𣓇,5,0,0,,,0,,,,,
𣓈,5,0,0,リョウ,,0,,,,,
𣓉,5,0,0,ソウ ショウ ジョウ,,0,,,,,
𣓊,5,0,0,シ,,0,,,,,
𣓋,5,0,0,ヒ,,0,,,,,
𣓌,5,0,0,コウ ゴウ キュウ グ キク コク,,0,,,,,
𣓍,5,0,0,ボウ,,0,,,,,
𣓎,5,0,0,ヨウ,,0,,,,,
𣓏,5,0,0,キン コン,,0,,,,,
𣓐,5,0,0,ヘイ,,0,,,,,
𣓑,5,0,0,イ,,0,,,,,
𣓒,5,0,0,サン,,0,,,,,
𣓓,5,0,0,シュン,,0,,,,,
𣓔,5,0,0,ベイ メイ,,0,,,,,
𣓕,5,0,0,オウ オ シュウ ジュ,,0,,,,,
𣓖,5,0,0,ケン,,0,,,,,
𣓗,5,0,0,コツ コチ,,0,,,,,
𣓘,5,0,0,カク,,0,,,,,
𣓙,5,0,0,ショウ,,0,,,,,
𣓚,5,0,0,,,0,,,,,
𣓛,5,0,0,ユ ユウ,,0,,,,,
𣓜,5,0,0,ソ,,0,,,,,
𣓝,5,0,0,ボウ モウ,,0,,,,,
𣓞,5,0,0,サク,,0,,,,,
𣓟,5,0,0,チョク,,0,,,,,
𣓠,5,0,0,リュウ,,0,,,,,
𣓡,5,0,0,コウ,,0,,,,,
𣓢,5,0,0,,,0,,,,,
𣓣,5,0,0,,,0,,,,,
𣓤,5,4,0,ドウ ギョウ トウ,かじ たわむ たわめる,0,,,,,
𣓥,5,0,0,,,0,,,,,
𣓦,5,0,0,,,0,,,,,
𣓧,5,0,0,テン,,0,,,,,
𣓨,5,0,0,,,0,,,,,
𣓩,5,0,0,ホン,,0,,,,,
𣓪,5,0,0,キ,,0,,,,,
𣓫,5,0,0,,,0,,,,,
𣓬,5,0,0,,,0,,,,,
𣓭,5,0,0,,,0,,,,,
𣓮,5,0,0,,,0,,,,,
𣓯,5,0,0,,,0,,,,,
𣓰,5,0,0,,,0,,,,,
𣓱,5,0,0,,,0,,,,,
𣓲,5,0,0,,,0,,,,,
𣓳,5,0,0,,,0,,,,,
𣓴,5,0,0,,,0,,,,,
𣓵,5,0,0,,,0,,,,,
𣓶,5,0,0,,,0,,,,,
𣓷,5,0,0,,,0,,,,,
𣓸,5,0,0,,,0,,,,,
𣓹,5,0,0,,,0,,,,,
𣓺,5,0,0,,,0,,,,,
𣓻,5,0,0,,,0,,,,,
𣓼,5,0,0,,,0,,,,,
𣓽,5,0,0,,,0,,,,,
𣓾,5,0,0,,,0,,,,,
𣓿,5,0,0,,,0,,,,,
𣔀,5,0,0,,,0,,,,,
𣔁,5,0,0,,,0,,,,,
𣔂,5,0,0,,,0,,,,,
𣔃,5,0,0,,,0,,,,,
𣔄,5,0,0,,,0,,,,,
𣔅,5,0,0,,,0,,,,,
𣔆,5,0,0,,,0,,,,,
𣔇,5,0,0,,,0,,,,,
𣔈,5,0,0,,,0,,,,,
𣔉,5,0,0,,,0,,,,,
𣔊,5,0,0,,,0,,,,,
𣔋,5,0,0,,きくぎ,0,,,,,
𣔌,5,0,0,,,0,,,,,
𣔍,5,0,0,,,0,,,,,
𣔎,5,0,0,ナン,,0,,,,,
𣔏,5,0,0,ゲツ,,0,,,,,
𣔐,5,0,0,,,0,,,,,
𣔑,5,0,0,キク,,0,,,,,
𣔒,5,0,0,サク,,0,,,,,
𣔓,5,0,0,ヒ,,0,,,,,
𣔔,5,0,0,キ,,0,,,,,
𣔕,5,0,0,ショウ,,0,,,,,
𣔖,5,0,0,シュウ,,0,,,,,
𣔗,5,0,0,,,0,,,,,
𣔘,5,0,0,,,0,,,,,
𣔙,5,0,0,,,0,,,,,
𣔚,5,0,0,,,0,,,,,
𣔛,5,0,0,,,0,,,,,
𣔜,5,0,0,,,0,,,,,
𣔝,5,0,0,,,0,,,,,
𣔞,5,0,0,,,0,,,,,
𣔟,5,0,0,,,0,,,,,
𣔠,5,0,0,,,0,,,,,
𣔡,5,0,0,,,0,,,,,
𣔢,5,0,0,,,0,,,,,
𣔣,5,0,0,,,0,,,,,
𣔤,5,0,0,,,0,,,,,
𣔥,5,0,0,,,0,,,,,
𣔦,5,0,0,,,0,,,,,
𣔧,5,0,0,,,0,,,,,
𣔨,5,0,0,,,0,,,,,
𣔩,5,0,0,,,0,,,,,
𣔪,5,0,0,,,0,,,,,
𣔫,5,0,0,サン,,0,,,,,
𣔬,5,0,0,ヒ,,0,,,,,
𣔭,5,0,0,クツ グツ,,0,,,,,
𣔮,5,0,0,サイ,,0,,,,,
𣔯,5,0,0,ウ,,0,,,,,
𣔰,5,0,0,,,0,,,,,
𣔱,5,0,0,ソウ ショウ シュ,,0,,,,,
𣔲,5,0,0,ケイ ギョウ,,0,,,,,
𣔳,5,0,0,タク,,0,,,,,
𣔴,5,0,0,,,0,,,,,
𣔵,5,0,0,タク サン ザン,,0,,,,,
𣔶,5,0,0,ハン,,0,,,,,
𣔷,5,0,0,コウ ギョウ チン,,0,,,,,
𣔸,5,0,0,イン,,0,,,,,
𣔹,5,0,0,コウ ゴ,,0,,,,,
𣔺,5,0,0,モク モウ ボウ ボク,とかみ,0,,,,,
𣔻,5,0,0,トツ ドチ セン ゼン,,0,,,,,
𣔼,5,0,0,カン,,0,,,,,
𣔽,5,0,0,キ,,0,,,,,
𣔾,5,0,0,スイ ズイ,,0,,,,,
𣔿,5,0,0,カン ガン,,0,,,,,
𣕀,5,0,0,ケツ,,0,,,,,
𣕁,5,0,0,エイ ゲイ,,0,,,,,
𣕂,5,0,0,トウ,,0,,,,,
𣕃,5,0,0,グ,,0,,,,,
𣕄,5,0,0,ケイ キョウ,,0,,,,,
𣕅,5,0,0,ホウ ビョウ,,0,,,,,
𣕆,5,0,0,ケイ,,0,,,,,
𣕇,5,0,0,ソウ ショウ,,0,,,,,
𣕈,5,0,0,サ,,0,,,,,
𣕉,5,0,0,コウ,,0,,,,,
𣕊,5,0,0,テン,,0,,,,,
𣕋,5,0,0,セツ セチ,,0,,,,,
𣕌,5,0,0,コウ ク,,0,,,,,
𣕍,5,0,0,シュン,,0,,,,,
𣕎,5,0,0,ケン,,0,,,,,
𣕏,5,0,0,,,0,,,,,
𣕐,5,0,0,ソウ,,0,,,,,
𣕑,5,0,0,ソ,,0,,,,,
𣕒,5,0,0,ジュ,,0,,,,,
𣕓,5,0,0,シ,,0,,,,,
𣕔,5,0,0,,,0,,,,,
𣕕,5,0,0,,,0,,,,,
𣕖,5,0,0,,,0,,,,,
𣕗,5,0,0,,,0,,,,,
𣕘,5,0,0,,,0,,,,,
𣕙,5,0,0,,,0,,,,,
𣕚,5,4,0,,もて,0,,,,,
𣕛,5,0,0,,,0,,,,,
𣕜,5,0,0,,,0,,,,,
𣕝,5,0,0,,,0,,,,,
𣕞,5,0,0,,,0,,,,,
𣕟,5,0,0,,,0,,,,,
𣕠,5,0,0,,,0,,,,,
𣕡,5,0,0,,,0,,,,,
𣕢,5,0,0,,,0,,,,,
𣕣,5,0,0,,,0,,,,,
𣕤,5,0,0,,,0,,,,,
𣕥,5,0,0,,,0,,,,,
𣕦,5,0,0,,,0,,,,,
𣕧,5,0,0,,,0,,,,,
𣕨,5,0,0,,,0,,,,,
𣕩,5,0,0,,,0,,,,,
𣕪,5,0,0,,,0,,,,,
𣕫,5,0,0,,,0,,,,,
𣕬,5,0,0,,,0,,,,,
𣕭,5,0,0,,,0,,,,,
𣕮,5,0,0,,,0,,,,,
𣕯,5,0,0,,,0,,,,,
𣕰,5,0,0,,,0,,,,,
𣕱,5,0,0,,,0,,,,,
𣕲,5,0,0,コウ,わたる,0,,,,,
𣕳,5,0,0,,,0,,,,,
𣕴,5,0,0,,,0,,,,,
𣕵,5,0,0,,,0,,,,,
𣕶,5,0,0,,,0,,,,,
𣕷,5,0,0,,,0,,,,,
𣕸,5,0,0,,,0,,,,,
𣕹,5,0,0,,,0,,,,,
𣕺,5,0,0,,,0,,,,,
𣕻,5,0,0,,,0,,,,,
𣕼,5,0,0,,,0,,,,,
𣕽,5,0,0,オウ,,0,,,,,
𣕾,5,0,0,ヒ,,0,,,,,
𣕿,5,0,0,ソウ,,0,,,,,
𣖀,5,0,0,コウ,,0,,,,,
𣖁,5,0,0,コウ,,0,,,,,
𣖂,5,0,0,ゲツ,,0,,,,,
𣖃,5,0,0,タ,,0,,,,,
𣖄,5,0,0,,,0,,,,,
𣖅,5,0,0,,,0,,,,,
𣖆,5,0,0,,,0,,,,,
𣖇,5,0,0,チョク,,0,,,,,
𣖈,5,0,0,,,0,,,,,
𣖉,5,0,0,サン,,0,,,,,
𣖊,5,0,0,レツ,,0,,,,,
𣖋,5,0,0,,,0,,,,,
𣖌,5,0,0,,,0,,,,,
𣖍,5,0,0,,,0,,,,,
𣖎,5,0,0,,,0,,,,,
𣖏,5,0,0,,,0,,,,,
𣖐,5,0,0,,,0,,,,,
𣖑,5,0,0,,,0,,,,,
𣖒,5,0,0,,,0,,,,,
𣖓,5,0,0,,,0,,,,,
𣖔,5,4,0,ホウ,,0,,,,,
𣖕,5,0,0,,,0,,,,,
𣖖,5,0,0,,,0,,,,,
𣖗,5,0,0,,,0,,,,,
𣖘,5,0,0,,,0,,,,,
𣖙,5,0,0,,,0,,,,,
𣖚,5,0,0,,,0,,,,,
𣖛,5,0,0,,,0,,,,,
𣖜,5,0,0,,,0,,,,,
𣖝,5,0,0,,,0,,,,,
𣖞,5,0,0,,,0,,,,,
𣖟,5,0,0,,,0,,,,,
𣖠,5,0,0,,,0,,,,,
𣖡,5,0,0,,,0,,,,,
𣖢,5,0,0,,,0,,,,,
𣖣,5,0,0,キク,,0,,,,,
𣖤,5,0,0,ライ,,0,,,,,
𣖥,5,0,0,コ,,0,,,,,
𣖦,5,0,0,,,0,,,,,
𣖧,5,0,0,,,0,,,,,
𣖨,5,0,0,シ,,0,,,,,
𣖩,5,0,0,,,0,,,,,
𣖪,5,0,0,キョ ゴ,,0,,,,,
𣖫,5,0,0,カク コク,,0,,,,,
𣖬,5,0,0,ケツ ガチ,,0,,,,,
𣖭,5,0,0,チュウ ジュウ,,0,,,,,
𣖮,5,0,0,オウ,,0,,,,,
𣖯,5,0,0,,,0,,,,,
𣖰,5,0,0,ヒ ビ,,0,,,,,
𣖱,5,0,0,サイ セ,,0,,,,,
𣖲,5,0,0,シ,,0,,,,,
𣖳,5,0,0,,,0,,,,,
𣖴,5,0,0,チョク,,0,,,,,
𣖵,5,0,0,サ ザ,,0,,,,,
𣖶,5,0,0,ボク,,0,,,,,
𣖷,5,0,0,セキ シャク,,0,,,,,
𣖸,5,0,0,テイ ダイ,,0,,,,,
𣖹,5,0,0,ジョ ニョ,,0,,,,,
𣖺,5,0,0,リョ,,0,,,,,
𣖻,5,0,0,カイ,,0,,,,,
𣖼,5,0,0,シュン ジュン,,0,,,,,
𣖽,5,0,0,シン,,0,,,,,
𣖾,5,0,0,ヒ ビ,,0,,,,,
𣖿,5,0,0,トク ドク,,0,,,,,
𣗀,5,0,0,,,0,,,,,
𣗁,5,0,0,トン ドン,,0,,,,,
𣗂,5,0,0,ソ,,0,,,,,
𣗃,5,0,0,ツイ,,0,,,,,
𣗄,5,3,0,,たらのき,0,,,,,
𣗅,5,0,0,,,0,,,,,
𣗆,5,0,0,,,0,,,,,
𣗇,5,0,0,,,0,,,,,
𣗈,5,0,0,,,0,,,,,
𣗉,5,0,0,,,0,,,,,
𣗊,5,0,0,,,0,,,,,
𣗋,5,0,0,,,0,,,,,
𣗌,5,0,0,,,0,,,,,
𣗍,5,0,0,,,0,,,,,
𣗎,5,0,0,,,0,,,,,
𣗏,5,0,0,,,0,,,,,
𣗐,5,0,0,エイ,,0,,,,,
𣗑,5,0,0,,,0,,,,,
𣗒,5,0,0,,,0,,,,,
𣗓,5,0,0,,,0,,,,,
𣗔,5,0,0,,,0,,,,,
𣗕,5,0,0,,,0,,,,,
𣗖,5,0,0,,,0,,,,,
𣗗,5,0,0,,,0,,,,,
𣗘,5,0,0,,,0,,,,,
𣗙,5,0,0,,,0,,,,,
𣗚,5,0,0,,,0,,,,,
𣗛,5,0,0,,,0,,,,,
𣗜,5,0,0,,,0,,,,,
𣗝,5,0,0,,,0,,,,,
𣗞,5,0,0,,,0,,,,,
𣗟,5,0,0,,,0,,,,,
𣗠,5,0,0,,,0,,,,,
𣗡,5,0,0,,,0,,,,,
𣗢,5,0,0,,,0,,,,,
𣗣,5,0,0,,,0,,,,,
𣗤,5,0,0,,,0,,,,,
𣗥,5,0,0,キョク コキ,いばら とげ,0,,,,,
𣗦,5,0,0,,,0,,,,,
𣗧,5,0,0,,,0,,,,,
𣗨,5,0,0,,,0,,,,,
𣗩,5,0,0,,,0,,,,,
𣗪,5,0,0,,,0,,,,,
𣗫,5,0,0,,,0,,,,,
𣗬,5,0,0,,,0,,,,,
𣗭,5,0,0,,,0,,,,,
𣗮,5,0,0,,,0,,,,,
𣗯,5,0,0,,,0,,,,,
𣗰,5,0,0,,,0,,,,,
𣗱,5,0,0,,,0,,,,,
𣗲,5,0,0,,,0,,,,,
𣗳,5,0,0,ジュ,き,0,,,,,
𣗴,5,0,0,リツ,,0,,,,,
𣗵,5,0,0,ゴウ,,0,,,,,
𣗶,5,0,0,,,0,,,,,
𣗷,5,0,0,ケン,,0,,,,,
𣗸,5,0,0,サン,,0,,,,,
𣗹,5,0,0,ヨウ,,0,,,,,
𣗺,5,0,0,,,0,,,,,
𣗻,5,0,0,,,0,,,,,
𣗼,5,0,0,,,0,,,,,
𣗽,5,0,0,,,0,,,,,
𣗾,5,0,0,,,0,,,,,
𣗿,5,0,0,,,0,,,,,
𣘀,5,0,0,,,0,,,,,
𣘁,5,0,0,,,0,,,,,
𣘂,5,0,0,,,0,,,,,
𣘃,5,0,0,,,0,,,,,
𣘄,5,0,0,,,0,,,,,
𣘅,5,0,0,フウ,,0,,,,,
𣘆,5,0,0,,,0,,,,,
𣘇,5,0,0,コウ,,0,,,,,
𣘈,5,0,0,,,0,,,,,
𣘉,5,0,0,,,0,,,,,
𣘊,5,0,0,,,0,,,,,
𣘋,5,0,0,,,0,,,,,
𣘌,5,0,0,,,0,,,,,
𣘍,5,0,0,,,0,,,,,
𣘎,5,0,0,,,0,,,,,
𣘏,5,0,0,,,0,,,,,
𣘐,5,0,0,キョク,,0,,,,,
𣘑,5,0,0,ケイ,,0,,,,,
𣘒,5,0,0,カン,,0,,,,,
𣘓,5,0,0,,,0,,,,,
𣘔,5,0,0,,,0,,,,,
𣘕,5,0,0,シン ジン,,0,,,,,
𣘖,5,0,0,ケン コン,,0,,,,,
𣘗,5,0,0,ジツ ニチ,,0,,,,,
𣘘,5,0,0,シン,,0,,,,,
𣘙,5,0,0,ホウ ボウ,,0,,,,,
𣘚,5,0,0,シュツ シュチ,,0,,,,,
𣘛,5,0,0,トウ ツ,,0,,,,,
𣘜,5,0,0,チ,,0,,,,,
𣘝,5,0,0,セン,,0,,,,,
𣘞,5,0,0,カン ゴン,,0,,,,,
𣘟,5,0,0,カ,,0,,,,,
𣘠,5,0,0,カン,,0,,,,,
𣘡,5,0,0,サ,,0,,,,,
𣘢,5,0,0,ゴウ,,0,,,,,
𣘣,5,0,0,シュン ジュン シン,,0,,,,,
𣘤,5,0,0,サツ サチ,,0,,,,,
𣘥,5,0,0,ヘイ ベイ,,0,,,,,
𣘦,5,0,0,エイ,,0,,,,,
𣘧,5,0,0,フ,,0,,,,,
𣘨,5,0,0,ア,,0,,,,,
𣘩,5,0,0,シ,,0,,,,,
𣘪,5,0,0,ロウ リョウ,,0,,,,,
𣘫,5,0,0,コウ ゴウ,,0,,,,,
𣘬,5,0,0,リ,,0,,,,,
𣘭,5,0,0,コウ,,0,,,,,
𣘮,5,0,0,ヘイ,,0,,,,,
𣘯,5,0,0,コウ キョウ,,0,,,,,
𣘰,5,0,0,コウ,,0,,,,,
𣘱,5,0,0,トク ドク,,0,,,,,
𣘲,5,0,0,シン,,0,,,,,
𣘳,5,0,0,コク,,0,,,,,
𣘴,5,0,0,,,0,,,,,
𣘵,5,0,0,,,0,,,,,
𣘶,5,0,0,,,0,,,,,
𣘷,5,0,0,,,0,,,,,
𣘸,5,4,0,コク,べんと,0,,,,,
𣘹,5,4,0,,,0,,,,,
𣘺,5,4,0,キョウ ギョウ コウ,はし,0,,,,,
𣘻,5,0,0,タ ダ ト ズ,,0,,,,,
𣘼,5,0,0,,,0,,,,,
𣘽,5,0,0,,,0,,,,,
𣘾,5,0,0,,,0,,,,,
𣘿,5,0,0,,,0,,,,,
𣙀,5,0,0,,,0,,,,,
𣙁,5,0,0,,,0,,,,,
𣙂,5,0,0,ケン,,0,,,,,
𣙃,5,0,0,,,0,,,,,
𣙄,5,0,0,,,0,,,,,
𣙅,5,0,0,,,0,,,,,
𣙆,5,0,0,,,0,,,,,
𣙇,5,4,0,,つぐ,0,,,,,
𣙈,5,0,0,,,0,,,,,
𣙉,5,0,0,,,0,,,,,
𣙊,5,0,0,,,0,,,,,
𣙋,5,0,0,,,0,,,,,
𣙌,5,0,0,,,0,,,,,
𣙍,5,0,0,,,0,,,,,
𣙎,5,0,0,,,0,,,,,
𣙏,5,0,0,,,0,,,,,
𣙐,5,0,0,,,0,,,,,
𣙑,5,0,0,,,0,,,,,
𣙒,5,0,0,,,0,,,,,
𣙓,5,0,0,,,0,,,,,
𣙔,5,0,0,,なし,0,,,,,
𣙕,5,0,0,,,0,,,,,
𣙖,5,0,0,,,0,,,,,
𣙗,5,0,0,,,0,,,,,
𣙘,5,0,0,,,0,,,,,
𣙙,5,0,0,,,0,,,,,
𣙚,5,0,0,ヨウ ショウ,,0,,,,,
𣙛,5,0,0,イ,,0,,,,,
𣙜,5,0,0,カク コウ キョウ,,0,,,,,
𣙝,5,0,0,,,0,,,,,
𣙞,5,0,0,,,0,,,,,
𣙟,5,0,0,,すぎのき,0,,,,,
𣙠,5,0,0,,,0,,,,,
𣙡,5,0,0,ジ,,0,,,,,
𣙢,5,0,0,,,0,,,,,
𣙣,5,0,0,,,0,,,,,
𣙤,5,0,0,ギ イ,,0,,,,,
𣙥,5,0,0,,,0,,,,,
𣙦,5,0,0,,,0,,,,,
𣙧,5,0,0,,,0,,,,,
𣙨,5,0,0,,,0,,,,,
𣙩,5,0,0,,,0,,,,,
𣙪,5,0,0,,ゆか,0,,,,,
𣙫,5,0,0,,,0,,,,,
𣙬,5,0,0,,,0,,,,,
𣙭,5,0,0,,,0,,,,,
𣙮,5,0,0,,,0,,,,,
𣙯,5,0,0,,,0,,,,,
𣙰,5,0,0,チ,,0,,,,,
𣙱,5,0,0,コウ,,0,,,,,
𣙲,5,0,0,,,0,,,,,
𣙳,5,0,0,ソ,,0,,,,,
𣙴,5,0,0,キョウ,,0,,,,,
𣙵,5,0,0,タク,,0,,,,,
𣙶,5,0,0,コ,,0,,,,,
𣙷,5,0,0,,,0,,,,,
𣙸,5,0,0,,,0,,,,,
𣙹,5,0,0,,,0,,,,,
𣙺,5,0,0,,,0,,,,,
𣙻,5,0,0,シュウ シュ,,0,,,,,
𣙼,5,0,0,イ シ ジ,,0,,,,,
𣙽,5,0,0,レキ,,0,,,,,
𣙾,5,0,0,エツ,,0,,,,,
𣙿,5,0,0,ヒ ハイ,,0,,,,,
𣚀,5,0,0,シ,,0,,,,,
𣚁,5,0,0,シ,,0,,,,,
𣚂,5,0,0,イ,,0,,,,,
𣚃,5,0,0,ケツ,,0,,,,,
𣚄,5,0,0,シ,,0,,,,,
𣚅,5,0,0,タク,,0,,,,,
𣚆,5,0,0,チュン,,0,,,,,
𣚇,5,0,0,ホウ,,0,,,,,
𣚈,5,0,0,サン,,0,,,,,
𣚉,5,0,0,キュウ,,0,,,,,
𣚊,5,0,0,ジ ニ ゼン ネン,,0,,,,,
𣚋,5,0,0,ヤ,,0,,,,,
𣚌,5,0,0,テキ シ,,0,,,,,
𣚍,5,0,0,オク,,0,,,,,
𣚎,5,0,0,ルイ,,0,,,,,
𣚏,5,0,0,ク キ,,0,,,,,
𣚐,5,0,0,ジュ ニュ,,0,,,,,
𣚑,5,0,0,トウ,,0,,,,,
𣚒,5,0,0,ハ ベ,,0,,,,,
𣚓,5,0,0,ケン,,0,,,,,
𣚔,5,0,0,セキ シャク,,0,,,,,
𣚕,5,0,0,ヨウ,,0,,,,,
𣚖,5,0,0,アン,,0,,,,,
𣚗,5,0,0,ショウ,,0,,,,,
𣚘,5,0,0,キ イ,,0,,,,,
𣚙,5,0,0,セン,,0,,,,,
𣚚,5,0,0,チョク,,0,,,,,
𣚛,5,0,0,キョ,,0,,,,,
𣚜,5,0,0,ソウ ス,,0,,,,,
𣚝,5,0,0,ワ,,0,,,,,
𣚞,5,0,0,,,0,,,,,
𣚟,5,0,0,シュウ,,0,,,,,
𣚠,5,0,0,チ,,0,,,,,
𣚡,5,0,0,ヘイ,,0,,,,,
𣚢,5,0,0,テン デン,,0,,,,,
𣚣,5,0,0,コウ キョウ,たがやす,0,,,,,
𣚤,5,0,0,ジュ,,0,,,,,
𣚥,5,0,0,イク,,0,,,,,
𣚦,5,0,0,キョウ,,0,,,,,
𣚧,5,0,0,コウ,,0,,,,,
𣚨,5,0,0,ム,,0,,,,,
𣚩,5,0,0,チ,,0,,,,,
𣚪,5,0,0,トン ドン,,0,,,,,
𣚫,5,0,0,,,0,,,,,
𣚬,5,0,0,,,0,,,,,
𣚭,5,0,0,,ぶな,0,,,,,
𣚮,5,0,0,,,0,,,,,
𣚯,5,0,0,,,0,,,,,
𣚰,5,0,0,,,0,,,,,
𣚱,5,0,0,,,0,,,,,
𣚲,5,0,0,,,0,,,,,
𣚳,5,0,0,,,0,,,,,
𣚴,5,0,0,,,0,,,,,
𣚵,5,0,0,,,0,,,,,
𣚶,5,0,0,,,0,,,,,
𣚷,5,0,0,,,0,,,,,
𣚸,5,0,0,,,0,,,,,
𣚹,5,0,0,,,0,,,,,
𣚺,5,0,0,,,0,,,,,
𣚻,5,0,0,,,0,,,,,
𣚼,5,0,0,,,0,,,,,
𣚽,5,0,0,,,0,,,,,
𣚾,5,0,0,,,0,,,,,
𣚿,5,0,0,,,0,,,,,
𣛀,5,0,0,,りょう,0,,,,,
𣛁,5,0,0,,,0,,,,,
𣛂,5,0,0,,,0,,,,,
𣛃,5,0,0,,,0,,,,,
𣛄,5,0,0,,,0,,,,,
𣛅,5,0,0,,,0,,,,,
𣛆,5,0,0,,,0,,,,,
𣛇,5,0,0,,,0,,,,,
𣛈,5,0,0,,,0,,,,,
𣛉,5,0,0,,,0,,,,,
𣛊,5,0,0,,,0,,,,,
𣛋,5,0,0,,,0,,,,,
𣛌,5,0,0,,,0,,,,,
𣛍,5,0,0,,,0,,,,,
𣛎,5,0,0,,,0,,,,,
𣛏,5,0,0,,,0,,,,,
𣛐,5,0,0,,,0,,,,,
𣛑,5,0,0,,,0,,,,,
𣛒,5,0,0,,,0,,,,,
𣛓,5,0,0,,,0,,,,,
𣛔,5,0,0,,,0,,,,,
𣛕,5,0,0,,,0,,,,,
𣛖,5,0,0,コウ,,0,,,,,
𣛗,5,0,0,,,0,,,,,
𣛘,5,0,0,シャ,,0,,,,,
𣛙,5,0,0,ヤク,,0,,,,,
𣛚,5,0,0,ズイ,,0,,,,,
𣛛,5,0,0,,ひざくら,0,,,,,
𣛜,5,0,0,,あいおい,0,,,,,
𣛝,5,0,0,,,0,,,,,
𣛞,5,0,0,,,0,,,,,
𣛟,5,0,0,,,0,,,,,
𣛠,5,0,0,,,0,,,,,
𣛡,5,0,0,,,0,,,,,
𣛢,5,0,0,,,0,,,,,
𣛣,5,0,0,,たらい,0,,,,,
𣛤,5,0,0,,,0,,,,,
𣛥,5,0,0,,,0,,,,,
𣛦,5,0,0,,,0,,,,,
𣛧,5,0,0,,,0,,,,,
𣛨,5,0,0,,,0,,,,,
𣛩,5,0,0,,,0,,,,,
𣛪,5,0,0,,,0,,,,,
𣛫,5,0,0,コ,,0,,,,,
𣛬,5,0,0,,,0,,,,,
𣛭,5,0,0,,,0,,,,,
𣛮,5,0,0,,,0,,,,,
𣛯,5,0,0,,,0,,,,,
𣛰,5,0,0,,,0,,,,,
𣛱,5,0,0,タン ドン ラン,,0,,,,,
𣛲,5,0,0,,,0,,,,,
𣛳,5,0,0,サン,,0,,,,,
𣛴,5,0,0,カン コン,,0,,,,,
𣛵,5,0,0,シャク サク,,0,,,,,
𣛶,5,0,0,サツ,,0,,,,,
𣛷,5,0,0,サン セン,,0,,,,,
𣛸,5,0,0,ソク ゾク,,0,,,,,
𣛹,5,0,0,セン ゼン スイ,,0,,,,,
𣛺,5,0,0,シツ シチ,,0,,,,,
𣛻,5,0,0,チョウ ジョウ,,0,,,,,
𣛼,5,0,0,ギ,,0,,,,,
𣛽,5,0,0,サ,,0,,,,,
𣛾,5,0,0,,,0,,,,,
𣛿,5,0,0,ヨ,,0,,,,,
𣜀,5,0,0,エツ,,0,,,,,
𣜁,5,0,0,シ,,0,,,,,
𣜂,5,0,0,ソウ,,0,,,,,
𣜃,5,0,0,ユウ,,0,,,,,
𣜄,5,0,0,ラ,,0,,,,,
𣜅,5,0,0,ゼン,,0,,,,,
𣜆,5,0,0,セン,,0,,,,,
𣜇,5,0,0,セキ シャク,,0,,,,,
𣜈,5,0,0,シン,,0,,,,,
𣜉,5,0,0,,,0,,,,,
𣜊,5,0,0,,,0,,,,,
𣜋,5,0,0,,,0,,,,,
𣜌,5,4,0,,くろべ,0,,,,,
𣜍,5,0,0,,,0,,,,,
𣜎,5,0,0,ショウ,,0,,,,,
𣜏,5,0,0,,,0,,,,,
𣜐,5,0,0,,,0,,,,,
𣜑,5,0,0,,,0,,,,,
𣜒,5,0,0,,,0,,,,,
𣜓,5,0,0,,,0,,,,,
𣜔,5,0,0,,,0,,,,,
𣜕,5,0,0,,,0,,,,,
𣜖,5,0,0,,,0,,,,,
𣜗,5,0,0,,,0,,,,,
𣜘,5,0,0,,,0,,,,,
𣜙,5,0,0,,,0,,,,,
𣜚,5,0,0,,,0,,,,,
𣜛,5,0,0,,,0,,,,,
𣜜,5,4,0,,とち,0,,,,,
𣜝,5,0,0,,,0,,,,,
𣜞,5,0,0,,,0,,,,,
𣜟,5,0,0,,,0,,,,,
𣜠,5,0,0,,,0,,,,,
𣜡,5,0,0,,,0,,,,,
𣜢,5,0,0,ラ,,0,,,,,
𣜣,5,0,0,チン,,0,,,,,
𣜤,5,0,0,サ,,0,,,,,
𣜥,5,0,0,ゲキ,,0,,,,,
𣜦,5,0,0,トウ,,0,,,,,
𣜧,5,0,0,ケイ,,0,,,,,
𣜨,5,0,0,ケン,,0,,,,,
𣜩,5,0,0,,,0,,,,,
𣜪,5,0,0,,,0,,,,,
𣜫,5,0,0,,,0,,,,,
𣜬,5,0,0,,,0,,,,,
𣜭,5,0,0,,,0,,,,,
𣜮,5,0,0,,,0,,,,,
𣜯,5,0,0,,,0,,,,,
𣜰,5,0,0,,,0,,,,,
𣜱,5,0,0,,,0,,,,,
𣜲,5,0,0,,,0,,,,,
𣜳,5,0,0,,,0,,,,,
𣜴,5,0,0,,,0,,,,,
𣜵,5,0,0,,,0,,,,,
𣜶,5,0,0,,,0,,,,,
𣜷,5,0,0,,,0,,,,,
𣜸,5,0,0,,,0,,,,,
𣜹,5,0,0,テイ タイ,,0,,,,,
𣜺,5,0,0,ブン,,0,,,,,
𣜻,5,0,0,,,0,,,,,
𣜼,5,0,0,,,0,,,,,
𣜽,5,0,0,コウ,,0,,,,,
𣜾,5,0,0,,,0,,,,,
𣜿,5,3,0,,ゆすりは ゆずりは いずりは ゆずり,0,,,,,
𣝀,5,0,0,,,0,,,,,
𣝁,5,0,0,ハイ ベ ヒ,,0,,,,,
𣝂,5,0,0,コン,,0,,,,,
𣝃,5,0,0,コウ,,0,,,,,
𣝄,5,0,0,コ,,0,,,,,
𣝅,5,0,0,ガイ,,0,,,,,
𣝆,5,0,0,ガイ,,0,,,,,
𣝇,5,0,0,サク,,0,,,,,
𣝈,5,0,0,レン,,0,,,,,
𣝉,5,0,0,タイ テ ツイ,,0,,,,,
𣝊,5,0,0,サン,,0,,,,,
𣝋,5,0,0,トウ ドウ,,0,,,,,
𣝌,5,0,0,キン,,0,,,,,
𣝍,5,0,0,ヘキ ビャク ハク ヒャク,,0,,,,,
𣝎,5,0,0,エン,,0,,,,,
𣝏,5,0,0,コウ,,0,,,,,
𣝐,5,0,0,,,0,,,,,
𣝑,5,0,0,ヨ,,0,,,,,
𣝒,5,0,0,シャ ジャ,,0,,,,,
𣝓,5,0,0,エン,,0,,,,,
𣝔,5,0,0,タク,,0,,,,,
𣝕,5,0,0,セン,,0,,,,,
𣝖,5,0,0,バイ,,0,,,,,
𣝗,5,0,0,コツ ゴチ,,0,,,,,
𣝘,5,0,0,ホウ ボ,,0,,,,,
𣝙,5,0,0,チュン,,0,,,,,
𣝚,5,0,0,リョウ,,0,,,,,
𣝛,5,0,0,キョ,,0,,,,,
𣝜,5,0,0,ヘン ベン,,0,,,,,
𣝝,5,0,0,ショク ソク,,0,,,,,
𣝞,5,0,0,ショウ,,0,,,,,
𣝟,5,0,0,,,0,,,,,
𣝠,5,0,0,,,0,,,,,
𣝡,5,0,0,,,0,,,,,
𣝢,5,0,0,,,0,,,,,
𣝣,5,3,0,シャク ジャク,,0,,,,,
𣝤,5,4,0,サイ,,0,,,,,
𣝥,5,0,0,トウ,,0,,,,,
𣝦,5,0,0,,,0,,,,,
𣝧,5,0,0,,,0,,,,,
𣝨,5,0,0,,,0,,,,,
𣝩,5,0,0,,,0,,,,,
𣝪,5,0,0,,,0,,,,,
𣝫,5,0,0,,,0,,,,,
𣝬,5,0,0,,,0,,,,,
𣝭,5,0,0,,,0,,,,,
𣝮,5,0,0,,,0,,,,,
𣝯,5,0,0,シン,,0,,,,,
𣝰,5,0,0,,,0,,,,,
𣝱,5,0,0,,,0,,,,,
𣝲,5,0,0,,,0,,,,,
𣝳,5,0,0,,,0,,,,,
𣝴,5,0,0,ハン,よじる,0,,,,,
𣝵,5,0,0,,,0,,,,,
𣝶,5,0,0,,,0,,,,,
𣝷,5,0,0,チュウ,,0,,,,,
𣝸,5,0,0,テツ テイ,,0,,,,,
𣝹,5,0,0,ロク,,0,,,,,
𣝺,5,0,0,カ,,0,,,,,
𣝻,5,0,0,ショウ,,0,,,,,
𣝼,5,0,0,ヘン,,0,,,,,
𣝽,5,0,0,,,0,,,,,
𣝾,5,0,0,シン,,0,,,,,
𣝿,5,0,0,,,0,,,,,
𣞀,5,0,0,ダン,まゆみ,0,,,,,
𣞁,5,0,0,,,0,,,,,
𣞂,5,0,0,,くし,0,,,,,
𣞃,5,0,0,,,0,,,,,
𣞄,5,0,0,,,0,,,,,
𣞅,5,0,0,,,0,,,,,
𣞆,5,0,0,セン,,0,,,,,
𣞇,5,0,0,トン ドン,,0,,,,,
𣞈,5,0,0,ヒョウ,,0,,,,,
𣞉,5,0,0,,,0,,,,,
𣞊,5,0,0,,,0,,,,,
𣞋,5,0,0,ショウ,,0,,,,,
𣞌,5,0,0,,,0,,,,,
𣞍,5,0,0,,,0,,,,,
𣞎,5,0,0,,,0,,,,,
𣞏,5,0,0,,,0,,,,,
𣞐,5,0,0,シャ,,0,,,,,
𣞑,5,0,0,ボウ,,0,,,,,
𣞒,5,0,0,フ,,0,,,,,
𣞓,5,0,0,ロク,,0,,,,,
𣞔,5,0,0,タン,,0,,,,,
𣞕,5,0,0,ゲイ,,0,,,,,
𣞖,5,0,0,サイ,,0,,,,,
𣞗,5,0,0,リュウ ル,,0,,,,,
𣞘,5,0,0,ケン,,0,,,,,
𣞙,5,0,0,ソウ,,0,,,,,
𣞚,5,0,0,サ,,0,,,,,
𣞛,5,0,0,ソウ ス,,0,,,,,
𣞜,5,0,0,ソウ,,0,,,,,
𣞝,5,0,0,ソウ,,0,,,,,
𣞞,5,0,0,ボク,,0,,,,,
𣞟,5,0,0,シン,,0,,,,,
𣞠,5,0,0,,,0,,,,,
𣞡,5,0,0,,,0,,,,,
𣞢,5,0,0,,,0,,,,,
𣞣,5,0,0,バク,,0,,,,,
𣞤,5,0,0,ブ,,0,,,,,
𣞥,5,0,0,,,0,,,,,
𣞦,5,0,0,,,0,,,,,
𣞧,5,0,0,,,0,,,,,
𣞨,5,0,0,,,0,,,,,
𣞩,5,0,0,,,0,,,,,
𣞪,5,0,0,,,0,,,,,
𣞫,5,0,0,,,0,,,,,
𣞬,5,0,0,,,0,,,,,
𣞭,5,0,0,,,0,,,,,
𣞮,5,0,0,,,0,,,,,
𣞯,5,0,0,,,0,,,,,
𣞰,5,0,0,,,0,,,,,
𣞱,5,0,0,,,0,,,,,
𣞲,5,0,0,セン,,0,,,,,
𣞳,5,0,0,,,0,,,,,
𣞴,5,0,0,リ,,0,,,,,
𣞵,5,0,0,ジン,,0,,,,,
𣞶,5,0,0,,,0,,,,,
𣞷,5,0,0,ソウ ス,,0,,,,,
𣞸,5,0,0,,,0,,,,,
𣞹,5,0,0,,,0,,,,,
𣞺,5,0,0,,,0,,,,,
𣞻,5,0,0,,,0,,,,,
𣞼,5,0,0,,,0,,,,,
𣞽,5,0,0,,,0,,,,,
𣞾,5,0,0,,,0,,,,,
𣞿,5,0,0,,,0,,,,,
𣟀,5,0,0,,,0,,,,,
𣟁,5,0,0,,,0,,,,,
𣟂,5,0,0,,,0,,,,,
𣟃,5,0,0,,,0,,,,,
𣟄,5,0,0,タク,,0,,,,,
𣟅,5,0,0,エイ,,0,,,,,
𣟆,5,0,0,リョウ,,0,,,,,
𣟇,5,0,0,コウ ギョウ,,0,,,,,
𣟈,5,0,0,,,0,,,,,
𣟉,5,0,0,カイ ケ,,0,,,,,
𣟊,5,0,0,ジョウ ニョウ,,0,,,,,
𣟋,5,0,0,ケン,,0,,,,,
𣟌,5,0,0,レイ ライ リ,,0,,,,,
𣟍,5,0,0,レイ,,0,,,,,
𣟎,5,0,0,ダ,,0,,,,,
𣟏,5,0,0,ホウ,,0,,,,,
𣟐,5,0,0,チョウ ジョウ,,0,,,,,
𣟑,5,0,0,リュウ ル,,0,,,,,
𣟒,5,0,0,ブ ム,,0,,,,,
𣟓,5,0,0,,,0,,,,,
𣟔,5,0,0,,,0,,,,,
𣟕,5,0,0,,,0,,,,,
𣟖,5,0,0,,,0,,,,,
𣟗,5,0,0,,,0,,,,,
𣟘,5,0,0,,,0,,,,,
𣟙,5,0,0,,,0,,,,,
𣟚,5,0,0,,,0,,,,,
𣟛,5,0,0,,,0,,,,,
𣟜,5,0,0,,,0,,,,,
𣟝,5,0,0,,,0,,,,,
𣟞,5,0,0,,,0,,,,,
𣟟,5,0,0,,,0,,,,,
𣟠,5,0,0,,,0,,,,,
𣟡,5,0,0,,,0,,,,,
𣟢,5,0,0,,,0,,,,,
𣟣,5,0,0,,,0,,,,,
𣟤,5,0,0,,,0,,,,,
𣟥,5,0,0,オク ヨク イキ イ,,0,,,,,
𣟦,5,0,0,,,0,,,,,
𣟧,5,4,0,,ひし,0,,,,,
𣟨,5,0,0,キ,,0,,,,,
𣟩,5,0,0,,,0,,,,,
𣟪,5,0,0,,,0,,,,,
𣟫,5,0,0,,,0,,,,,
𣟬,5,0,0,,,0,,,,,
𣟭,5,0,0,,,0,,,,,
𣟮,5,0,0,,,0,,,,,
𣟯,5,0,0,ケン,,0,,,,,
𣟰,5,0,0,ヨ,,0,,,,,
𣟱,5,0,0,,,0,,,,,
𣟲,5,0,0,セン,,0,,,,,
𣟳,5,0,0,セン ゼン エン,,0,,,,,
𣟴,5,0,0,サン,,0,,,,,
𣟵,5,0,0,キ,,0,,,,,
𣟶,5,0,0,ショウ,,0,,,,,
𣟷,5,0,0,,,0,,,,,
𣟸,5,0,0,ビ ミ,,0,,,,,
𣟹,5,0,0,シン,,0,,,,,
𣟺,5,0,0,レン,,0,,,,,
𣟻,5,0,0,ヨク,,0,,,,,
𣟼,5,0,0,シュウ ショウ,,0,,,,,
𣟽,5,0,0,ロウ,,0,,,,,
𣟾,5,0,0,ユウ,,0,,,,,
𣟿,5,4,0,ナギ,,0,,,,,
𣠀,5,0,0,,,0,,,,,
𣠁,5,0,0,,,0,,,,,
𣠂,5,0,0,,,0,,,,,
𣠃,5,0,0,,,0,,,,,
𣠄,5,0,0,レイ リョウ,れんじ,0,,,,,
𣠅,5,0,0,,,0,,,,,
𣠆,5,0,0,,,0,,,,,
𣠇,5,0,0,,,0,,,,,
𣠈,5,0,0,,,0,,,,,
𣠉,5,0,0,,,0,,,,,
𣠊,5,0,0,,,0,,,,,
𣠋,5,0,0,,,0,,,,,
𣠌,5,0,0,,,0,,,,,
𣠍,5,0,0,,,0,,,,,
𣠎,5,0,0,,,0,,,,,
𣠏,5,0,0,,,0,,,,,
𣠐,5,0,0,カク,,0,,,,,
𣠑,5,0,0,,,0,,,,,
𣠒,5,0,0,,,0,,,,,
𣠓,5,0,0,,,0,,,,,
𣠔,5,0,0,ヒョウ ビョウ コン,,0,,,,,
𣠕,5,0,0,,,0,,,,,
𣠖,5,0,0,,,0,,,,,
𣠗,5,0,0,,,0,,,,,
𣠘,5,0,0,,,0,,,,,
𣠙,5,0,0,ヒョウ,,0,,,,,
𣠚,5,0,0,リュウ ル,,0,,,,,
𣠛,5,0,0,ソウ ゾウ,,0,,,,,
𣠜,5,0,0,トウ ジョウ,,0,,,,,
𣠝,5,0,0,チ,,0,,,,,
𣠞,5,0,0,ショウ,,0,,,,,
𣠟,5,0,0,シン ジン,,0,,,,,
𣠠,5,0,0,ライ レ,,0,,,,,
𣠡,5,0,0,ユウ,,0,,,,,
𣠢,5,0,0,,,0,,,,,
𣠣,5,0,0,,,0,,,,,
𣠤,5,4,0,カン,,0,,,,,
𣠥,5,0,0,,,0,,,,,
𣠦,5,0,0,,,0,,,,,
𣠧,5,0,0,,,0,,,,,
𣠨,5,0,0,,,0,,,,,
𣠩,5,0,0,,,0,,,,,
𣠪,5,0,0,,,0,,,,,
𣠫,5,0,0,,,0,,,,,
𣠬,5,0,0,,,0,,,,,
𣠭,5,0,0,タン,,0,,,,,
𣠮,5,0,0,ム,,0,,,,,
𣠯,5,0,0,,,0,,,,,
𣠰,5,0,0,,,0,,,,,
𣠱,5,0,0,,,0,,,,,
𣠲,5,0,0,,,0,,,,,
𣠳,5,0,0,,,0,,,,,
𣠴,5,0,0,,,0,,,,,
𣠵,5,0,0,,,0,,,,,
𣠶,5,0,0,,,0,,,,,
𣠷,5,0,0,ケン,,0,,,,,
𣠸,5,0,0,セン カン,,0,,,,,
𣠹,5,0,0,サツ ザチ,,0,,,,,
𣠺,5,0,0,ショウ,,0,,,,,
𣠻,5,0,0,ハイ,,0,,,,,
𣠼,5,0,0,ロウ,,0,,,,,
𣠽,5,4,0,ハ,,0,,,,,
𣠾,5,0,0,ラ,,0,,,,,
𣠿,5,0,0,,,0,,,,,
𣡀,5,0,0,,,0,,,,,
𣡁,5,0,0,,,0,,,,,
𣡂,5,0,0,,,0,,,,,
𣡃,5,0,0,デン,,0,,,,,
𣡄,5,0,0,,,0,,,,,
𣡅,5,0,0,,,0,,,,,
𣡆,5,0,0,ソウ,,0,,,,,
𣡇,5,0,0,,,0,,,,,
𣡈,5,0,0,,,0,,,,,
𣡉,5,0,0,イク,,0,,,,,
𣡊,5,0,0,ゲイ,,0,,,,,
𣡋,5,0,0,,,0,,,,,
𣡌,5,0,0,ゲツ,ひこばえ,0,,,,,
𣡍,5,0,0,キョク,,0,,,,,
𣡎,5,0,0,シン ジン,,0,,,,,
𣡏,5,0,0,,,0,,,,,
𣡐,5,0,0,,,0,,,,,
𣡑,5,0,0,,,0,,,,,
𣡒,5,0,0,,,0,,,,,
𣡓,5,0,0,,,0,,,,,
𣡔,5,0,0,,,0,,,,,
𣡕,5,0,0,エン キ,,0,,,,,
𣡖,5,0,0,,,0,,,,,
𣡗,5,0,0,ゼン,,0,,,,,
𣡘,5,0,0,ソウ,,0,,,,,
𣡙,5,0,0,,,0,,,,,
𣡚,5,0,0,,,0,,,,,
𣡛,5,0,0,キュウ,,0,,,,,
𣡜,5,0,0,,,0,,,,,
𣡝,5,0,0,,,0,,,,,
𣡞,5,0,0,エン,,0,,,,,
𣡟,5,0,0,チョウ ジョウ,,0,,,,,
𣡠,5,0,0,ベン メン,,0,,,,,
𣡡,5,0,0,,,0,,,,,
𣡢,5,0,0,,,0,,,,,
𣡣,5,0,0,タン,,0,,,,,
𣡤,5,0,0,,,0,,,,,
𣡥,5,0,0,,,0,,,,,
𣡦,5,0,0,ドウ,,0,,,,,
𣡧,5,0,0,ライ,,0,,,,,
𣡨,5,0,0,,,0,,,,,
𣡩,5,0,0,ワン,,0,,,,,
𣡪,5,0,0,ドウ ノウ,,0,,,,,
𣡫,5,0,0,シャク,,0,,,,,
𣡬,5,0,0,,,0,,,,,
𣡭,5,0,0,チョウ ジョウ,,0,,,,,
𣡮,5,0,0,,,0,,,,,
𣡯,5,0,0,,,0,,,,,
𣡰,5,0,0,ダ,,0,,,,,
𣡱,5,0,0,,,0,,,,,
𣡲,5,0,0,,,0,,,,,
𣡳,5,0,0,タイ,,0,,,,,
𣡴,5,0,0,キク,,0,,,,,
𣡵,5,0,0,,,0,,,,,
𣡶,5,0,0,エン,,0,,,,,
𣡷,5,0,0,リツ,,0,,,,,
𣡸,5,0,0,ウツ,むすぼれる,0,,,,,
𣡹,5,0,0,,,0,,,,,
𣡺,5,0,0,ルイ,,0,,,,,
𣡻,5,0,0,,,0,,,,,
𣡼,5,0,0,リツ,,0,,,,,
𣡽,5,0,0,サツ キ,,0,,,,,
𣡾,5,0,0,コ,,0,,,,,
𣡿,5,0,0,,,0,,,,,
𣢀,5,0,0,シン,,0,,,,,
𣢁,5,0,0,キ,,0,,,,,
𣢂,5,0,0,キ,,0,,,,,
𣢃,5,0,0,シ,,0,,,,,
𣢄,5,0,0,ユウ,,0,,,,,
𣢅,5,0,0,カン,,0,,,,,
𣢆,5,0,0,キ,,0,,,,,
𣢇,5,0,0,カイ キ シン,,0,,,,,
𣢈,5,0,0,,,0,,,,,
𣢉,5,0,0,ガ ゲ,,0,,,,,
𣢊,5,0,0,クツ クチ キ,,0,,,,,
𣢋,5,0,0,ヒ,,0,,,,,
𣢌,5,0,0,タン,,0,,,,,
𣢍,5,0,0,ケイ キ,,0,,,,,
𣢎,5,0,0,キ,,0,,,,,
𣢏,5,0,0,ヒン,,0,,,,,
𣢐,5,0,0,キン キョウ コン コウ,,0,,,,,
𣢑,5,0,0,キ カイ,,0,,,,,
𣢒,5,0,0,ユ,,0,,,,,
𣢓,5,0,0,ケイ,,0,,,,,
𣢔,5,0,0,,,0,,,,,
𣢕,5,0,0,シ,,0,,,,,
𣢖,5,0,0,ケツ,,0,,,,,
𣢗,5,0,0,コウ,,0,,,,,
𣢘,5,0,0,シン,,0,,,,,
𣢙,5,0,0,シ,,0,,,,,
𣢚,5,0,0,ガ,,0,,,,,
𣢛,5,0,0,ヤク アク,,0,,,,,
𣢜,5,0,0,ユウ ユ イク,,0,,,,,
𣢝,5,0,0,ケイ キョウ,,0,,,,,
𣢞,5,0,0,ジ ニ,,0,,,,,
𣢟,5,0,0,カン ガン,,0,,,,,
𣢠,5,0,0,ヒツ ビチ,,0,,,,,
𣢡,5,0,0,ケツ カチ ソウ ショウ,,0,,,,,
𣢢,5,0,0,ユウ,,0,,,,,
𣢣,5,0,0,ショク ジキ,,0,,,,,
𣢤,5,0,0,セン,,0,,,,,
𣢥,5,0,0,キュウ,,0,,,,,
𣢦,5,0,0,イ,,0,,,,,
𣢧,5,0,0,ユ,,0,,,,,
𣢨,5,0,0,オウ,,0,,,,,
𣢩,5,0,0,キョウ,,0,,,,,
𣢪,5,0,0,キ,,0,,,,,
𣢫,5,0,0,オウ,,0,,,,,
𣢬,5,0,0,カン ハン,,0,,,,,
𣢭,5,0,0,イ,,0,,,,,
𣢮,5,0,0,イ,,0,,,,,
𣢯,5,0,0,クツ クチ,,0,,,,,
𣢰,5,0,0,シュク,,0,,,,,
𣢱,5,0,0,カ ケ,,0,,,,,
𣢲,5,0,0,カン ハン,,0,,,,,
𣢳,5,0,0,チョウ,,0,,,,,
𣢴,5,0,0,コウ キョウ,,0,,,,,
𣢵,5,0,0,,,0,,,,,
𣢶,5,0,0,チュツ,,0,,,,,
𣢷,5,0,0,,,0,,,,,
𣢸,5,0,0,カン,まこと よろこぶ,0,,,,,
𣢹,5,0,0,,,0,,,,,
𣢺,5,0,0,カン,,0,,,,,
𣢻,5,0,0,カン,,0,,,,,
𣢼,5,0,0,,,0,,,,,
𣢽,5,0,0,カン,,0,,,,,
𣢾,5,0,0,,,0,,,,,
𣢿,5,0,0,,,0,,,,,
𣣀,5,0,0,,,0,,,,,
𣣁,5,0,0,,,0,,,,,
𣣂,5,0,0,,,0,,,,,
𣣃,5,0,0,,,0,,,,,
𣣄,5,0,0,,,0,,,,,
𣣅,5,0,0,,,0,,,,,
𣣆,5,0,0,,,0,,,,,
𣣇,5,0,0,,,0,,,,,
𣣈,5,0,0,テン,,0,,,,,
𣣉,5,0,0,ケキ キャク,,0,,,,,
𣣊,5,0,0,シ,,0,,,,,
𣣋,5,0,0,リョウ,,0,,,,,
𣣌,5,0,0,シ,,0,,,,,
𣣍,5,0,0,,,0,,,,,
𣣎,5,0,0,イク,,0,,,,,
𣣏,5,0,0,コン,,0,,,,,
𣣐,5,0,0,キ,,0,,,,,
𣣑,5,0,0,シ,,0,,,,,
𣣒,5,0,0,カン コン,,0,,,,,
𣣓,5,0,0,ケン,,0,,,,,
𣣔,5,0,0,,,0,,,,,
𣣕,5,0,0,コ,,0,,,,,
𣣖,5,0,0,カン,,0,,,,,
𣣗,5,0,0,,,0,,,,,
𣣘,5,0,0,,,0,,,,,
𣣙,5,0,0,カン,,0,,,,,
𣣚,5,0,0,アン,,0,,,,,
𣣛,5,0,0,スイ,,0,,,,,
𣣜,5,0,0,,,0,,,,,
𣣝,5,0,0,ショク,,0,,,,,
𣣞,5,0,0,ゴン,,0,,,,,
𣣟,5,0,0,カ ケ,,0,,,,,
𣣠,5,0,0,コウ,,0,,,,,
𣣡,5,0,0,コウ,,0,,,,,
𣣢,5,0,0,イ,,0,,,,,
𣣣,5,0,0,テン,,0,,,,,
𣣤,5,0,0,コン,,0,,,,,
𣣥,5,0,0,コウ,,0,,,,,
𣣦,5,0,0,カ ケ,,0,,,,,
𣣧,5,0,0,ユウ,,0,,,,,
𣣨,5,0,0,ソウ,,0,,,,,
𣣩,5,0,0,ケツ ケチ,,0,,,,,
𣣪,5,0,0,,,0,,,,,
𣣫,5,0,0,,,0,,,,,
𣣬,5,0,0,シ,,0,,,,,
𣣭,5,0,0,カン,,0,,,,,
𣣮,5,0,0,セイ,,0,,,,,
𣣯,5,0,0,シ,,0,,,,,
𣣰,5,0,0,シ,,0,,,,,
𣣱,5,0,0,,,0,,,,,
𣣲,5,0,0,キョウ コウ,,0,,,,,
𣣳,5,0,0,ヨウ,,0,,,,,
𣣴,5,0,0,トウ ドウ,,0,,,,,
𣣵,5,0,0,ヨウ,,0,,,,,
𣣶,5,0,0,カイ ケ,,0,,,,,
𣣷,5,0,0,シ,,0,,,,,
𣣸,5,0,0,ユウ ユ,,0,,,,,
𣣹,5,0,0,コウ,,0,,,,,
𣣺,5,0,0,サ セ アイ エ,かれる,0,,,,,
𣣻,5,0,0,カン,,0,,,,,
𣣼,5,0,0,ヤク,,0,,,,,
𣣽,5,0,0,キン,,0,,,,,
𣣾,5,0,0,アク,,0,,,,,
𣣿,5,0,0,タイ,,0,,,,,
𣤀,5,0,0,ゼン,,0,,,,,
𣤁,5,0,0,ショク,,0,,,,,
𣤂,5,0,0,カン,,0,,,,,
𣤃,5,0,0,オウ,,0,,,,,
𣤄,5,0,0,,,0,,,,,
𣤅,5,0,0,,,0,,,,,
𣤆,5,0,0,,,0,,,,,
𣤇,5,0,0,,,0,,,,,
𣤈,5,0,0,サク ジャク,,0,,,,,
𣤉,5,0,0,タン,,0,,,,,
𣤊,5,0,0,ロウ,,0,,,,,
𣤋,5,0,0,ロウ ル,,0,,,,,
𣤌,5,0,0,セ サイ セツ セチ シ,,0,,,,,
𣤍,5,0,0,ヨウ,,0,,,,,
𣤎,5,0,0,ユウ ユ,,0,,,,,
𣤏,5,0,0,ユ,,0,,,,,
𣤐,5,0,0,イク,,0,,,,,
𣤑,5,0,0,カ,,0,,,,,
𣤒,5,0,0,カ,,0,,,,,
𣤓,5,0,0,,,0,,,,,
𣤔,5,0,0,,,0,,,,,
𣤕,5,0,0,,,0,,,,,
𣤖,5,0,0,,,0,,,,,
𣤗,5,0,0,イン,,0,,,,,
𣤘,5,0,0,シ,,0,,,,,
𣤙,5,0,0,キョウ,,0,,,,,
𣤚,5,0,0,ショウ,,0,,,,,
𣤛,5,0,0,,,0,,,,,
𣤜,5,0,0,サイ,,0,,,,,
𣤝,5,0,0,,,0,,,,,
𣤞,5,0,0,,,0,,,,,
𣤟,5,0,0,ソウ,,0,,,,,
𣤠,5,0,0,エツ,,0,,,,,
𣤡,5,0,0,イク,,0,,,,,
𣤢,5,0,0,ケキ キャク テイ タイ ケイ,,0,,,,,
𣤣,5,0,0,ヨウ,,0,,,,,
𣤤,5,0,0,,,0,,,,,
𣤥,5,0,0,,,0,,,,,
𣤦,5,0,0,,,0,,,,,
𣤧,5,0,0,,,0,,,,,
𣤨,5,0,0,カク ギャク ワク,,0,,,,,
𣤩,5,0,0,テキ チャク チョク チキ,,0,,,,,
𣤪,5,0,0,エキ,,0,,,,,
𣤫,5,0,0,,,0,,,,,
𣤬,5,0,0,ヤク アク,,0,,,,,
𣤭,5,0,0,,,0,,,,,
𣤮,5,0,0,,,0,,,,,
𣤯,5,0,0,トク ジュ,,0,,,,,
𣤰,5,0,0,ガク,,0,,,,,
𣤱,5,0,0,サン ザン,,0,,,,,
𣤲,5,0,0,ガク,,0,,,,,
𣤳,5,0,0,セイ,,0,,,,,
𣤴,5,0,0,キ,,0,,,,,
𣤵,5,0,0,エイ ヨウ,,0,,,,,
𣤶,5,0,0,シュク ソウ,,0,,,,,
𣤷,5,0,0,ソウ,,0,,,,,
𣤸,5,0,0,,,0,,,,,
𣤹,5,0,0,ショウ,,0,,,,,
𣤺,5,0,0,ソウ,,0,,,,,
𣤻,5,0,0,ショク,,0,,,,,
𣤼,5,0,0,キョ,,0,,,,,
𣤽,5,0,0,,,0,,,,,
𣤾,5,0,0,,,0,,,,,
𣤿,5,0,0,コン,,0,,,,,
𣥀,5,0,0,ショク,,0,,,,,
𣥁,5,0,0,タン,,0,,,,,
𣥂,5,0,0,ショウ タツ タチ,すくない すこし,0,,,,,
𣥃,5,0,0,ガン ゲン カイ,,0,,,,,
𣥄,5,0,0,ホウ,,0,,,,,
𣥅,5,0,0,シ,,0,,,,,
𣥆,5,0,0,,,0,,,,,
𣥇,5,0,0,シン,,0,,,,,
𣥈,5,0,0,カイ,,0,,,,,
𣥉,5,0,0,シ,,0,,,,,
𣥊,5,0,0,ボウ モウ,,0,,,,,
𣥋,5,0,0,フ,,0,,,,,
𣥌,5,0,0,ゲン,,0,,,,,
𣥍,5,0,0,キン,,0,,,,,
𣥎,5,0,0,セン,,0,,,,,
𣥏,5,0,0,リョ,,0,,,,,
𣥐,5,0,0,リョ,,0,,,,,
𣥑,5,0,0,ゼン,,0,,,,,
𣥒,5,0,0,シュウ,,0,,,,,
𣥓,5,0,0,リョ,,0,,,,,
𣥔,5,0,0,セイ,,0,,,,,
𣥕,5,0,0,,,0,,,,,
𣥖,5,0,0,キ ギ,,0,,,,,
𣥗,5,0,0,タツ,,0,,,,,
𣥘,5,0,0,コ,,0,,,,,
𣥙,5,0,0,コウ,,0,,,,,
𣥚,5,0,0,,,0,,,,,
𣥛,5,0,0,,,0,,,,,
𣥜,5,0,0,,,0,,,,,
𣥝,5,0,0,,,0,,,,,
𣥞,5,0,0,,,0,,,,,
𣥟,5,0,0,,,0,,,,,
𣥠,5,0,0,ハツ,,0,,,,,
𣥡,5,0,0,,,0,,,,,
𣥢,5,0,0,,,0,,,,,
𣥣,5,0,0,ヒ,,0,,,,,
𣥤,5,0,0,コウ,,0,,,,,
𣥥,5,0,0,カン,,0,,,,,
𣥦,5,0,0,コン,,0,,,,,
𣥧,5,0,0,チョ,,0,,,,,
𣥨,5,0,0,シ,,0,,,,,
𣥩,5,0,0,ジョウ チョウ ショウ,わたる,0,,,,,
𣥪,5,0,0,キン,,0,,,,,
𣥫,5,0,0,シ,,0,,,,,
𣥬,5,0,0,,,0,,,,,
𣥭,5,0,0,セン,,0,,,,,
𣥮,5,0,0,キ,,0,,,,,
𣥯,5,0,0,,,0,,,,,
𣥰,5,0,0,チ,,0,,,,,
𣥱,5,0,0,,,0,,,,,
𣥲,5,0,0,ト,,0,,,,,
𣥳,5,0,0,ト ズ,,0,,,,,
𣥴,5,0,0,シ,,0,,,,,
𣥵,5,0,0,,,0,,,,,
𣥶,5,0,0,,,0,,,,,
𣥷,5,0,0,トウ,,0,,,,,
𣥸,5,0,0,,,0,,,,,
𣥹,5,0,0,シュク,,0,,,,,
𣥺,5,0,0,トウ ショウ チョウ ジョウ,,0,,,,,
𣥻,5,0,0,チョウ,,0,,,,,
𣥼,5,0,0,チョ,,0,,,,,
𣥽,5,0,0,ドク,,0,,,,,
𣥾,5,0,0,トウ ドウ,,0,,,,,
𣥿,5,0,0,ショウ,,0,,,,,
𣦀,5,0,0,,,0,,,,,
𣦁,5,0,0,ショ,,0,,,,,
𣦂,5,0,0,ショ,,0,,,,,
𣦃,5,0,0,セン,,0,,,,,
𣦄,5,0,0,キョ,,0,,,,,
𣦅,5,0,0,スイ,,0,,,,,
𣦆,5,0,0,,,0,,,,,
𣦇,5,0,0,ヒョク ビキ,,0,,,,,
𣦈,5,0,0,チョ,,0,,,,,
𣦉,5,0,0,コウ,,0,,,,,
𣦊,5,0,0,,,0,,,,,
𣦋,5,0,0,シ,,0,,,,,
𣦌,5,0,0,ケイ,,0,,,,,
𣦍,5,0,0,,,0,,,,,
𣦎,5,0,0,,,0,,,,,
𣦏,5,0,0,エツ,,0,,,,,
𣦐,5,0,0,コウ,,0,,,,,
𣦑,5,0,0,ク,,0,,,,,
𣦒,5,0,0,,,0,,,,,
𣦓,5,0,0,,,0,,,,,
𣦔,5,0,0,セイ,,0,,,,,
𣦕,5,0,0,ダン,,0,,,,,
𣦖,5,0,0,カン,,0,,,,,
𣦗,5,0,0,シ,,0,,,,,
𣦘,5,0,0,,,0,,,,,
𣦙,5,0,0,ダン,,0,,,,,
𣦚,5,0,0,,,0,,,,,
𣦛,5,0,0,,,0,,,,,
𣦜,5,0,0,キョウ,,0,,,,,
𣦝,5,0,0,ソン,,0,,,,,
𣦞,5,0,0,キ,,0,,,,,
𣦟,5,0,0,セン,,0,,,,,
𣦠,5,0,0,,,0,,,,,
𣦡,5,0,0,チョ,,0,,,,,
𣦢,5,0,0,ヘキ ヒャク,,0,,,,,
𣦣,5,0,0,,,0,,,,,
𣦤,5,0,0,,,0,,,,,
𣦥,5,0,0,,,0,,,,,
𣦦,5,0,0,キ,,0,,,,,
𣦧,5,0,0,セイ,,0,,,,,
𣦨,5,0,0,キ,,0,,,,,
𣦩,5,0,0,コ,,0,,,,,
𣦪,5,0,0,ヘイ,,0,,,,,
𣦫,5,0,0,イン,,0,,,,,
𣦬,5,0,0,,,0,,,,,
𣦭,5,0,0,コ,,0,,,,,
𣦮,5,0,0,,,0,,,,,
𣦯,5,0,0,レキ リャク,,0,,,,,
𣦰,5,0,0,,,0,,,,,
𣦱,5,0,0,ヒ,,0,,,,,
𣦲,5,0,0,エイ,,0,,,,,
𣦳,5,0,0,,,0,,,,,
𣦴,5,0,0,,,0,,,,,
𣦵,5,0,0,ガツ ガチ サツ ザチ キョウ,,0,,,,,
𣦶,5,0,0,タイ,,0,,,,,
𣦷,5,0,0,サツ セチ,,0,,,,,
𣦸,5,0,0,シ,,0,,,,,
𣦹,5,0,0,シ ケツ カチ,,0,,,,,
𣦺,5,0,0,テン,,0,,,,,
𣦻,5,0,0,サン ザン,,0,,,,,
𣦼,5,0,0,サン,,0,,,,,
𣦽,5,0,0,シュク,,0,,,,,
𣦾,5,0,0,,,0,,,,,
𣦿,5,0,0,,,0,,,,,
𣧀,5,0,0,コウ,,0,,,,,
𣧁,5,0,0,キュウ ク,,0,,,,,
𣧂,5,0,0,テイ タイ,,0,,,,,
𣧃,5,0,0,ト,,0,,,,,
𣧄,5,0,0,ギツ ゴチ,,0,,,,,
𣧅,5,0,0,,,0,,,,,
𣧆,5,0,0,ケツ ケチ,,0,,,,,
𣧇,5,0,0,シ,,0,,,,,
𣧈,5,0,0,テツ,,0,,,,,
𣧉,5,0,0,キュウ,,0,,,,,
𣧊,5,0,0,ジュウ ニュ,,0,,,,,
𣧋,5,0,0,シ,,0,,,,,
𣧌,5,0,0,ケツ,,0,,,,,
𣧍,5,0,0,ドツ ナチ,,0,,,,,
𣧎,5,0,0,ケイ ケ,,0,,,,,
𣧏,5,0,0,コウ,,0,,,,,
𣧐,5,0,0,,,0,,,,,
𣧑,5,0,0,キョウ,わるい,0,,,,,
𣧒,5,0,0,ボツ,,0,,,,,
𣧓,5,0,0,シュウ,,0,,,,,
𣧔,5,0,0,ジュン,,0,,,,,
𣧕,5,0,0,ヨウ,,0,,,,,
𣧖,5,0,0,セツ セチ サツ,,0,,,,,
𣧗,5,0,0,,,0,,,,,
𣧘,5,0,0,,,0,,,,,
𣧙,5,0,0,ハイ,,0,,,,,
𣧚,5,0,0,ショク,,0,,,,,
𣧛,5,0,0,デン,,0,,,,,
𣧜,5,0,0,ハ,,0,,,,,
𣧝,5,0,0,シュウ ジュ,,0,,,,,
𣧞,5,0,0,チ チツ チチ,,0,,,,,
𣧟,5,0,0,ベン メン コン ボン モン,,0,,,,,
𣧠,5,0,0,テン,,0,,,,,
𣧡,5,0,0,ケツ ケチ カチ,,0,,,,,
𣧢,5,0,0,テン,,0,,,,,
𣧣,5,0,0,バツ マチ,,0,,,,,
𣧤,5,0,0,カ,,0,,,,,
𣧥,5,0,0,ユウ ウ,,0,,,,,
𣧦,5,0,0,キョウ,,0,,,,,
𣧧,5,0,0,ハツ バチ,,0,,,,,
𣧨,5,0,0,シ,,0,,,,,
𣧩,5,0,0,シュウ,,0,,,,,
𣧪,5,0,0,クツ,,0,,,,,
𣧫,5,0,0,ソ,しぬ,0,,,,,
𣧬,5,0,0,,,0,,,,,
𣧭,5,0,0,ガク,,0,,,,,
𣧮,5,0,0,コ,,0,,,,,
𣧯,5,0,0,,,0,,,,,
𣧰,5,0,0,,,0,,,,,
𣧱,5,0,0,,,0,,,,,
𣧲,5,0,0,ベイ メイ,,0,,,,,
𣧳,5,0,0,ラク,,0,,,,,
𣧴,5,0,0,ユ,,0,,,,,
𣧵,5,0,0,,,0,,,,,
𣧶,5,0,0,ヒ ビ ホウ ブ,,0,,,,,
𣧷,5,0,0,,,0,,,,,
𣧸,5,0,0,シ,,0,,,,,
𣧹,5,0,0,ジ ニ,,0,,,,,
𣧺,5,0,0,サン セン,,0,,,,,
𣧻,5,0,0,サン,,0,,,,,
𣧼,5,0,0,キ,,0,,,,,
𣧽,5,0,0,ドウ ノウ,,0,,,,,
𣧾,5,0,0,ベン メン,,0,,,,,
𣧿,5,0,0,レイ,,0,,,,,
𣨀,5,0,0,ラン,,0,,,,,
𣨁,5,0,0,シ,,0,,,,,
𣨂,5,0,0,シ,,0,,,,,
𣨃,5,0,0,ユ,,0,,,,,
𣨄,5,0,0,,,0,,,,,
𣨅,5,0,0,ライ レ,,0,,,,,
𣨆,5,0,0,ボウ,,0,,,,,
𣨇,5,0,0,ボウ ミョウ,,0,,,,,
𣨈,5,0,0,ヒョウ,,0,,,,,
𣨉,5,0,0,コウ キョウ,,0,,,,,
𣨊,5,0,0,タク チャク,,0,,,,,
𣨋,5,0,0,セイ セキ,,0,,,,,
𣨌,5,0,0,ゲン,,0,,,,,
𣨍,5,0,0,コク トク ドク カク ガク,,0,,,,,
𣨎,5,0,0,サ,,0,,,,,
𣨏,5,0,0,ボツ,,0,,,,,
𣨐,5,0,0,ソ,,0,,,,,
𣨑,5,0,0,エイ,,0,,,,,
𣨒,5,0,0,,,0,,,,,
𣨓,5,0,0,オク,,0,,,,,
𣨔,5,0,0,トウ,,0,,,,,
𣨕,5,0,0,,,0,,,,,
𣨖,5,0,0,ソ,,0,,,,,
𣨗,5,0,0,セキ,,0,,,,,
𣨘,5,0,0,ヨウ,,0,,,,,
𣨙,5,0,0,イ,,0,,,,,
𣨚,5,0,0,ヨウ,,0,,,,,
𣨛,5,0,0,シュツ シュチ ソツ ソチ,,0,,,,,
𣨜,5,0,0,バ メ,,0,,,,,
𣨝,5,0,0,ヨ,,0,,,,,
𣨞,5,0,0,ボウ ブ,,0,,,,,
𣨟,5,0,0,イ,,0,,,,,
𣨠,5,0,0,シン,,0,,,,,
𣨡,5,0,0,ガク,,0,,,,,
𣨢,5,0,0,クツ グチ,,0,,,,,
𣨣,5,0,0,キョウ ゴウ,,0,,,,,
𣨤,5,0,0,キョク ケキ,,0,,,,,
𣨥,5,0,0,ホウ,,0,,,,,
𣨦,5,0,0,セン,,0,,,,,
𣨧,5,0,0,,,0,,,,,
𣨨,5,0,0,,,0,,,,,
𣨩,5,0,0,,,0,,,,,
𣨪,5,0,0,ラ,,0,,,,,
𣨫,5,0,0,ガ ツイ,,0,,,,,
𣨬,5,0,0,エン,,0,,,,,
𣨭,5,0,0,,,0,,,,,
𣨮,5,0,0,,,0,,,,,
𣨯,5,0,0,,,0,,,,,
𣨰,5,0,0,,,0,,,,,
𣨱,5,0,0,カ,,0,,,,,
𣨲,5,0,0,ト ズ,,0,,,,,
𣨳,5,0,0,コウ ゴウ,,0,,,,,
𣨴,5,0,0,バイ,,0,,,,,
𣨵,5,0,0,アイ,,0,,,,,
𣨶,5,0,0,カイ ケ,,0,,,,,
𣨷,5,0,0,カ,,0,,,,,
𣨸,5,0,0,レイ,,0,,,,,
𣨹,5,0,0,ゲン,,0,,,,,
𣨺,5,0,0,コツ,,0,,,,,
𣨻,5,0,0,コウ,,0,,,,,
𣨼,5,0,0,,,0,,,,,
𣨽,5,0,0,,,0,,,,,
𣨾,5,0,0,セイ,,0,,,,,
𣨿,5,0,0,コン,,0,,,,,
𣩀,5,0,0,ヘン,,0,,,,,
𣩁,5,0,0,,,0,,,,,
𣩂,5,0,0,,,0,,,,,
𣩃,5,0,0,ケイ キョウ ゴウ,きみ,0,,,,,
𣩄,5,0,0,アイ コウ,,0,,,,,
𣩅,5,0,0,コウ,,0,,,,,
𣩆,5,0,0,ベイ,,0,,,,,
𣩇,5,0,0,フ,,0,,,,,
𣩈,5,0,0,サ シャ,,0,,,,,
𣩉,5,0,0,エイ,,0,,,,,
𣩊,5,0,0,,,0,,,,,
𣩋,5,0,0,ソ,,0,,,,,
𣩌,5,0,0,,,0,,,,,
𣩍,5,0,0,リク,,0,,,,,
𣩎,5,0,0,バク,,0,,,,,
𣩏,5,0,0,ロク,,0,,,,,
𣩐,5,0,0,シュク,,0,,,,,
𣩑,5,0,0,サイ セ,,0,,,,,
𣩒,5,0,0,ソウ,,0,,,,,
𣩓,5,0,0,ソウ,,0,,,,,
𣩔,5,0,0,カン,,0,,,,,
𣩕,5,0,0,ソ,,0,,,,,
𣩖,5,0,0,スイ,,0,,,,,
𣩗,5,0,0,,,0,,,,,
𣩘,5,0,0,,,0,,,,,
𣩙,5,0,0,エン,,0,,,,,
𣩚,5,0,0,ジ,,0,,,,,
𣩛,5,0,0,,,0,,,,,
𣩜,5,0,0,,,0,,,,,
𣩝,5,0,0,カン,,0,,,,,
𣩞,5,0,0,カン,,0,,,,,
𣩟,5,0,0,トウ,,0,,,,,
𣩠,5,0,0,シ,,0,,,,,
𣩡,5,0,0,サイ セ,,0,,,,,
𣩢,5,0,0,リョウ,,0,,,,,
𣩣,5,0,0,ヨウ,,0,,,,,
𣩤,5,0,0,,,0,,,,,
𣩥,5,0,0,,,0,,,,,
𣩦,5,0,0,,,0,,,,,
𣩧,5,0,0,ゼン,,0,,,,,
𣩨,5,0,0,ヨウ,,0,,,,,
𣩩,5,0,0,ヘキ,,0,,,,,
𣩪,5,0,0,ワイ エ,,0,,,,,
𣩫,5,0,0,ヨウ,,0,,,,,
𣩬,5,0,0,シ,,0,,,,,
𣩭,5,0,0,ボツ モチ,,0,,,,,
𣩮,5,0,0,,,0,,,,,
𣩯,5,0,0,ヨウ,,0,,,,,
𣩰,5,0,0,チョウ ジョウ,,0,,,,,
𣩱,5,0,0,アイ コウ,,0,,,,,
𣩲,5,0,0,キン,,0,,,,,
𣩳,5,0,0,サン,,0,,,,,
𣩴,5,0,0,キョウ ゴウ,,0,,,,,
𣩵,5,0,0,ヒン,かりもがり,0,,,,,
𣩶,5,0,0,カイ,,0,,,,,
𣩷,5,0,0,ソ,,0,,,,,
𣩸,5,0,0,,,0,,,,,
𣩹,5,0,0,カイ ケ エ,こわす,0,,,,,
𣩺,5,0,0,イク,,0,,,,,
𣩻,5,0,0,カイ エ,,0,,,,,
𣩼,5,0,0,ラン,,0,,,,,
𣩽,5,0,0,,,0,,,,,
𣩾,5,0,0,コウ,,0,,,,,
𣩿,5,0,0,ラ,,0,,,,,
𣪀,5,0,0,テン,,0,,,,,
𣪁,5,0,0,,,0,,,,,
𣪂,5,0,0,ハン,,0,,,,,
𣪃,5,0,0,タン,,0,,,,,
𣪄,5,0,0,キン,,0,,,,,
𣪅,5,0,0,オウ,,0,,,,,
𣪆,5,0,0,サツ,,0,,,,,
𣪇,5,0,0,カ,,0,,,,,
𣪈,5,0,0,,,0,,,,,
𣪉,5,0,0,キュウ,,0,,,,,
𣪊,5,0,0,カク コク,から,0,,,,,
𣪋,5,0,0,キュウ ク,すくう すくい,0,,,,,
𣪌,5,0,0,トウ ズ,,0,,,,,
𣪍,5,0,0,デン,,0,,,,,
𣪎,5,0,0,,,0,,,,,
𣪏,5,0,0,カン,,0,,,,,
𣪐,5,0,0,シュウ ジュ,,0,,,,,
𣪑,5,0,0,,,0,,,,,
𣪒,5,0,0,,,0,,,,,
𣪓,5,0,0,,,0,,,,,
𣪔,5,0,0,,,0,,,,,
𣪕,5,0,0,,,0,,,,,
𣪖,5,0,0,サツ,,0,,,,,
𣪗,5,0,0,カク,,0,,,,,
𣪘,5,4,0,,,0,,,,,
𣪙,5,0,0,キュウ,,0,,,,,
𣪚,5,0,0,サン,ちる,0,,,,,
𣪛,5,0,0,カク コク,,0,,,,,
𣪜,5,0,0,,,0,,,,,
𣪝,5,0,0,,,0,,,,,
𣪞,5,0,0,,,0,,,,,
𣪟,5,0,0,,,0,,,,,
𣪠,5,0,0,,,0,,,,,
𣪡,5,0,0,イ,,0,,,,,
𣪢,5,0,0,,,0,,,,,
𣪣,5,0,0,キ,,0,,,,,
𣪤,5,0,0,,,0,,,,,
𣪥,5,0,0,,,0,,,,,
𣪦,5,0,0,,,0,,,,,
𣪧,5,0,0,,,0,,,,,
𣪨,5,0,0,,,0,,,,,
𣪩,5,0,0,サツ,,0,,,,,
𣪪,5,0,0,デン,,0,,,,,
𣪫,5,0,0,,,0,,,,,
𣪬,5,0,0,,,0,,,,,
𣪭,5,0,0,ヘン,,0,,,,,
𣪮,5,0,0,サイ,,0,,,,,
𣪯,5,0,0,トウ ズ キュウ ク,,0,,,,,
𣪰,5,0,0,ワン,,0,,,,,
𣪱,5,0,0,,,0,,,,,
𣪲,5,0,0,サク,,0,,,,,
𣪳,5,0,0,カク,,0,,,,,
𣪴,5,0,0,ギ ゲ キ,たけし つよい,0,,,,,
𣪵,5,0,0,,,0,,,,,
𣪶,5,0,0,サン,,0,,,,,
𣪷,5,0,0,キ,,0,,,,,
𣪸,5,0,0,コウ,,0,,,,,
𣪹,5,0,0,カク,,0,,,,,
𣪺,5,0,0,,,0,,,,,
𣪻,5,0,0,,,0,,,,,
𣪼,5,0,0,トウ,,0,,,,,
𣪽,5,0,0,キョウ,,0,,,,,
𣪾,5,0,0,シュウ チュウ ジュウ,,0,,,,,
𣪿,5,0,0,,,0,,,,,
𣫀,5,0,0,コク,,0,,,,,
𣫁,5,0,0,コウ,,0,,,,,
𣫂,5,0,0,,,0,,,,,
𣫃,5,0,0,,,0,,,,,
𣫄,5,0,0,,,0,,,,,
𣫅,5,0,0,,,0,,,,,
𣫆,5,0,0,,,0,,,,,
𣫇,5,0,0,,,0,,,,,
𣫈,5,0,0,,,0,,,,,
𣫉,5,0,0,カイ,,0,,,,,
𣫊,5,0,0,コ,,0,,,,,
𣫋,5,0,0,,,0,,,,,
𣫌,5,0,0,コウ,,0,,,,,
𣫍,5,0,0,,,0,,,,,
𣫎,5,0,0,,,0,,,,,
𣫏,5,0,0,,,0,,,,,
𣫐,5,0,0,シュウ,,0,,,,,
𣫑,5,0,0,,,0,,,,,
𣫒,5,0,0,コウ キョウ,,0,,,,,
𣫓,5,0,0,コク,,0,,,,,
𣫔,5,0,0,,,0,,,,,
𣫕,5,0,0,,,0,,,,,
𣫖,5,0,0,キ,,0,,,,,
𣫗,5,0,0,,,0,,,,,
𣫘,5,0,0,カク,,0,,,,,
𣫙,5,0,0,エイ,,0,,,,,
𣫚,5,0,0,キ,,0,,,,,
𣫛,5,0,0,,,0,,,,,
𣫜,5,0,0,ドウ,,0,,,,,
𣫝,5,0,0,コウ,,0,,,,,
𣫞,5,0,0,サク,,0,,,,,
𣫟,5,0,0,トウ,,0,,,,,
𣫠,5,0,0,,,0,,,,,
𣫡,5,0,0,カン,,0,,,,,
𣫢,5,0,0,,,0,,,,,
𣫣,5,0,0,ロウ ル,,0,,,,,
𣫤,5,0,0,トウ,,0,,,,,
𣫥,5,0,0,リ,,0,,,,,
𣫦,5,0,0,ケイ,,0,,,,,
𣫧,5,0,0,レキ リャク,,0,,,,,
𣫨,5,0,0,ケイ,,0,,,,,
𣫩,5,0,0,サク,,0,,,,,
𣫪,5,0,0,イ,,0,,,,,
𣫫,5,0,0,サク,,0,,,,,
𣫬,5,0,0,モウ,,0,,,,,
𣫭,5,0,0,マイ,,0,,,,,
𣫮,5,0,0,,,0,,,,,
𣫯,5,0,0,ハン,,0,,,,,
𣫰,5,0,0,,,0,,,,,
𣫱,5,0,0,キ,,0,,,,,
𣫲,5,0,0,,,0,,,,,
𣫳,5,0,0,コウ,,0,,,,,
𣫴,5,0,0,ケイ エ,,0,,,,,
𣫵,5,0,0,,,0,,,,,
𣫶,5,0,0,,,0,,,,,
𣫷,5,0,0,,,0,,,,,
𣫸,5,0,0,,,0,,,,,
𣫹,5,0,0,タイ,,0,,,,,
𣫺,5,0,0,イク,,0,,,,,
𣫻,5,0,0,ロウ,,0,,,,,
𣫼,5,0,0,,,0,,,,,
𣫽,5,0,0,,,0,,,,,
𣫾,5,0,0,,,0,,,,,
𣫿,5,0,0,,,0,,,,,
𣬀,5,0,0,,,0,,,,,
𣬁,5,0,0,,,0,,,,,
𣬂,5,0,0,ハン,,0,,,,,
𣬃,5,0,0,ロウ,,0,,,,,
𣬄,5,0,0,,,0,,,,,
𣬅,5,0,0,ヒ,,0,,,,,
𣬆,5,0,0,ハイ ベ,,0,,,,,
𣬇,5,0,0,,,0,,,,,
𣬈,5,0,0,ヒ,,0,,,,,
𣬉,5,0,0,ヒ,,0,,,,,
𣬊,5,0,0,ハイ,,0,,,,,
𣬋,5,0,0,チャク,,0,,,,,
𣬌,5,0,0,ジ,,0,,,,,
𣬍,5,0,0,ヒ,,0,,,,,
𣬎,5,0,0,ケツ ケチ,,0,,,,,
𣬏,5,0,0,ケン ゲン ジョ ニョ,,0,,,,,
𣬐,5,0,0,,,0,,,,,
𣬑,5,0,0,コン,,0,,,,,
𣬒,5,0,0,シ,,0,,,,,
𣬓,5,0,0,ハイ,,0,,,,,
𣬔,5,0,0,,,0,,,,,
𣬕,5,0,0,シャ グ ゴ,,0,,,,,
𣬖,5,0,0,ヒ,,0,,,,,
𣬗,5,0,0,ズイ ニ,,0,,,,,
𣬘,5,0,0,,,0,,,,,
𣬙,5,0,0,ケイ ギョウ,,0,,,,,
𣬚,5,0,0,ハク ヒャク,,0,,,,,
𣬛,5,0,0,サン,,0,,,,,
𣬜,5,0,0,トク,,0,,,,,
𣬝,5,0,0,,,0,,,,,
𣬞,5,0,0,,,0,,,,,
𣬟,5,0,0,,,0,,,,,
𣬠,5,0,0,,,0,,,,,
𣬡,5,0,0,キ,,0,,,,,
𣬢,5,0,0,ホウ,,0,,,,,
𣬣,5,0,0,コ,,0,,,,,
𣬤,5,0,0,,,0,,,,,
𣬥,5,0,0,,,0,,,,,
𣬦,5,0,0,,,0,,,,,
𣬧,5,0,0,,,0,,,,,
𣬨,5,0,0,,,0,,,,,
𣬩,5,0,0,フン ブン,,0,,,,,
𣬪,5,0,0,ハイ ベ,,0,,,,,
𣬫,5,0,0,カイ,,0,,,,,
𣬬,5,0,0,ソウ,,0,,,,,
𣬭,5,0,0,ゼン,,0,,,,,
𣬮,5,0,0,ヒ,,0,,,,,
𣬯,5,0,0,,,0,,,,,
𣬰,5,0,0,,,0,,,,,
𣬱,5,0,0,,,0,,,,,
𣬲,5,0,0,,,0,,,,,
𣬳,5,0,0,,,0,,,,,
𣬴,5,0,0,テキ,,0,,,,,
𣬵,5,0,0,,,0,,,,,
𣬶,5,0,0,,,0,,,,,
𣬷,5,0,0,,,0,,,,,
𣬸,5,0,0,チョウ ジョウ,,0,,,,,
𣬹,5,0,0,レイ リョウ レン,,0,,,,,
𣬺,5,0,0,ソウ ショウ,,0,,,,,
𣬻,5,0,0,シン,,0,,,,,
𣬼,5,0,0,ヒ,,0,,,,,
𣬽,5,0,0,ボウ モ,,0,,,,,
𣬾,5,0,0,ハイ,,0,,,,,
𣬿,5,0,0,タク チャク,,0,,,,,
𣭀,5,0,0,ホウ,,0,,,,,
𣭁,5,0,0,ヒ,,0,,,,,
𣭂,5,0,0,,,0,,,,,
𣭃,5,0,0,,,0,,,,,
𣭄,5,0,0,,,0,,,,,
𣭅,5,0,0,ボウ,,0,,,,,
𣭆,5,0,0,,,0,,,,,
𣭇,5,0,0,ル,,0,,,,,
𣭈,5,0,0,,,0,,,,,
𣭉,5,0,0,,,0,,,,,
𣭊,5,0,0,,,0,,,,,
𣭋,5,0,0,,,0,,,,,
𣭌,5,0,0,,,0,,,,,
𣭍,5,0,0,,,0,,,,,
𣭎,5,0,0,,,0,,,,,
𣭏,5,0,0,,,0,,,,,
𣭐,5,0,0,,まり,0,,,,,
𣭑,5,0,0,,,0,,,,,
𣭒,5,0,0,,,0,,,,,
𣭓,5,0,0,,,0,,,,,
𣭔,5,0,0,,,0,,,,,
𣭕,5,0,0,,,0,,,,,
𣭖,5,0,0,コウ,,0,,,,,
𣭗,5,0,0,トウ,,0,,,,,
𣭘,5,0,0,フツ,,0,,,,,
𣭙,5,0,0,,,0,,,,,
𣭚,5,0,0,,,0,,,,,
𣭛,5,0,0,,,0,,,,,
𣭜,5,0,0,ボク,,0,,,,,
𣭝,5,0,0,コウ,,0,,,,,
𣭞,5,0,0,ジ,,0,,,,,
𣭟,5,0,0,セン,,0,,,,,
𣭠,5,0,0,ジョ ニョ,,0,,,,,
𣭡,5,0,0,セツ セチ,,0,,,,,
𣭢,5,0,0,ボウ,,0,,,,,
𣭣,5,0,0,セン,,0,,,,,
𣭤,5,0,0,,,0,,,,,
𣭥,5,0,0,,,0,,,,,
𣭦,5,0,0,,,0,,,,,
𣭧,5,0,0,,,0,,,,,
𣭨,5,0,0,,,0,,,,,
𣭩,5,0,0,,,0,,,,,
𣭪,5,0,0,,,0,,,,,
𣭫,5,0,0,,,0,,,,,
𣭬,5,0,0,,,0,,,,,
𣭭,5,0,0,リ,,0,,,,,
𣭮,5,0,0,ボウ,,0,,,,,
𣭯,5,0,0,,,0,,,,,
𣭰,5,0,0,,,0,,,,,
𣭱,5,0,0,ショウ,,0,,,,,
𣭲,5,0,0,ジョウ,,0,,,,,
𣭳,5,0,0,キュウ,,0,,,,,
𣭴,5,0,0,ス シュ,,0,,,,,
𣭵,5,0,0,シュ,,0,,,,,
𣭶,5,0,0,ショウ,,0,,,,,
𣭷,5,0,0,ホツ ボチ,,0,,,,,
𣭸,5,0,0,カツ,,0,,,,,
𣭹,5,0,0,コウ,,0,,,,,
𣭺,5,0,0,ドウ ニョウ,,0,,,,,
𣭻,5,0,0,エン,,0,,,,,
𣭼,5,0,0,ニョウ,,0,,,,,
𣭽,5,0,0,ドウ,,0,,,,,
𣭾,5,0,0,,,0,,,,,
𣭿,5,0,0,,,0,,,,,
𣮀,5,0,0,,,0,,,,,
𣮁,5,0,0,,,0,,,,,
𣮂,5,0,0,,,0,,,,,
𣮃,5,0,0,ホウ ビョウ,,0,,,,,
𣮄,5,0,0,スイ,,0,,,,,
𣮅,5,0,0,,,0,,,,,
𣮆,5,0,0,,,0,,,,,
𣮇,5,0,0,,,0,,,,,
𣮈,5,0,0,クツ グチ,,0,,,,,
𣮉,5,0,0,リ ライ,,0,,,,,
𣮊,5,0,0,トク チョク チキ,,0,,,,,
𣮋,5,0,0,リ,,0,,,,,
𣮌,5,0,0,ショウ,,0,,,,,
𣮍,5,0,0,ショウ,,0,,,,,
𣮎,5,0,0,コン,,0,,,,,
𣮏,5,0,0,セン,,0,,,,,
𣮐,5,0,0,ヘキ ビャク,,0,,,,,
𣮑,5,0,0,ショウ,,0,,,,,
𣮒,5,0,0,ショウ,,0,,,,,
𣮓,5,0,0,,,0,,,,,
𣮔,5,0,0,ク グ,,0,,,,,
𣮕,5,0,0,キク,,0,,,,,
𣮖,5,0,0,,,0,,,,,
𣮗,5,0,0,,,0,,,,,
𣮘,5,0,0,,,0,,,,,
𣮙,5,0,0,,,0,,,,,
𣮚,5,0,0,,,0,,,,,
𣮛,5,0,0,,,0,,,,,
𣮜,5,0,0,,,0,,,,,
𣮝,5,0,0,,,0,,,,,
𣮞,5,0,0,,,0,,,,,
𣮟,5,0,0,,,0,,,,,
𣮠,5,0,0,サン,,0,,,,,
𣮡,5,0,0,ホウ,,0,,,,,
𣮢,5,0,0,キ,,0,,,,,
𣮣,5,0,0,ショウ,,0,,,,,
𣮤,5,0,0,,,0,,,,,
𣮥,5,0,0,,,0,,,,,
𣮦,5,0,0,,,0,,,,,
𣮧,5,0,0,ホウ,,0,,,,,
𣮨,5,0,0,,,0,,,,,
𣮩,5,0,0,ジョウ,,0,,,,,
𣮪,5,0,0,ジュウ ニュ,,0,,,,,
𣮫,5,0,0,カ ケ,,0,,,,,
𣮬,5,0,0,シュウ シュ ソウ ショ ソ,,0,,,,,
𣮭,5,0,0,,,0,,,,,
𣮮,5,0,0,ビ,,0,,,,,
𣮯,5,0,0,シュウ,,0,,,,,
𣮰,5,0,0,,,0,,,,,
𣮱,5,0,0,カ,,0,,,,,
𣮲,5,0,0,タ,,0,,,,,
𣮳,5,0,0,ボウ,,0,,,,,
𣮴,5,0,0,キク,,0,,,,,
𣮵,5,0,0,,,0,,,,,
𣮶,5,0,0,,,0,,,,,
𣮷,5,0,0,,,0,,,,,
𣮸,5,0,0,シュウ シュ ソウ ショ,,0,,,,,
𣮹,5,0,0,,,0,,,,,
𣮺,5,0,0,,,0,,,,,
𣮻,5,0,0,,,0,,,,,
𣮼,5,0,0,,,0,,,,,
𣮽,5,0,0,,,0,,,,,
𣮾,5,0,0,セン,,0,,,,,
𣮿,5,0,0,セン,,0,,,,,
𣯀,5,0,0,,,0,,,,,
𣯁,5,0,0,,,0,,,,,
𣯂,5,0,0,ホウ,,0,,,,,
𣯃,5,0,0,シ,,0,,,,,
𣯄,5,0,0,,,0,,,,,
𣯅,5,0,0,ケイ,,0,,,,,
𣯆,5,0,0,キ ギ,,0,,,,,
𣯇,5,0,0,カツ ガチ,,0,,,,,
𣯈,5,0,0,トウ,,0,,,,,
𣯉,5,0,0,チョウ,,0,,,,,
𣯊,5,0,0,ホウ,,0,,,,,
𣯋,5,0,0,ジョク ニク,,0,,,,,
𣯌,5,0,0,サ,,0,,,,,
𣯍,5,0,0,ジョウ ニュ ジュン ニン,,0,,,,,
𣯎,5,0,0,オツ オチ,,0,,,,,
𣯏,5,0,0,ジョウ ニュ,,0,,,,,
𣯐,5,0,0,ジュウ ニュ,,0,,,,,
𣯑,5,0,0,,,0,,,,,
𣯒,5,0,0,ク,,0,,,,,
𣯓,5,0,0,ホウ,,0,,,,,
𣯔,5,0,0,,,0,,,,,
𣯕,5,0,0,リ,,0,,,,,
𣯖,5,0,0,,,0,,,,,
𣯗,5,0,0,,,0,,,,,
𣯘,5,0,0,,,0,,,,,
𣯙,5,0,0,,,0,,,,,
𣯚,5,0,0,,,0,,,,,
𣯛,5,0,0,,,0,,,,,
𣯜,5,0,0,シュウ,,0,,,,,
𣯝,5,0,0,ゼイ,,0,,,,,
𣯞,5,0,0,,,0,,,,,
𣯟,5,0,0,ホウ,,0,,,,,
𣯠,5,0,0,,,0,,,,,
𣯡,5,0,0,,,0,,,,,
𣯢,5,0,0,サ,,0,,,,,
𣯣,5,0,0,,,0,,,,,
𣯤,5,0,0,リ,,0,,,,,
𣯥,5,0,0,ショウ,,0,,,,,
𣯦,5,0,0,ケイ,,0,,,,,
𣯧,5,0,0,サイ,,0,,,,,
𣯨,5,0,0,ショウ シュ,,0,,,,,
𣯩,5,0,0,ボン モン,,0,,,,,
𣯪,5,0,0,シ,,0,,,,,
𣯫,5,0,0,ル,,0,,,,,
𣯬,5,0,0,ボウ モウ,,0,,,,,
𣯭,5,0,0,ダイ ナイ,,0,,,,,
𣯮,5,0,0,ショウ,,0,,,,,
𣯯,5,0,0,サイ,,0,,,,,
𣯰,5,0,0,ショウ,,0,,,,,
𣯱,5,0,0,ハイ,,0,,,,,
𣯲,5,0,0,キク,,0,,,,,
𣯳,5,0,0,,,0,,,,,
𣯴,5,0,0,,,0,,,,,
𣯵,5,0,0,テキ,,0,,,,,
𣯶,5,0,0,,,0,,,,,
𣯷,5,0,0,,,0,,,,,
𣯸,5,0,0,ク,,0,,,,,
𣯹,5,0,0,キョウ ギョウ,,0,,,,,
𣯺,5,0,0,サン,,0,,,,,
𣯻,5,0,0,フン ヒ ハン,,0,,,,,
𣯼,5,0,0,ショク ソク,,0,,,,,
𣯽,5,0,0,ホウ,,0,,,,,
𣯾,5,0,0,トウ,,0,,,,,
𣯿,5,0,0,,,0,,,,,
𣰀,5,0,0,,,0,,,,,
𣰁,5,0,0,,,0,,,,,
𣰂,5,0,0,,,0,,,,,
𣰃,5,0,0,シュ,,0,,,,,
𣰄,5,0,0,,,0,,,,,
𣰅,5,0,0,,,0,,,,,
𣰆,5,0,0,トウ,,0,,,,,
𣰇,5,0,0,,,0,,,,,
𣰈,5,0,0,,,0,,,,,
𣰉,5,0,0,ショウ,,0,,,,,
𣰊,5,0,0,ドウ ニョウ,,0,,,,,
𣰋,5,0,0,ク,,0,,,,,
𣰌,5,0,0,リョウ,,0,,,,,
𣰍,5,0,0,ショウ,,0,,,,,
𣰎,5,0,0,ス シュ,,0,,,,,
𣰏,5,0,0,,,0,,,,,
𣰐,5,0,0,キュウ,,0,,,,,
𣰑,5,0,0,,,0,,,,,
𣰒,5,0,0,,,0,,,,,
𣰓,5,0,0,,,0,,,,,
𣰔,5,0,0,セン,,0,,,,,
𣰕,5,0,0,,,0,,,,,
𣰖,5,0,0,セイ,,0,,,,,
𣰗,5,0,0,セイ,,0,,,,,
𣰘,5,0,0,コン,,0,,,,,
𣰙,5,0,0,,,0,,,,,
𣰚,5,0,0,セイ セ,,0,,,,,
𣰛,5,0,0,アイ,,0,,,,,
𣰜,5,0,0,ヒョウ,,0,,,,,
𣰝,5,0,0,,,0,,,,,
𣰞,5,0,0,ショウ,,0,,,,,
𣰟,5,0,0,シュ,,0,,,,,
𣰠,5,0,0,ク,,0,,,,,
𣰡,5,0,0,キョ ゴ,,0,,,,,
𣰢,5,0,0,ル,,0,,,,,
𣰣,5,0,0,,,0,,,,,
𣰤,5,0,0,,,0,,,,,
𣰥,5,0,0,,,0,,,,,
𣰦,5,0,0,,,0,,,,,
𣰧,5,0,0,,,0,,,,,
𣰨,5,0,0,ヒン,,0,,,,,
𣰩,5,0,0,ソウ,,0,,,,,
𣰪,5,0,0,,,0,,,,,
𣰫,5,0,0,リョウ,,0,,,,,
𣰬,5,0,0,トク ドク,,0,,,,,
𣰭,5,0,0,チョウ,,0,,,,,
𣰮,5,0,0,ショク ソク,,0,,,,,
𣰯,5,0,0,,,0,,,,,
𣰰,5,0,0,,,0,,,,,
𣰱,5,0,0,,,0,,,,,
𣰲,5,0,0,ジョウ,,0,,,,,
𣰳,5,0,0,,,0,,,,,
𣰴,5,0,0,,,0,,,,,
𣰵,5,0,0,,,0,,,,,
𣰶,5,0,0,ジョウ ニョウ ドウ ノウ,,0,,,,,
𣰷,5,0,0,セン,,0,,,,,
𣰸,5,0,0,チョウ,,0,,,,,
𣰹,5,0,0,,,0,,,,,
𣰺,5,0,0,トウ ドウ,,0,,,,,
𣰻,5,0,0,,,0,,,,,
𣰼,5,0,0,ジョウ ニョウ,,0,,,,,
𣰽,5,0,0,,,0,,,,,
𣰾,5,0,0,,,0,,,,,
𣰿,5,0,0,ス シュ,,0,,,,,
𣱀,5,0,0,ラ,,0,,,,,
𣱁,5,0,0,,,0,,,,,
𣱂,5,0,0,コン,,0,,,,,
𣱃,5,0,0,,,0,,,,,
𣱄,5,0,0,ゼン,,0,,,,,
𣱅,5,0,0,ボウ,,0,,,,,
𣱆,5,0,0,,,0,,,,,
𣱇,5,0,0,シ,,0,,,,,
𣱈,5,0,0,ビン ミン,,0,,,,,
𣱉,5,0,0,ブン モン ボウ,,0,,,,,
𣱊,5,0,0,シ,,0,,,,,
𣱋,5,0,0,,,0,,,,,
𣱌,5,0,0,,,0,,,,,
𣱍,5,0,0,タン,,0,,,,,
𣱎,5,0,0,テツ,,0,,,,,
𣱏,5,0,0,オ,,0,,,,,
𣱐,5,0,0,イン チ エイ,,0,,,,,
𣱑,5,0,0,イン,,0,,,,,
𣱒,5,0,0,イン,,0,,,,,
𣱓,5,0,0,コウ ギョウ ゴウ,,0,,,,,
𣱔,5,0,0,,,0,,,,,
𣱕,5,0,0,キ,,0,,,,,
𣱖,5,0,0,キ,,0,,,,,
𣱗,5,0,0,,,0,,,,,
𣱘,5,0,0,,,0,,,,,
𣱙,5,0,0,イン,,0,,,,,
𣱚,5,0,0,キ,,0,,,,,
𣱛,5,0,0,キ ケ,,0,,,,,
𣱜,5,0,0,イン,,0,,,,,
𣱝,5,0,0,,,0,,,,,
𣱞,5,0,0,キ,,0,,,,,
𣱟,5,0,0,,,0,,,,,
𣱠,5,0,0,リツ,,0,,,,,
𣱡,5,0,0,シュン,,0,,,,,
𣱢,5,0,0,,,0,,,,,
𣱣,5,0,0,,,0,,,,,
𣱤,5,0,0,ギツ,,0,,,,,
𣱥,5,0,0,,,0,,,,,
𣱦,5,0,0,フン,,0,,,,,
𣱧,5,0,0,,,0,,,,,
𣱨,5,0,0,,,0,,,,,
𣱩,5,0,0,ショウ,,0,,,,,
𣱪,5,0,0,ソウ,,0,,,,,
𣱫,5,0,0,カク,,0,,,,,
𣱬,5,0,0,,,0,,,,,
𣱭,5,0,0,,,0,,,,,
𣱮,5,0,0,ケイ,,0,,,,,
𣱯,5,0,0,ソウ,,0,,,,,
𣱰,5,0,0,,,0,,,,,
𣱱,5,0,0,サ,,0,,,,,
𣱲,5,0,0,,,0,,,,,
𣱳,5,0,0,リュウ ル,,0,,,,,
𣱴,5,0,0,オ,,0,,,,,
𣱵,5,0,0,エイ,,0,,,,,
𣱶,5,0,0,ホク,,0,,,,,
𣱷,5,0,0,カ,,0,,,,,
𣱸,5,0,0,,,0,,,,,
𣱹,5,0,0,,,0,,,,,
𣱺,5,0,0,ハツ ハチ,,0,,,,,
𣱻,5,0,0,ジ,,0,,,,,
𣱼,5,0,0,,,0,,,,,
𣱽,5,0,0,シン,,0,,,,,
𣱾,5,0,0,,,0,,,,,
𣱿,5,4,0,,ぬか,0,,,,,
𣲀,5,0,0,セン,,0,,,,,
𣲁,5,0,0,キツ,,0,,,,,
𣲂,5,0,0,スイ,,0,,,,,
𣲃,5,0,0,トン,,0,,,,,
𣲄,5,0,0,キュウ,,0,,,,,
𣲅,5,0,0,,,0,,,,,
𣲆,5,0,0,,,0,,,,,
𣲇,5,0,0,,,0,,,,,
𣲈,5,0,0,,,0,,,,,
𣲉,5,0,0,,,0,,,,,
𣲊,5,0,0,コク,,0,,,,,
𣲋,5,0,0,チ,,0,,,,,
𣲌,5,0,0,,,0,,,,,
𣲍,5,0,0,,,0,,,,,
𣲎,5,0,0,イン,,0,,,,,
𣲏,5,0,0,ユウ,,0,,,,,
𣲐,5,0,0,,,0,,,,,
𣲑,5,0,0,,,0,,,,,
𣲒,5,0,0,リョク リキ,,0,,,,,
𣲓,5,0,0,サ,,0,,,,,
𣲔,5,0,0,キュウ,,0,,,,,
𣲕,5,0,0,タン,,0,,,,,
𣲖,5,0,0,,,0,,,,,
𣲗,5,0,0,,,0,,,,,
𣲘,5,0,0,,,0,,,,,
𣲙,5,0,0,,,0,,,,,
𣲚,5,0,0,,,0,,,,,
𣲛,5,0,0,,,0,,,,,
𣲜,5,0,0,エイ,,0,,,,,
𣲝,5,0,0,ヒョウ,,0,,,,,
𣲞,5,0,0,,,0,,,,,
𣲟,5,0,0,セツ,,0,,,,,
𣲠,5,0,0,セキ,,0,,,,,
𣲡,5,0,0,サ,,0,,,,,
𣲢,5,0,0,,,0,,,,,
𣲣,5,0,0,,,0,,,,,
𣲤,5,0,0,,,0,,,,,
𣲥,5,0,0,,,0,,,,,
𣲦,5,0,0,,,0,,,,,
𣲧,5,0,0,,,0,,,,,
𣲨,5,0,0,コ ゴ,いつ さえ こおる さむい,0,,,,,
𣲩,5,0,0,,,0,,,,,
𣲪,5,0,0,,,0,,,,,
𣲫,5,0,0,,,0,,,,,
𣲬,5,0,0,,,0,,,,,
𣲭,5,0,0,,,0,,,,,
𣲮,5,0,0,,,0,,,,,
𣲯,5,0,0,,,0,,,,,
𣲰,5,0,0,,,0,,,,,
𣲱,5,0,0,トツ,,0,,,,,
𣲲,5,0,0,カ ワ,,0,,,,,
𣲳,5,0,0,ハ,,0,,,,,
𣲴,5,0,0,フツ,,0,,,,,
𣲵,5,0,0,シ キ,,0,,,,,
𣲶,5,0,0,ジュウ ニュ,,0,,,,,
𣲷,5,0,0,ジュウ ニュウ,,0,,,,,
𣲸,5,0,0,カイ,,0,,,,,
𣲹,5,0,0,タン,,0,,,,,
𣲺,5,0,0,ケツ,,0,,,,,
𣲻,5,0,0,キョ,,0,,,,,
𣲼,5,0,0,キ,,0,,,,,
𣲽,5,0,0,ジョウ ニュ,,0,,,,,
𣲾,5,0,0,カイ,,0,,,,,
𣲿,5,0,0,ドウ,,0,,,,,
𣳀,5,0,0,シュウ,,0,,,,,
𣳁,5,0,0,ソウ,,0,,,,,
𣳂,5,0,0,コク,,0,,,,,
𣳃,5,0,0,,,0,,,,,
𣳄,5,0,0,タン,,0,,,,,
𣳅,5,0,0,レイ,,0,,,,,
𣳆,5,0,0,,,0,,,,,
𣳇,5,0,0,,,0,,,,,
𣳈,5,0,0,,,0,,,,,
𣳉,5,0,0,,,0,,,,,
𣳊,5,0,0,シツ,,0,,,,,
𣳋,5,0,0,ハン,,0,,,,,
𣳌,5,0,0,,,0,,,,,
𣳍,5,0,0,,,0,,,,,
𣳎,5,0,0,,,0,,,,,
𣳏,5,0,0,,,0,,,,,
𣳐,5,0,0,,,0,,,,,
𣳑,5,0,0,,,0,,,,,
𣳒,5,0,0,,,0,,,,,
𣳓,5,0,0,,,0,,,,,
𣳔,5,0,0,,,0,,,,,
𣳕,5,0,0,,,0,,,,,
𣳖,5,0,0,,,0,,,,,
𣳗,5,0,0,,,0,,,,,
𣳘,5,0,0,セツ,もれる,0,,,,,
𣳙,5,0,0,ソ,,0,,,,,
𣳚,5,0,0,ボツ モチ バイ メ バ,,0,,,,,
𣳛,5,0,0,リュウ,,0,,,,,
𣳜,5,0,0,,,0,,,,,
𣳝,5,0,0,ハン,,0,,,,,
𣳞,5,0,0,コウ ゴウ,,0,,,,,
𣳟,5,0,0,セイ,,0,,,,,
𣳠,5,0,0,ボ,,0,,,,,
𣳡,5,0,0,,,0,,,,,
𣳢,5,0,0,,,0,,,,,
𣳣,5,0,0,キク,,0,,,,,
𣳤,5,0,0,タン,,0,,,,,
𣳥,5,0,0,ト,,0,,,,,
𣳦,5,0,0,セイ サイ シン,,0,,,,,
𣳧,5,0,0,セン,,0,,,,,
𣳨,5,0,0,タイ,,0,,,,,
𣳩,5,0,0,シ,,0,,,,,
𣳪,5,0,0,シ リ,,0,,,,,
𣳫,5,0,0,オウ,,0,,,,,
𣳬,5,0,0,キョク,,0,,,,,
𣳭,5,0,0,ヒョウ ビョウ,,0,,,,,
𣳮,5,0,0,チ,,0,,,,,
𣳯,5,0,0,ジ,,0,,,,,
𣳰,5,0,0,ホン,,0,,,,,
𣳱,5,0,0,ケツ,,0,,,,,
𣳲,5,0,0,ケン,,0,,,,,
𣳳,5,0,0,サイ,,0,,,,,
𣳴,5,0,0,ホウ,,0,,,,,
𣳵,5,0,0,,,0,,,,,
𣳶,5,0,0,ヒ,,0,,,,,
𣳷,5,0,0,ヒョウ ビョウ,,0,,,,,
𣳸,5,0,0,,,0,,,,,
𣳹,5,0,0,,,0,,,,,
𣳺,5,0,0,,,0,,,,,
𣳻,5,0,0,,,0,,,,,
𣳼,5,0,0,,,0,,,,,
𣳽,5,0,0,,,0,,,,,
𣳾,5,3,0,タイ,やすい おおきい,0,,,,,
𣳿,5,0,0,,,0,,,,,
𣴀,5,4,0,,す,0,,,,,
𣴁,5,0,0,シュウ,,0,,,,,
𣴂,5,0,0,,,0,,,,,
𣴃,5,0,0,,,0,,,,,
𣴄,5,0,0,,,0,,,,,
𣴅,5,0,0,,,0,,,,,
𣴆,5,0,0,,,0,,,,,
𣴇,5,0,0,,,0,,,,,
𣴈,5,0,0,,,0,,,,,
𣴉,5,0,0,,,0,,,,,
𣴊,5,0,0,,,0,,,,,
𣴋,5,0,0,,,0,,,,,
𣴌,5,0,0,,,0,,,,,
𣴍,5,0,0,,,0,,,,,
𣴎,5,4,0,ショウ ジョウ セイ ソウ ゾウ チョウ,うけたまわる うける,0,,,,,
𣴏,5,0,0,,,0,,,,,
𣴐,5,0,0,,,0,,,,,
𣴑,5,0,0,リュウ,,0,,,,,
𣴒,5,0,0,ケン,,0,,,,,
𣴓,5,0,0,,,0,,,,,
𣴔,5,0,0,ソ,,0,,,,,
𣴕,5,0,0,コウ,,0,,,,,
𣴖,5,0,0,サツ サチ,,0,,,,,
𣴗,5,0,0,,,0,,,,,
𣴘,5,0,0,,,0,,,,,
𣴙,5,0,0,,,0,,,,,
𣴚,5,0,0,,,0,,,,,
𣴛,5,0,0,,,0,,,,,
𣴜,5,0,0,,,0,,,,,
𣴝,5,0,0,,,0,,,,,
𣴞,5,0,0,,,0,,,,,
𣴟,5,0,0,ボウ ミョウ,,0,,,,,
𣴠,5,0,0,カツ,いきる,0,,,,,
𣴡,5,0,0,ヒツ,,0,,,,,
𣴢,5,0,0,ソウ ゾウ,,0,,,,,
𣴣,5,0,0,ソウ ショウ,,0,,,,,
𣴤,5,0,0,ヨク,,0,,,,,
𣴥,5,0,0,キョウ ゴウ,,0,,,,,
𣴦,5,0,0,オウ,,0,,,,,
𣴧,5,0,0,トウ,,0,,,,,
𣴨,5,0,0,,,0,,,,,
𣴩,5,0,0,ヒン,,0,,,,,
𣴪,5,0,0,ヘイ,,0,,,,,
𣴫,5,0,0,ハ,,0,,,,,
𣴬,5,0,0,ボツ モツ モチ バイ メ,しずむ,0,,,,,
𣴭,5,0,0,ボウ,,0,,,,,
𣴮,5,0,0,サイ,,0,,,,,
𣴯,5,0,0,カイ,,0,,,,,
𣴰,5,0,0,オ,,0,,,,,
𣴱,5,0,0,ヨウ,,0,,,,,
𣴲,5,0,0,ヨク,,0,,,,,
𣴳,5,0,0,シャ,,0,,,,,
𣴴,5,0,0,カイ,,0,,,,,
𣴵,5,0,0,カイ,,0,,,,,
𣴶,5,0,0,シツ,,0,,,,,
𣴷,5,0,0,サ シャ,,0,,,,,
𣴸,5,0,0,エン,,0,,,,,
𣴹,5,0,0,キョウ,,0,,,,,
𣴺,5,0,0,エン,,0,,,,,
𣴻,5,0,0,シュウ,,0,,,,,
𣴼,5,0,0,カン,,0,,,,,
𣴽,5,0,0,,,0,,,,,
𣴾,5,0,0,ダ,,0,,,,,
𣴿,5,0,0,,,0,,,,,
𣵀,5,4,0,デツ,,0,,,,,
𣵁,5,0,0,,,0,,,,,
𣵂,5,0,0,,,0,,,,,
𣵃,5,0,0,,,0,,,,,
𣵄,5,0,0,,,0,,,,,
𣵅,5,0,0,,,0,,,,,
𣵆,5,0,0,,,0,,,,,
𣵇,5,0,0,,,0,,,,,
𣵈,5,0,0,,,0,,,,,
𣵉,5,0,0,,,0,,,,,
𣵊,5,0,0,,,0,,,,,
𣵋,5,0,0,,,0,,,,,
𣵌,5,0,0,,,0,,,,,
𣵍,5,0,0,,,0,,,,,
𣵎,5,0,0,,,0,,,,,
𣵏,5,0,0,,,0,,,,,
𣵐,5,0,0,,,0,,,,,
𣵑,5,0,0,,,0,,,,,
𣵒,5,0,0,,,0,,,,,
𣵓,5,0,0,,,0,,,,,
𣵔,5,0,0,,,0,,,,,
𣵕,5,0,0,,,0,,,,,
𣵖,5,0,0,,,0,,,,,
𣵗,5,0,0,,,0,,,,,
𣵘,5,0,0,,,0,,,,,
𣵙,5,0,0,,,0,,,,,
𣵚,5,0,0,,,0,,,,,
𣵛,5,0,0,,,0,,,,,
𣵜,5,0,0,,,0,,,,,
𣵝,5,0,0,,,0,,,,,
𣵞,5,0,0,,,0,,,,,
𣵟,5,0,0,ラ ロウ,,0,,,,,
𣵠,5,0,0,タク,,0,,,,,
𣵡,5,0,0,,,0,,,,,
𣵢,5,0,0,タン,,0,,,,,
𣵣,5,0,0,,,0,,,,,
𣵤,5,0,0,セン,,0,,,,,
𣵥,5,0,0,,,0,,,,,
𣵦,5,0,0,デン,,0,,,,,
𣵧,5,0,0,クン,,0,,,,,
𣵨,5,0,0,エン,,0,,,,,
𣵩,5,0,0,テイ,,0,,,,,
𣵪,5,0,0,,,0,,,,,
𣵫,5,0,0,,,0,,,,,
𣵬,5,0,0,トウ,,0,,,,,
𣵭,5,0,0,,,0,,,,,
𣵮,5,0,0,,,0,,,,,
𣵯,5,0,0,,,0,,,,,
𣵰,5,0,0,,,0,,,,,
𣵱,5,0,0,カン,,0,,,,,
𣵲,5,0,0,,,0,,,,,
𣵳,5,0,0,,,0,,,,,
𣵴,5,0,0,,,0,,,,,
𣵵,5,0,0,,,0,,,,,
𣵶,5,0,0,,,0,,,,,
𣵷,5,0,0,カン ガン,,0,,,,,
𣵸,5,0,0,チク ジク,,0,,,,,
𣵹,5,0,0,ジョウ テイ,,0,,,,,
𣵺,5,0,0,ダ タ,,0,,,,,
𣵻,5,0,0,タ,,0,,,,,
𣵼,5,0,0,,,0,,,,,
𣵽,5,0,0,ヨク,そそぐ,0,,,,,
𣵾,5,0,0,アイ,,0,,,,,
𣵿,5,0,0,セン,,0,,,,,
𣶀,5,0,0,ブ,,0,,,,,
𣶁,5,0,0,セキ,,0,,,,,
𣶂,5,0,0,オウ キョウ コウ,,0,,,,,
𣶃,5,0,0,チョウ,うしお,0,,,,,
𣶄,5,0,0,レツ,,0,,,,,
𣶅,5,0,0,キョ,,0,,,,,
𣶆,5,0,0,キュウ ク,,0,,,,,
𣶇,5,0,0,サイ,,0,,,,,
𣶈,5,0,0,ボウ モウ,,0,,,,,
𣶉,5,0,0,コ ク,,0,,,,,
𣶊,5,0,0,バク ミャク,,0,,,,,
𣶋,5,0,0,シャ,,0,,,,,
𣶌,5,0,0,ブン,,0,,,,,
𣶍,5,0,0,ジョウ,,0,,,,,
𣶎,5,0,0,ハク,,0,,,,,
𣶏,5,0,0,チョウ ショウ,,0,,,,,
𣶐,5,0,0,ホウ ヒョウ,,0,,,,,
𣶑,5,0,0,キョウ,,0,,,,,
𣶒,5,0,0,エン,ふち,0,,,,,
𣶓,5,0,0,サイ,,0,,,,,
𣶔,5,0,0,カン,,0,,,,,
𣶕,5,0,0,キョウ,,0,,,,,
𣶖,5,0,0,,,0,,,,,
𣶗,5,0,0,イン,,0,,,,,
𣶘,5,0,0,ソク,,0,,,,,
𣶙,5,0,0,セン,,0,,,,,
𣶚,5,0,0,セン,,0,,,,,
𣶛,5,0,0,セン,,0,,,,,
𣶜,5,0,0,セン,,0,,,,,
𣶝,5,0,0,ショ,,0,,,,,
𣶞,5,0,0,タン,,0,,,,,
𣶟,5,0,0,ソウ,,0,,,,,
𣶠,5,0,0,シツ シチ,,0,,,,,
𣶡,5,0,0,サン セン,,0,,,,,
𣶢,5,0,0,ホウ,,0,,,,,
𣶣,5,0,0,タン,,0,,,,,
𣶤,5,0,0,サ シャ,,0,,,,,
𣶥,5,0,0,カク,,0,,,,,
𣶦,5,0,0,タク,,0,,,,,
𣶧,5,0,0,,,0,,,,,
𣶨,5,0,0,,,0,,,,,
𣶩,5,0,0,,,0,,,,,
𣶪,5,0,0,,,0,,,,,
𣶫,5,0,0,,,0,,,,,
𣶬,5,0,0,,,0,,,,,
𣶭,5,0,0,,,0,,,,,
𣶮,5,0,0,,,0,,,,,
𣶯,5,0,0,,,0,,,,,
𣶰,5,0,0,,,0,,,,,
𣶱,5,0,0,,,0,,,,,
𣶲,5,0,0,,,0,,,,,
𣶳,5,0,0,,,0,,,,,
𣶴,5,0,0,,,0,,,,,
𣶵,5,0,0,,,0,,,,,
𣶶,5,0,0,,,0,,,,,
𣶷,5,0,0,,,0,,,,,
𣶸,5,0,0,,,0,,,,,
𣶹,5,0,0,,,0,,,,,
𣶺,5,0,0,,,0,,,,,
𣶻,5,0,0,,,0,,,,,
𣶼,5,0,0,,,0,,,,,
𣶽,5,0,0,,,0,,,,,
𣶾,5,0,0,,,0,,,,,
𣶿,5,0,0,ビ,,0,,,,,
𣷀,5,0,0,,,0,,,,,
𣷁,5,0,0,,,0,,,,,
𣷂,5,0,0,,,0,,,,,
𣷃,5,0,0,,,0,,,,,
𣷄,5,0,0,,,0,,,,,
𣷅,5,0,0,,,0,,,,,
𣷆,5,0,0,,,0,,,,,
𣷇,5,0,0,,,0,,,,,
𣷈,5,0,0,,,0,,,,,
𣷉,5,0,0,,,0,,,,,
𣷊,5,0,0,,,0,,,,,
𣷋,5,0,0,,,0,,,,,
𣷌,5,0,0,,,0,,,,,
𣷍,5,0,0,,,0,,,,,
𣷎,5,0,0,,,0,,,,,
𣷏,5,0,0,,,0,,,,,
𣷐,5,0,0,,,0,,,,,
𣷑,5,0,0,,,0,,,,,
𣷒,5,0,0,,,0,,,,,
𣷓,5,4,0,,なぎ,0,,,,,
𣷔,5,0,0,,,0,,,,,
𣷕,5,0,0,,,0,,,,,
𣷖,5,0,0,,,0,,,,,
𣷗,5,0,0,,,0,,,,,
𣷘,5,0,0,,,0,,,,,
𣷙,5,0,0,,,0,,,,,
𣷚,5,0,0,,,0,,,,,
𣷛,5,0,0,,,0,,,,,
𣷜,5,0,0,セン,,0,,,,,
𣷝,5,0,0,ギョウ,,0,,,,,
𣷞,5,0,0,,,0,,,,,
𣷟,5,0,0,ケイ,,0,,,,,
𣷠,5,0,0,,,0,,,,,
𣷡,5,0,0,チュウ チュ,,0,,,,,
𣷢,5,0,0,ショ,,0,,,,,
𣷣,5,0,0,,,0,,,,,
𣷤,5,0,0,コツ,,0,,,,,
𣷥,5,0,0,サク,,0,,,,,
𣷦,5,0,0,シツ,,0,,,,,
𣷧,5,0,0,フウ,,0,,,,,
𣷨,5,0,0,,,0,,,,,
𣷩,5,0,0,イン,,0,,,,,
𣷪,5,0,0,,,0,,,,,
𣷫,5,0,0,,,0,,,,,
𣷬,5,0,0,,,0,,,,,
𣷭,5,0,0,,,0,,,,,
𣷮,5,0,0,,,0,,,,,
𣷯,5,0,0,,,0,,,,,
𣷰,5,0,0,,,0,,,,,
𣷱,5,0,0,,,0,,,,,
𣷲,5,0,0,,,0,,,,,
𣷳,5,0,0,,,0,,,,,
𣷴,5,0,0,,,0,,,,,
𣷵,5,0,0,ショク ソキ,,0,,,,,
𣷶,5,0,0,ソ,,0,,,,,
𣷷,5,0,0,,,0,,,,,
𣷸,5,0,0,,,0,,,,,
𣷹,5,4,0,テン,そう そえる そえ ぞえ,0,,,,,
𣷺,5,4,0,,そま,0,,,,,
𣷻,5,0,0,,,0,,,,,
𣷼,5,0,0,タン,,0,,,,,
𣷽,5,0,0,シン,,0,,,,,
𣷾,5,0,0,キ,,0,,,,,
𣷿,5,0,0,タ,,0,,,,,
𣸀,5,0,0,キ,,0,,,,,
𣸁,5,0,0,シン,つ,0,,,,,
𣸂,5,0,0,カイ,,0,,,,,
𣸃,5,0,0,シュツ シュチ,,0,,,,,
𣸄,5,0,0,サン,,0,,,,,
𣸅,5,0,0,カツ カチ,,0,,,,,
𣸆,5,0,0,シ,,0,,,,,
𣸇,5,0,0,ヘン ベン,,0,,,,,
𣸈,5,0,0,シュウ,ゆばり,0,,,,,
𣸉,5,0,0,タツ ダチ,,0,,,,,
𣸊,5,0,0,イン,,0,,,,,
𣸋,5,0,0,,,0,,,,,
𣸌,5,0,0,カ,,0,,,,,
𣸍,5,0,0,ハツ,,0,,,,,
𣸎,5,0,0,カイ ケ,,0,,,,,
𣸏,5,0,0,ダ ナ,,0,,,,,
𣸐,5,0,0,サツ サチ,,0,,,,,
𣸑,5,0,0,リョウ,,0,,,,,
𣸒,5,0,0,テイ ダイ,,0,,,,,
𣸓,5,0,0,セイ,,0,,,,,
𣸔,5,0,0,キョ ゴ,,0,,,,,
𣸕,5,0,0,スイ,,0,,,,,
𣸖,5,0,0,ケイ,,0,,,,,
𣸗,5,0,0,シ,,0,,,,,
𣸘,5,0,0,イ,,0,,,,,
𣸙,5,0,0,タン,,0,,,,,
𣸚,5,0,0,シャ ジャ,,0,,,,,
𣸛,5,0,0,サク,,0,,,,,
𣸜,5,0,0,フン,,0,,,,,
𣸝,5,0,0,ケイ ギョウ,,0,,,,,
𣸞,5,0,0,マン,,0,,,,,
𣸟,5,0,0,レツ,,0,,,,,
𣸠,5,0,0,ユウ ウ,,0,,,,,
𣸡,5,0,0,シツ,,0,,,,,
𣸢,5,0,0,,,0,,,,,
𣸣,5,0,0,,,0,,,,,
𣸤,5,0,0,,,0,,,,,
𣸥,5,0,0,,,0,,,,,
𣸦,5,0,0,,,0,,,,,
𣸧,5,0,0,,,0,,,,,
𣸨,5,0,0,,,0,,,,,
𣸩,5,0,0,,,0,,,,,
𣸪,5,0,0,,,0,,,,,
𣸫,5,0,0,,,0,,,,,
𣸬,5,0,0,,,0,,,,,
𣸭,5,0,0,,,0,,,,,
𣸮,5,0,0,,,0,,,,,
𣸯,5,0,0,,,0,,,,,
𣸰,5,0,0,,,0,,,,,
𣸱,5,0,0,,,0,,,,,
𣸲,5,0,0,ケツ,いさぎよい,0,,,,,
𣸳,5,0,0,,,0,,,,,
𣸴,5,0,0,,,0,,,,,
𣸵,5,0,0,,,0,,,,,
𣸶,5,0,0,,,0,,,,,
𣸷,5,0,0,,,0,,,,,
𣸸,5,0,0,テン,そえる そう,0,,,,,
𣸹,5,0,0,,,0,,,,,
𣸺,5,0,0,,,0,,,,,
𣸻,5,0,0,,,0,,,,,
𣸼,5,0,0,,,0,,,,,
𣸽,5,0,0,,,0,,,,,
𣸾,5,0,0,,,0,,,,,
𣸿,5,0,0,,,0,,,,,
𣹀,5,0,0,,,0,,,,,
𣹁,5,0,0,,,0,,,,,
𣹂,5,0,0,,,0,,,,,
𣹃,5,0,0,,,0,,,,,
𣹄,5,0,0,,,0,,,,,
𣹅,5,0,0,セン,,0,,,,,
𣹆,5,0,0,コウ,,0,,,,,
𣹇,5,0,0,カ,,0,,,,,
𣹈,5,0,0,,,0,,,,,
𣹉,5,0,0,カン,,0,,,,,
𣹊,5,0,0,トウ,,0,,,,,
𣹋,5,0,0,,,0,,,,,
𣹌,5,0,0,シュウ,,0,,,,,
𣹍,5,0,0,セイ,,0,,,,,
𣹎,5,0,0,セン,,0,,,,,
𣹏,5,0,0,,,0,,,,,
𣹐,5,0,0,,,0,,,,,
𣹑,5,0,0,,,0,,,,,
𣹒,5,0,0,,,0,,,,,
𣹓,5,0,0,,,0,,,,,
𣹔,5,0,0,,,0,,,,,
𣹕,5,0,0,,,0,,,,,
𣹖,5,0,0,,,0,,,,,
𣹗,5,0,0,,,0,,,,,
𣹘,5,0,0,,,0,,,,,
𣹙,5,0,0,,,0,,,,,
𣹚,5,0,0,エイ,,0,,,,,
𣹛,5,0,0,,,0,,,,,
𣹜,5,0,0,,,0,,,,,
𣹝,5,0,0,ショウ,,0,,,,,
𣹞,5,0,0,チョウ チュ,,0,,,,,
𣹟,5,0,0,コウ ク,,0,,,,,
𣹠,5,0,0,エン オン,,0,,,,,
𣹡,5,0,0,チ ジ,,0,,,,,
𣹢,5,0,0,カン,ひたす,0,,,,,
𣹣,5,0,0,シュウ,,0,,,,,
𣹤,5,0,0,ジョ ニョ,,0,,,,,
𣹥,5,0,0,セン,,0,,,,,
𣹦,5,0,0,シン,ひたす,0,,,,,
𣹧,5,0,0,サク ザク サ シャ,,0,,,,,
𣹨,5,0,0,セイ,,0,,,,,
𣹩,5,0,0,キョウ コウ,,0,,,,,
𣹪,5,0,0,ボウ モウ,,0,,,,,
𣹫,5,0,0,,,0,,,,,
𣹬,5,0,0,コク,,0,,,,,
𣹭,5,0,0,リュウ,,0,,,,,
𣹮,5,0,0,ヘイ,,0,,,,,
𣹯,5,0,0,シュン,,0,,,,,
𣹰,5,0,0,シン,,0,,,,,
𣹱,5,0,0,コウ,,0,,,,,
𣹲,5,0,0,テイ ダイ,,0,,,,,
𣹳,5,0,0,リュウ,,0,,,,,
𣹴,5,0,0,セイ,,0,,,,,
𣹵,5,0,0,ドウ ノウ,,0,,,,,
𣹶,5,0,0,サ セ,,0,,,,,
𣹷,5,0,0,リョウ,,0,,,,,
𣹸,5,0,0,トウ,,0,,,,,
𣹹,5,0,0,メツ,,0,,,,,
𣹺,5,0,0,セン,,0,,,,,
𣹻,5,0,0,セン,,0,,,,,
𣹼,5,0,0,タン,,0,,,,,
𣹽,5,0,0,テイ ジョウ,,0,,,,,
𣹾,5,0,0,ジュン,,0,,,,,
𣹿,5,0,0,ボウ,,0,,,,,
𣺀,5,0,0,ボ モ,,0,,,,,
𣺁,5,0,0,ケツ ガチ,,0,,,,,
𣺂,5,0,0,,,0,,,,,
𣺃,5,0,0,,,0,,,,,
𣺄,5,0,0,,,0,,,,,
𣺅,5,0,0,,,0,,,,,
𣺆,5,0,0,,,0,,,,,
𣺇,5,0,0,,,0,,,,,
𣺈,5,0,0,,,0,,,,,
𣺉,5,0,0,,,0,,,,,
𣺊,5,0,0,,,0,,,,,
𣺋,5,0,0,,,0,,,,,
𣺌,5,0,0,,,0,,,,,
𣺍,5,0,0,キ,,0,,,,,
𣺎,5,0,0,,,0,,,,,
𣺏,5,0,0,,,0,,,,,
𣺐,5,0,0,,,0,,,,,
𣺑,5,0,0,,,0,,,,,
𣺒,5,0,0,,,0,,,,,
𣺓,5,0,0,,,0,,,,,
𣺔,5,0,0,,,0,,,,,
𣺕,5,0,0,,,0,,,,,
𣺖,5,0,0,,,0,,,,,
𣺗,5,0,0,,,0,,,,,
𣺘,5,0,0,,,0,,,,,
𣺙,5,0,0,,,0,,,,,
𣺚,5,0,0,,,0,,,,,
𣺛,5,0,0,,,0,,,,,
𣺜,5,0,0,,,0,,,,,
𣺝,5,0,0,,,0,,,,,
𣺞,5,0,0,,,0,,,,,
𣺟,5,0,0,,,0,,,,,
𣺠,5,0,0,,,0,,,,,
𣺡,5,0,0,,,0,,,,,
𣺢,5,0,0,,,0,,,,,
𣺣,5,0,0,,,0,,,,,
𣺤,5,0,0,,,0,,,,,
𣺥,5,0,0,,,0,,,,,
𣺦,5,0,0,,,0,,,,,
𣺧,5,0,0,,,0,,,,,
𣺨,5,0,0,,,0,,,,,
𣺩,5,0,0,,,0,,,,,
𣺪,5,0,0,,,0,,,,,
𣺫,5,0,0,,,0,,,,,
𣺬,5,0,0,コウ,,0,,,,,
𣺭,5,0,0,,,0,,,,,
𣺮,5,0,0,,,0,,,,,
𣺯,5,0,0,シツ,,0,,,,,
𣺰,5,0,0,ショウ,,0,,,,,
𣺱,5,0,0,ヒツ,,0,,,,,
𣺲,5,0,0,ヘイ,,0,,,,,
𣺳,5,0,0,コウ,,0,,,,,
𣺴,5,0,0,セイ,,0,,,,,
𣺵,5,0,0,,,0,,,,,
𣺶,5,0,0,,,0,,,,,
𣺷,5,0,0,,,0,,,,,
𣺸,5,0,0,,,0,,,,,
𣺹,5,0,0,,,0,,,,,
𣺺,5,0,0,,,0,,,,,
𣺻,5,0,0,,,0,,,,,
𣺼,5,0,0,,,0,,,,,
𣺽,5,0,0,,,0,,,,,
𣺾,5,0,0,,,0,,,,,
𣺿,5,0,0,,,0,,,,,
𣻀,5,0,0,,,0,,,,,
𣻁,5,0,0,,,0,,,,,
𣻂,5,0,0,,,0,,,,,
𣻃,5,0,0,,,0,,,,,
𣻄,5,0,0,,,0,,,,,
𣻅,5,0,0,,,0,,,,,
𣻆,5,0,0,,,0,,,,,
𣻇,5,0,0,,,0,,,,,
𣻈,5,0,0,,,0,,,,,
𣻉,5,0,0,,,0,,,,,
𣻊,5,0,0,,,0,,,,,
𣻋,5,0,0,,,0,,,,,
𣻌,5,0,0,ヨウ,,0,,,,,
𣻍,5,0,0,ショウ,,0,,,,,
𣻎,5,0,0,コウ ク,,0,,,,,
𣻏,5,0,0,キョウ,,0,,,,,
𣻐,5,0,0,サ シャ ショ,,0,,,,,
𣻑,5,0,0,サツ セチ サイ セ,,0,,,,,
𣻒,5,0,0,セイ ショウ,,0,,,,,
𣻓,5,0,0,セイ,,0,,,,,
𣻔,5,0,0,ヒョウ,,0,,,,,
𣻕,5,0,0,バ マ,,0,,,,,
𣻖,5,0,0,ドウ ヌ,,0,,,,,
𣻗,5,0,0,イ,,0,,,,,
𣻘,5,0,0,サク,,0,,,,,
𣻙,5,0,0,リン,,0,,,,,
𣻚,5,0,0,シュツ ジュチ,,0,,,,,
𣻛,5,0,0,トウ チョウ ソウ ショウ,,0,,,,,
𣻜,5,0,0,フ ブ,,0,,,,,
𣻝,5,0,0,セン,,0,,,,,
𣻞,5,0,0,シ,,0,,,,,
𣻟,5,0,0,,,0,,,,,
𣻠,5,0,0,シャ ジャ,,0,,,,,
𣻡,5,0,0,ロウ,,0,,,,,
𣻢,5,0,0,トウ ツ,,0,,,,,
𣻣,5,0,0,ショウ,,0,,,,,
𣻤,5,0,0,,,0,,,,,
𣻥,5,0,0,フ ブ,,0,,,,,
𣻦,5,0,0,カン,,0,,,,,
𣻧,5,0,0,セン,,0,,,,,
𣻨,5,0,0,ニョウ,,0,,,,,
𣻩,5,0,0,タク ジャク,,0,,,,,
𣻪,5,0,0,シュク ジュク,,0,,,,,
𣻫,5,0,0,ヒョウ,,0,,,,,
𣻬,5,0,0,サン,,0,,,,,
𣻭,5,0,0,トウ,,0,,,,,
𣻮,5,0,0,ガツ ゲチ,,0,,,,,
𣻯,5,0,0,エイ,,0,,,,,
𣻰,5,0,0,,,0,,,,,
𣻱,5,0,0,チュウ チュ カイ,,0,,,,,
𣻲,5,0,0,シ,,0,,,,,
𣻳,5,0,0,,,0,,,,,
𣻴,5,0,0,,,0,,,,,
𣻵,5,0,0,,,0,,,,,
𣻶,5,0,0,,,0,,,,,
𣻷,5,0,0,,,0,,,,,
𣻸,5,0,0,,,0,,,,,
𣻹,5,0,0,,,0,,,,,
𣻺,5,0,0,,,0,,,,,
𣻻,5,0,0,,,0,,,,,
𣻼,5,0,0,,,0,,,,,
𣻽,5,0,0,,,0,,,,,
𣻾,5,0,0,,,0,,,,,
𣻿,5,0,0,,,0,,,,,
𣼀,5,0,0,,,0,,,,,
𣼁,5,0,0,,,0,,,,,
𣼂,5,0,0,,,0,,,,,
𣼃,5,0,0,,,0,,,,,
𣼄,5,0,0,,,0,,,,,
𣼅,5,0,0,,,0,,,,,
𣼆,5,0,0,,,0,,,,,
𣼇,5,0,0,,,0,,,,,
𣼈,5,0,0,,,0,,,,,
𣼉,5,0,0,,,0,,,,,
𣼊,5,0,0,,,0,,,,,
𣼋,5,0,0,,,0,,,,,
𣼌,5,0,0,,,0,,,,,
𣼍,5,0,0,,,0,,,,,
𣼎,5,0,0,,,0,,,,,
𣼏,5,0,0,,,0,,,,,
𣼐,5,0,0,,,0,,,,,
𣼑,5,0,0,,,0,,,,,
𣼒,5,0,0,,,0,,,,,
𣼓,5,0,0,,,0,,,,,
𣼔,5,0,0,,,0,,,,,
𣼕,5,0,0,,,0,,,,,
𣼖,5,0,0,,,0,,,,,
𣼗,5,0,0,,,0,,,,,
𣼘,5,0,0,,,0,,,,,
𣼙,5,0,0,ビ,,0,,,,,
𣼚,5,0,0,タン トン,,0,,,,,
𣼛,5,0,0,バン ボン マン モン,みたす みちる,0,,,,,
𣼜,5,0,0,エン,,0,,,,,
𣼝,5,0,0,デキ,,0,,,,,
𣼞,5,0,0,エン,,0,,,,,
𣼟,5,0,0,ロク,,0,,,,,
𣼠,5,0,0,エン,,0,,,,,
𣼡,5,0,0,シン,,0,,,,,
𣼢,5,0,0,リョウ,,0,,,,,
𣼣,5,0,0,ロウ,,0,,,,,
𣼤,5,0,0,,,0,,,,,
𣼥,5,0,0,,,0,,,,,
𣼦,5,0,0,,,0,,,,,
𣼧,5,0,0,,,0,,,,,
𣼨,5,0,0,,,0,,,,,
𣼩,5,0,0,,,0,,,,,
𣼪,5,0,0,,,0,,,,,
𣼫,5,0,0,,,0,,,,,
𣼬,5,0,0,,,0,,,,,
𣼭,5,0,0,,,0,,,,,
𣼮,5,0,0,,,0,,,,,
𣼯,5,0,0,,,0,,,,,
𣼰,5,0,0,,,0,,,,,
𣼱,5,0,0,,,0,,,,,
𣼲,5,0,0,,,0,,,,,
𣼳,5,0,0,,,0,,,,,
𣼴,5,0,0,,,0,,,,,
𣼵,5,0,0,,,0,,,,,
𣼶,5,0,0,,,0,,,,,
𣼷,5,0,0,,,0,,,,,
𣼸,5,0,0,,,0,,,,,
𣼹,5,0,0,,,0,,,,,
𣼺,5,0,0,,,0,,,,,
𣼻,5,0,0,コ,,0,,,,,
𣼼,5,0,0,,,0,,,,,
𣼽,5,0,0,,,0,,,,,
𣼾,5,0,0,,,0,,,,,
𣼿,5,0,0,,,0,,,,,
𣽀,5,0,0,,,0,,,,,
𣽁,5,0,0,,,0,,,,,
𣽂,5,0,0,,,0,,,,,
𣽃,5,0,0,タン,,0,,,,,
𣽄,5,0,0,ケイ,,0,,,,,
𣽅,5,0,0,カツ,,0,,,,,
𣽆,5,0,0,チク,,0,,,,,
𣽇,5,0,0,ソウ,,0,,,,,
𣽈,5,0,0,ジュ,,0,,,,,
𣽉,5,0,0,ジュ,,0,,,,,
𣽊,5,0,0,シュン,さらう,0,,,,,
𣽋,5,0,0,,,0,,,,,
𣽌,5,0,0,カン コン,,0,,,,,
𣽍,5,0,0,キ ギ,,0,,,,,
𣽎,5,0,0,コウ ゴウ タク ジャク,,0,,,,,
𣽏,5,0,0,オ,,0,,,,,
𣽐,5,0,0,カク,,0,,,,,
𣽑,5,0,0,タツ,,0,,,,,
𣽒,5,0,0,セツ セチ,,0,,,,,
𣽓,5,0,0,リョウ,,0,,,,,
𣽔,5,0,0,イン,,0,,,,,
𣽕,5,0,0,オウ オ,,0,,,,,
𣽖,5,0,0,セン,,0,,,,,
𣽗,5,0,0,,,0,,,,,
𣽘,5,0,0,ジョウ,,0,,,,,
𣽙,5,0,0,,,0,,,,,
𣽚,5,0,0,ショク シキ,,0,,,,,
𣽛,5,0,0,トウ,,0,,,,,
𣽜,5,0,0,シャ ジャ セキ ジャク,,0,,,,,
𣽝,5,0,0,コウ ク,,0,,,,,
𣽞,5,0,0,キ,,0,,,,,
𣽟,5,0,0,カン,,0,,,,,
𣽠,5,0,0,ヘイ,,0,,,,,
𣽡,5,0,0,ハク,,0,,,,,
𣽢,5,0,0,ヨク,,0,,,,,
𣽣,5,0,0,コウ,みなと,0,,,,,
𣽤,5,0,0,サク シャク,,0,,,,,
𣽥,5,0,0,ガン,,0,,,,,
𣽦,5,0,0,カン ガン,,0,,,,,
𣽧,5,0,0,シン,,0,,,,,
𣽨,5,0,0,トウ ドウ,,0,,,,,
𣽩,5,0,0,リュウ,,0,,,,,
𣽪,5,0,0,ビ,,0,,,,,
𣽫,5,0,0,ソウ ス,,0,,,,,
𣽬,5,0,0,カン,,0,,,,,
𣽭,5,0,0,ボウ モウ,,0,,,,,
𣽮,5,0,0,イン,,0,,,,,
𣽯,5,0,0,タン,,0,,,,,
𣽰,5,0,0,カツ ガチ,,0,,,,,
𣽱,5,0,0,セイ,,0,,,,,
𣽲,5,0,0,,,0,,,,,
𣽳,5,0,0,ゼン ネン,,0,,,,,
𣽴,5,0,0,イ,,0,,,,,
𣽵,5,0,0,ソウ,,0,,,,,
𣽶,5,0,0,コツ,,0,,,,,
𣽷,5,0,0,,,0,,,,,
𣽸,5,0,0,,,0,,,,,
𣽹,5,0,0,,,0,,,,,
𣽺,5,0,0,,,0,,,,,
𣽻,5,0,0,,,0,,,,,
𣽼,5,0,0,,,0,,,,,
𣽽,5,0,0,サン,,0,,,,,
𣽾,5,4,0,,いと,0,,,,,
𣽿,5,0,0,,,0,,,,,
𣾀,5,0,0,ワイ カイ,めぐる,0,,,,,
𣾁,5,0,0,,,0,,,,,
𣾂,5,0,0,,,0,,,,,
𣾃,5,0,0,,,0,,,,,
𣾄,5,0,0,,,0,,,,,
𣾅,5,0,0,セン,,0,,,,,
𣾆,5,0,0,,,0,,,,,
𣾇,5,0,0,,,0,,,,,
𣾈,5,0,0,,,0,,,,,
𣾉,5,0,0,,,0,,,,,
𣾊,5,0,0,,,0,,,,,
𣾋,5,0,0,,,0,,,,,
𣾌,5,0,0,,,0,,,,,
𣾍,5,0,0,,,0,,,,,
𣾎,5,0,0,,,0,,,,,
𣾏,5,0,0,,,0,,,,,
𣾐,5,0,0,,,0,,,,,
𣾑,5,0,0,,,0,,,,,
𣾒,5,0,0,,,0,,,,,
𣾓,5,0,0,,,0,,,,,
𣾔,5,0,0,,,0,,,,,
𣾕,5,0,0,,,0,,,,,
𣾖,5,0,0,,,0,,,,,
𣾗,5,0,0,,,0,,,,,
𣾘,5,0,0,,,0,,,,,
𣾙,5,0,0,,,0,,,,,
𣾚,5,0,0,,,0,,,,,
𣾛,5,0,0,,,0,,,,,
𣾜,5,0,0,,,0,,,,,
𣾝,5,0,0,,,0,,,,,
𣾞,5,0,0,,,0,,,,,
𣾟,5,0,0,,,0,,,,,
𣾠,5,0,0,,,0,,,,,
𣾡,5,0,0,,,0,,,,,
𣾢,5,0,0,,,0,,,,,
𣾣,5,0,0,タツ,,0,,,,,
𣾤,5,0,0,キ,,0,,,,,
𣾥,5,0,0,,,0,,,,,
𣾦,5,0,0,ショウ,,0,,,,,
𣾧,5,0,0,,,0,,,,,
𣾨,5,0,0,ビ,,0,,,,,
𣾩,5,0,0,コウ,,0,,,,,
𣾪,5,0,0,テキ,,0,,,,,
𣾫,5,0,0,シュウ,,0,,,,,
𣾬,5,0,0,エン,,0,,,,,
𣾭,5,0,0,チョウ,,0,,,,,
𣾮,5,0,0,デン,,0,,,,,
𣾯,5,0,0,,,0,,,,,
𣾰,5,0,0,シツ,うるし,0,,,,,
𣾱,5,0,0,,,0,,,,,
𣾲,5,0,0,,,0,,,,,
𣾳,5,0,0,,,0,,,,,
𣾴,5,0,0,,,0,,,,,
𣾵,5,0,0,,,0,,,,,
𣾶,5,0,0,,,0,,,,,
𣾷,5,0,0,,,0,,,,,
𣾸,5,0,0,,,0,,,,,
𣾹,5,0,0,,,0,,,,,
𣾺,5,0,0,,,0,,,,,
𣾻,5,0,0,,,0,,,,,
𣾼,5,0,0,,,0,,,,,
𣾽,5,0,0,,,0,,,,,
𣾾,5,0,0,,,0,,,,,
𣾿,5,0,0,,,0,,,,,
𣿀,5,0,0,,,0,,,,,
𣿁,5,0,0,,,0,,,,,
𣿂,5,0,0,,,0,,,,,
𣿃,5,0,0,,,0,,,,,
𣿄,5,0,0,,,0,,,,,
𣿅,5,0,0,トウ ツ,,0,,,,,
𣿆,5,0,0,フ ブ,,0,,,,,
𣿇,5,0,0,シン,,0,,,,,
𣿈,5,0,0,ソツ ソチ,,0,,,,,
𣿉,5,0,0,ゲイ,,0,,,,,
𣿊,5,0,0,レン,,0,,,,,
𣿋,5,0,0,コ,,0,,,,,
𣿌,5,0,0,カツ ガチ,,0,,,,,
𣿍,5,0,0,ロク,,0,,,,,
𣿎,5,0,0,,,0,,,,,
𣿏,5,0,0,オウ,,0,,,,,
𣿐,5,0,0,サイ ザイ ソク ゾク,,0,,,,,
𣿑,5,0,0,コウ,,0,,,,,
𣿒,5,0,0,サイ セ,,0,,,,,
𣿓,5,0,0,サイ セ,,0,,,,,
𣿔,5,0,0,タツ,,0,,,,,
𣿕,5,0,0,セン,,0,,,,,
𣿖,5,0,0,ヒョウ,,0,,,,,
𣿗,5,0,0,ゴウ,,0,,,,,
𣿘,5,0,0,トウ,,0,,,,,
𣿙,5,0,0,シ,,0,,,,,
𣿚,5,0,0,リツ,,0,,,,,
𣿛,5,0,0,カツ,,0,,,,,
𣿜,5,0,0,シュウ,,0,,,,,
𣿝,5,0,0,フウ フ,,0,,,,,
𣿞,5,0,0,リ,,0,,,,,
𣿟,5,0,0,コウ ク,,0,,,,,
𣿠,5,0,0,シュウ,,0,,,,,
𣿡,5,0,0,ギョ,,0,,,,,
𣿢,5,0,0,,,0,,,,,
𣿣,5,0,0,コウ ギョウ,,0,,,,,
𣿤,5,0,0,ユウ ユ,,0,,,,,
𣿥,5,0,0,,,0,,,,,
𣿦,5,0,0,,,0,,,,,
𣿧,5,0,0,,,0,,,,,
𣿨,5,0,0,,,0,,,,,
𣿩,5,0,0,,,0,,,,,
𣿪,5,0,0,,,0,,,,,
𣿫,5,0,0,,,0,,,,,
𣿬,5,0,0,,,0,,,,,
𣿭,5,0,0,,,0,,,,,
𣿮,5,0,0,,,0,,,,,
𣿯,5,0,0,,,0,,,,,
𣿰,5,0,0,,,0,,,,,
𣿱,5,0,0,,,0,,,,,
𣿲,5,0,0,コツ,,0,,,,,
𣿳,5,0,0,ロウ,,0,,,,,
𣿴,5,0,0,トウ,,0,,,,,
𣿵,5,0,0,,,0,,,,,
𣿶,5,0,0,,,0,,,,,
𣿷,5,0,0,,,0,,,,,
𣿸,5,0,0,,,0,,,,,
𣿹,5,0,0,,,0,,,,,
𣿺,5,0,0,,,0,,,,,
𣿻,5,0,0,,,0,,,,,
𣿼,5,0,0,,,0,,,,,
𣿽,5,0,0,,,0,,,,,
𣿾,5,0,0,,,0,,,,,
𣿿,5,0,0,,,0,,,,,
𤀀,5,0,0,,,0,,,,,
𤀁,5,0,0,,,0,,,,,
𤀂,5,0,0,,,0,,,,,
𤀃,5,0,0,,,0,,,,,
𤀄,5,0,0,モウ,,0,,,,,
𤀅,5,0,0,ソウ,,0,,,,,
𤀆,5,0,0,,,0,,,,,
𤀇,5,0,0,ハン,,0,,,,,
𤀈,5,0,0,イク,,0,,,,,
𤀉,5,0,0,,,0,,,,,
𤀊,5,0,0,,,0,,,,,
𤀋,5,0,0,エン,,0,,,,,
𤀌,5,0,0,,,0,,,,,
𤀍,5,0,0,,,0,,,,,
𤀎,5,0,0,タク,,0,,,,,
𤀏,5,0,0,,,0,,,,,
𤀐,5,0,0,,,0,,,,,
𤀑,5,0,0,,,0,,,,,
𤀒,5,0,0,,,0,,,,,
𤀓,5,0,0,,,0,,,,,
𤀔,5,0,0,,,0,,,,,
𤀕,5,0,0,,,0,,,,,
𤀖,5,0,0,,,0,,,,,
𤀗,5,0,0,,,0,,,,,
𤀘,5,0,0,,,0,,,,,
𤀙,5,0,0,,,0,,,,,
𤀚,5,0,0,,,0,,,,,
𤀛,5,0,0,,,0,,,,,
𤀜,5,0,0,,,0,,,,,
𤀝,5,0,0,ギョ,,0,,,,,
𤀞,5,0,0,,,0,,,,,
𤀟,5,0,0,,,0,,,,,
𤀠,5,0,0,,,0,,,,,
𤀡,5,0,0,,,0,,,,,
𤀢,5,0,0,ブ,,0,,,,,
𤀣,5,0,0,カン,,0,,,,,
𤀤,5,0,0,サツ サチ ソウ セン サン セイ セ,,0,,,,,
𤀥,5,0,0,,,0,,,,,
𤀦,5,0,0,ラツ ラチ,,0,,,,,
𤀧,5,0,0,ザン,,0,,,,,
𤀨,5,0,0,トウ,,0,,,,,
𤀩,5,0,0,カン ガン,,0,,,,,
𤀪,5,0,0,ハ,,0,,,,,
𤀫,5,0,0,ヘン,,0,,,,,
𤀬,5,0,0,ホン,,0,,,,,
𤀭,5,0,0,,,0,,,,,
𤀮,5,0,0,ジ,,0,,,,,
𤀯,5,0,0,ギョ,,0,,,,,
𤀰,5,0,0,コウ,,0,,,,,
𤀱,5,0,0,タツ,,0,,,,,
𤀲,5,0,0,ヘン ベン,,0,,,,,
𤀳,5,0,0,ビン,,0,,,,,
𤀴,5,0,0,キョウ,,0,,,,,
𤀵,5,0,0,エン,,0,,,,,
𤀶,5,0,0,コ,,0,,,,,
𤀷,5,0,0,イ,,0,,,,,
𤀸,5,0,0,,,0,,,,,
𤀹,5,0,0,,,0,,,,,
𤀺,5,0,0,,,0,,,,,
𤀻,5,0,0,,,0,,,,,
𤀼,5,0,0,,,0,,,,,
𤀽,5,0,0,,,0,,,,,
𤀾,5,0,0,,,0,,,,,
𤀿,5,0,0,,,0,,,,,
𤁀,5,0,0,,,0,,,,,
𤁁,5,0,0,,,0,,,,,
𤁂,5,0,0,,,0,,,,,
𤁃,5,0,0,,,0,,,,,
𤁄,5,0,0,,,0,,,,,
𤁅,5,0,0,,,0,,,,,
𤁆,5,0,0,,,0,,,,,
𤁇,5,0,0,,,0,,,,,
𤁈,5,0,0,,,0,,,,,
𤁉,5,0,0,カン,,0,,,,,
𤁊,5,0,0,カン,,0,,,,,
𤁋,5,0,0,レキ,したたる こす,0,,,,,
𤁌,5,0,0,イク,,0,,,,,
𤁍,5,0,0,シュウ,,0,,,,,
𤁎,5,0,0,,,0,,,,,
𤁏,5,0,0,,,0,,,,,
𤁐,5,0,0,,,0,,,,,
𤁑,5,0,0,,,0,,,,,
𤁒,5,0,0,,,0,,,,,
𤁓,5,0,0,,,0,,,,,
𤁔,5,0,0,,,0,,,,,
𤁕,5,0,0,,,0,,,,,
𤁖,5,0,0,,,0,,,,,
𤁗,5,0,0,,,0,,,,,
𤁘,5,0,0,,,0,,,,,
𤁙,5,0,0,,,0,,,,,
𤁚,5,0,0,,,0,,,,,
𤁛,5,0,0,,,0,,,,,
𤁜,5,0,0,,,0,,,,,
𤁝,5,0,0,,,0,,,,,
𤁞,5,0,0,,,0,,,,,
𤁟,5,0,0,トウ,,0,,,,,
𤁠,5,0,0,,,0,,,,,
𤁡,5,0,0,タン ドン,,0,,,,,
𤁢,5,0,0,サツ サチ セツ セチ セキ シャク,,0,,,,,
𤁣,5,0,0,ハイ ベ,,0,,,,,
𤁤,5,0,0,タン,,0,,,,,
𤁥,5,0,0,レン,,0,,,,,
𤁦,5,0,0,カン ガン,,0,,,,,
𤁧,5,0,0,シュウ,,0,,,,,
𤁨,5,0,0,キュウ,,0,,,,,
𤁩,5,0,0,,,0,,,,,
𤁪,5,0,0,カツ ゲチ,,0,,,,,
𤁫,5,0,0,タツ ダチ,,0,,,,,
𤁬,5,0,0,ソウ ス,,0,,,,,
𤁭,5,0,0,,,0,,,,,
𤁮,5,0,0,オウ オ,,0,,,,,
𤁯,5,0,0,リョウ,,0,,,,,
𤁰,5,0,0,テキ チャク タク ジャク,,0,,,,,
𤁱,5,0,0,サイ,,0,,,,,
𤁲,5,0,0,テツ,,0,,,,,
𤁳,5,0,0,チョウ ジョウ,,0,,,,,
𤁴,5,0,0,キョ,,0,,,,,
𤁵,5,0,0,リョ ロ,,0,,,,,
𤁶,5,0,0,テイ,,0,,,,,
𤁷,5,0,0,テキ,,0,,,,,
𤁸,5,0,0,リョウ,,0,,,,,
𤁹,5,0,0,カク,,0,,,,,
𤁺,5,0,0,サ,,0,,,,,
𤁻,5,0,0,ヘン,,0,,,,,
𤁼,5,0,0,レイ,,0,,,,,
𤁽,5,0,0,オウ,,0,,,,,
𤁾,5,0,0,ライ レ ラツ ラチ,,0,,,,,
𤁿,5,0,0,イ,,0,,,,,
𤂀,5,0,0,ヒツ ヒチ,,0,,,,,
𤂁,5,0,0,カク,,0,,,,,
𤂂,5,0,0,テキ ジャク,,0,,,,,
𤂃,5,0,0,ヘイ,,0,,,,,
𤂄,5,0,0,ソク,,0,,,,,
𤂅,5,0,0,ジョウ,,0,,,,,
𤂆,5,0,0,ヒュウ,,0,,,,,
𤂇,5,0,0,ジ,,0,,,,,
𤂈,5,0,0,,,0,,,,,
𤂉,5,0,0,,,0,,,,,
𤂊,5,0,0,,,0,,,,,
𤂋,5,0,0,,,0,,,,,
𤂌,5,0,0,,,0,,,,,
𤂍,5,0,0,,,0,,,,,
𤂎,5,0,0,,,0,,,,,
𤂏,5,0,0,,,0,,,,,
𤂐,5,0,0,,,0,,,,,
𤂑,5,0,0,,,0,,,,,
𤂒,5,0,0,,,0,,,,,
𤂓,5,0,0,,,0,,,,,
𤂔,5,0,0,,,0,,,,,
𤂕,5,0,0,,,0,,,,,
𤂖,5,4,0,コウ,,0,,,,,
𤂗,5,0,0,,,0,,,,,
𤂘,5,0,0,,,0,,,,,
𤂙,5,0,0,,,0,,,,,
𤂚,5,0,0,,,0,,,,,
𤂛,5,0,0,,,0,,,,,
𤂜,5,0,0,,,0,,,,,
𤂝,5,0,0,,,0,,,,,
𤂞,5,0,0,,,0,,,,,
𤂟,5,0,0,,,0,,,,,
𤂠,5,0,0,エン,,0,,,,,
𤂡,5,0,0,ヨウ,,0,,,,,
𤂢,5,0,0,サイ,そそぐ,0,,,,,
𤂣,5,0,0,ショウ,ふかい きよい,0,,,,,
𤂤,5,0,0,テン,,0,,,,,
𤂥,5,0,0,テキ,,0,,,,,
𤂦,5,0,0,カン,,0,,,,,
𤂧,5,0,0,,,0,,,,,
𤂨,5,0,0,,,0,,,,,
𤂩,5,0,0,,,0,,,,,
𤂪,5,0,0,,,0,,,,,
𤂫,5,0,0,,,0,,,,,
𤂬,5,0,0,,,0,,,,,
𤂭,5,0,0,,,0,,,,,
𤂮,5,0,0,,,0,,,,,
𤂯,5,0,0,,,0,,,,,
𤂰,5,0,0,,,0,,,,,
𤂱,5,0,0,,,0,,,,,
𤂲,5,0,0,コウ,,0,,,,,
𤂳,5,0,0,,,0,,,,,
𤂴,5,0,0,キ,,0,,,,,
𤂵,5,0,0,トウ,,0,,,,,
𤂶,5,0,0,リン,,0,,,,,
𤂷,5,0,0,アツ アチ,,0,,,,,
𤂸,5,0,0,ジュン,,0,,,,,
𤂹,5,0,0,イン,,0,,,,,
𤂺,5,0,0,ラン,,0,,,,,
𤂻,5,0,0,ヨ,,0,,,,,
𤂼,5,0,0,ヤク,,0,,,,,
𤂽,5,0,0,トウ,,0,,,,,
𤂾,5,0,0,カツ カチ,,0,,,,,
𤂿,5,0,0,セン,,0,,,,,
𤃀,5,0,0,レイ ライ,,0,,,,,
𤃁,5,0,0,シツ,,0,,,,,
𤃂,5,0,0,ジン シン,,0,,,,,
𤃃,5,0,0,ハン ホン,,0,,,,,
𤃄,5,0,0,キョ,,0,,,,,
𤃅,5,0,0,,,0,,,,,
𤃆,5,0,0,,,0,,,,,
𤃇,5,0,0,,,0,,,,,
𤃈,5,0,0,,,0,,,,,
𤃉,5,0,0,,,0,,,,,
𤃊,5,0,0,ボク,,0,,,,,
𤃋,5,0,0,,,0,,,,,
𤃌,5,0,0,,,0,,,,,
𤃍,5,0,0,,,0,,,,,
𤃎,5,0,0,,,0,,,,,
𤃏,5,0,0,,,0,,,,,
𤃐,5,0,0,,,0,,,,,
𤃑,5,0,0,,,0,,,,,
𤃒,5,0,0,,,0,,,,,
𤃓,5,0,0,,,0,,,,,
𤃔,5,0,0,,,0,,,,,
𤃕,5,0,0,トウ,,0,,,,,
𤃖,5,0,0,,,0,,,,,
𤃗,5,0,0,カン,,0,,,,,
𤃘,5,0,0,カイ,,0,,,,,
𤃙,5,0,0,ボク,,0,,,,,
𤃚,5,0,0,,,0,,,,,
𤃛,5,0,0,,,0,,,,,
𤃜,5,0,0,,,0,,,,,
𤃝,5,0,0,,,0,,,,,
𤃞,5,0,0,,,0,,,,,
𤃟,5,0,0,,,0,,,,,
𤃠,5,0,0,,,0,,,,,
𤃡,5,0,0,,,0,,,,,
𤃢,5,0,0,,,0,,,,,
𤃣,5,0,0,,,0,,,,,
𤃤,5,0,0,,,0,,,,,
𤃥,5,0,0,,,0,,,,,
𤃦,5,0,0,,,0,,,,,
𤃧,5,0,0,,,0,,,,,
𤃨,5,0,0,,,0,,,,,
𤃩,5,0,0,レイ リョウ,,0,,,,,
𤃪,5,0,0,キ,,0,,,,,
𤃫,5,0,0,コウ,,0,,,,,
𤃬,5,0,0,カン,,0,,,,,
𤃭,5,0,0,ショウ,,0,,,,,
𤃮,5,0,0,タク,,0,,,,,
𤃯,5,0,0,カク,,0,,,,,
𤃰,5,0,0,ビ,,0,,,,,
𤃱,5,0,0,ビ,,0,,,,,
𤃲,5,0,0,チュウ ジュウ,,0,,,,,
𤃳,5,0,0,ハン ホン,,0,,,,,
𤃴,5,0,0,カツ カチ エツ オチ ワイ エ,,0,,,,,
𤃵,5,0,0,ハク,,0,,,,,
𤃶,5,0,0,トウ,,0,,,,,
𤃷,5,0,0,アン オン イン,,0,,,,,
𤃸,5,0,0,ハク,,0,,,,,
𤃹,5,0,0,レキ,,0,,,,,
𤃺,5,0,0,ジン,,0,,,,,
𤃻,5,0,0,,,0,,,,,
𤃼,5,0,0,ソウ,,0,,,,,
𤃽,5,0,0,キ,,0,,,,,
𤃾,5,0,0,,,0,,,,,
𤃿,5,0,0,,,0,,,,,
𤄀,5,0,0,,,0,,,,,
𤄁,5,0,0,,,0,,,,,
𤄂,5,0,0,,,0,,,,,
𤄃,5,4,0,カツ,ひろい ひろ ひろし,0,,,,,
𤄄,5,0,0,,,0,,,,,
𤄅,5,0,0,,,0,,,,,
𤄆,5,0,0,,,0,,,,,
𤄇,5,0,0,,,0,,,,,
𤄈,5,0,0,,,0,,,,,
𤄉,5,0,0,リュウ,,0,,,,,
𤄊,5,0,0,,,0,,,,,
𤄋,5,0,0,,,0,,,,,
𤄌,5,0,0,,,0,,,,,
𤄍,5,0,0,,,0,,,,,
𤄎,5,0,0,ケキ キャク カク,,0,,,,,
𤄏,5,0,0,コウ グ,,0,,,,,
𤄐,5,0,0,リュウ,,0,,,,,
𤄑,5,0,0,ハン ホン,,0,,,,,
𤄒,5,0,0,カン ケン,,0,,,,,
𤄓,5,0,0,ソウ ズ,,0,,,,,
𤄔,5,0,0,サツ ザチ,,0,,,,,
𤄕,5,0,0,ヨ,,0,,,,,
𤄖,5,0,0,ソウ,,0,,,,,
𤄗,5,0,0,ハク,,0,,,,,
𤄘,5,0,0,ユウ,,0,,,,,
𤄙,5,0,0,ショウ,,0,,,,,
𤄚,5,0,0,ヒョウ,,0,,,,,
𤄛,5,0,0,タイ デ,,0,,,,,
𤄜,5,0,0,ヘン ホン,,0,,,,,
𤄝,5,0,0,エン,,0,,,,,
𤄞,5,0,0,,,0,,,,,
𤄟,5,0,0,,,0,,,,,
𤄠,5,0,0,,,0,,,,,
𤄡,5,0,0,,,0,,,,,
𤄢,5,0,0,,,0,,,,,
𤄣,5,0,0,,,0,,,,,
𤄤,5,0,0,,,0,,,,,
𤄥,5,0,0,,,0,,,,,
𤄦,5,0,0,ロ,,0,,,,,
𤄧,5,0,0,ハン,,0,,,,,
𤄨,5,0,0,ケイ,,0,,,,,
𤄩,5,0,0,ショウ,,0,,,,,
𤄪,5,0,0,フン,,0,,,,,
𤄫,5,0,0,ハン ヘン ホン,,0,,,,,
𤄬,5,0,0,,,0,,,,,
𤄭,5,0,0,,,0,,,,,
𤄮,5,0,0,,,0,,,,,
𤄯,5,0,0,,,0,,,,,
𤄰,5,0,0,,,0,,,,,
𤄱,5,0,0,,,0,,,,,
𤄲,5,0,0,,,0,,,,,
𤄳,5,0,0,,,0,,,,,
𤄴,5,0,0,トク,,0,,,,,
𤄵,5,0,0,セン,,0,,,,,
𤄶,5,0,0,ヤク シャク,,0,,,,,
𤄷,5,0,0,ラ,,0,,,,,
𤄸,5,0,0,シン ジン,,0,,,,,
𤄹,5,0,0,,,0,,,,,
𤄺,5,0,0,ヘン,,0,,,,,
𤄻,5,0,0,セン,,0,,,,,
𤄼,5,0,0,,,0,,,,,
𤄽,5,0,0,レイ ライ,,0,,,,,
𤄾,5,0,0,,,0,,,,,
𤄿,5,0,0,,,0,,,,,
𤅀,5,0,0,,,0,,,,,
𤅁,5,0,0,,,0,,,,,
𤅂,5,0,0,,,0,,,,,
𤅃,5,0,0,,,0,,,,,
𤅄,5,0,0,,,0,,,,,
𤅅,5,0,0,ブ,,0,,,,,
𤅆,5,0,0,コウ,,0,,,,,
𤅇,5,0,0,ラン,,0,,,,,
𤅈,5,0,0,,,0,,,,,
𤅉,5,0,0,,,0,,,,,
𤅊,5,0,0,ゲツ ゲチ,,0,,,,,
𤅋,5,0,0,トウ ズ,,0,,,,,
𤅌,5,0,0,ノウ,,0,,,,,
𤅍,5,0,0,ソウ,,0,,,,,
𤅎,5,0,0,バン マン,,0,,,,,
𤅏,5,0,0,,,0,,,,,
𤅐,5,0,0,コウ,,0,,,,,
𤅑,5,0,0,ジョウ ニョウ,,0,,,,,
𤅒,5,0,0,サン,,0,,,,,
𤅓,5,0,0,,,0,,,,,
𤅔,5,0,0,,,0,,,,,
𤅕,5,0,0,,,0,,,,,
𤅖,5,0,0,,,0,,,,,
𤅗,5,0,0,,,0,,,,,
𤅘,5,0,0,,,0,,,,,
𤅙,5,0,0,,,0,,,,,
𤅚,5,0,0,,,0,,,,,
𤅛,5,0,0,ノウ,,0,,,,,
𤅜,5,0,0,,,0,,,,,
𤅝,5,0,0,カク,,0,,,,,
𤅞,5,0,0,,,0,,,,,
𤅟,5,0,0,,,0,,,,,
𤅠,5,0,0,,,0,,,,,
𤅡,5,0,0,コウ ゴウ,,0,,,,,
𤅢,5,0,0,ヤク,,0,,,,,
𤅣,5,0,0,ボン モン,,0,,,,,
𤅤,5,0,0,ビ ミ,,0,,,,,
𤅥,5,0,0,,,0,,,,,
𤅦,5,0,0,タン,,0,,,,,
𤅧,5,0,0,,,0,,,,,
𤅨,5,0,0,サク,,0,,,,,
𤅩,5,0,0,タン カン,,0,,,,,
𤅪,5,0,0,サク,,0,,,,,
𤅫,5,0,0,レイ,,0,,,,,
𤅬,5,0,0,,,0,,,,,
𤅭,5,0,0,ジョウ,,0,,,,,
𤅮,5,0,0,,,0,,,,,
𤅯,5,0,0,,,0,,,,,
𤅰,5,0,0,ヤク,,0,,,,,
𤅱,5,0,0,コ ク,,0,,,,,
𤅲,5,0,0,サン,,0,,,,,
𤅳,5,0,0,ヒツ ヒチ,,0,,,,,
𤅴,5,0,0,チ,,0,,,,,
𤅵,5,0,0,,,0,,,,,
𤅶,5,0,0,,,0,,,,,
𤅷,5,0,0,レイ,,0,,,,,
𤅸,5,0,0,エン,,0,,,,,
𤅹,5,0,0,ヒ ビ,,0,,,,,
𤅺,5,0,0,,,0,,,,,
𤅻,5,0,0,カク,,0,,,,,
𤅼,5,0,0,タン,,0,,,,,
𤅽,5,0,0,タン,,0,,,,,
𤅾,5,0,0,,,0,,,,,
𤅿,5,0,0,エン,,0,,,,,
𤆀,5,0,0,ヒュウ ヒュ,,0,,,,,
𤆁,5,0,0,トウ ジョウ,,0,,,,,
𤆂,5,0,0,キ,,0,,,,,
𤆃,5,0,0,タイ ダイ,,0,,,,,
𤆄,5,0,0,カ,,0,,,,,
𤆅,5,0,0,シャ,,0,,,,,
𤆆,5,0,0,カイ ケ,はい,0,,,,,
𤆇,5,0,0,,,0,,,,,
𤆈,5,0,0,,,0,,,,,
𤆉,5,0,0,,,0,,,,,
𤆊,5,0,0,,,0,,,,,
𤆋,5,0,0,サイ,,0,,,,,
𤆌,5,0,0,,,0,,,,,
𤆍,5,0,0,セキ,,0,,,,,
𤆎,5,0,0,サイ,,0,,,,,
𤆏,5,0,0,ワ,,0,,,,,
𤆐,5,0,0,キュウ,,0,,,,,
𤆑,5,0,0,ソウ シュ,,0,,,,,
𤆒,5,0,0,チ,,0,,,,,
𤆓,5,0,0,,,0,,,,,
𤆔,5,0,0,,,0,,,,,
𤆕,5,0,0,,,0,,,,,
𤆖,5,0,0,,,0,,,,,
𤆗,5,0,0,,,0,,,,,
𤆘,5,0,0,,,0,,,,,
𤆙,5,0,0,スイ,,0,,,,,
𤆚,5,0,0,トン,,0,,,,,
𤆛,5,0,0,,,0,,,,,
𤆜,5,0,0,カイ,,0,,,,,
𤆝,5,0,0,ハク ホク,,0,,,,,
𤆞,5,0,0,クツ クチ,,0,,,,,
𤆟,5,0,0,シ,,0,,,,,
𤆠,5,0,0,,,0,,,,,
𤆡,5,0,0,,,0,,,,,
𤆢,5,0,0,,,0,,,,,
𤆣,5,0,0,,,0,,,,,
𤆤,5,0,0,,,0,,,,,
𤆥,5,0,0,,,0,,,,,
𤆦,5,0,0,,,0,,,,,
𤆧,5,0,0,,,0,,,,,
𤆨,5,0,0,,,0,,,,,
𤆩,5,0,0,,,0,,,,,
𤆪,5,0,0,,,0,,,,,
𤆫,5,0,0,,,0,,,,,
𤆬,5,0,0,,,0,,,,,
𤆭,5,0,0,,,0,,,,,
𤆮,5,0,0,,,0,,,,,
𤆯,5,0,0,ショ,,0,,,,,
𤆰,5,0,0,シ,,0,,,,,
𤆱,5,0,0,ダン,,0,,,,,
𤆲,5,0,0,サイ,,0,,,,,
𤆳,5,0,0,ト バイ,,0,,,,,
𤆴,5,0,0,コウ,,0,,,,,
𤆵,5,0,0,,,0,,,,,
𤆶,5,0,0,,,0,,,,,
𤆷,5,0,0,,,0,,,,,
𤆸,5,0,0,,,0,,,,,
𤆹,5,0,0,,,0,,,,,
𤆺,5,0,0,,,0,,,,,
𤆻,5,0,0,,,0,,,,,
𤆼,5,0,0,チョ,,0,,,,,
𤆽,5,0,0,セン,,0,,,,,
𤆾,5,0,0,イ,,0,,,,,
𤆿,5,0,0,ケイ,,0,,,,,
𤇀,5,0,0,イン,,0,,,,,
𤇁,5,0,0,カイ,,0,,,,,
𤇂,5,0,0,,,0,,,,,
𤇃,5,0,0,,,0,,,,,
𤇄,5,0,0,,,0,,,,,
𤇅,5,0,0,,,0,,,,,
𤇆,5,4,0,エン,かま,0,,,,,
𤇇,5,0,0,テン,,0,,,,,
𤇈,5,0,0,,,0,,,,,
𤇉,5,0,0,,,0,,,,,
𤇊,5,0,0,,,0,,,,,
𤇋,5,0,0,,,0,,,,,
𤇌,5,0,0,,,0,,,,,
𤇍,5,0,0,,,0,,,,,
𤇎,5,0,0,,,0,,,,,
𤇏,5,0,0,,,0,,,,,
𤇐,5,0,0,,,0,,,,,
𤇑,5,0,0,,,0,,,,,
𤇒,5,0,0,,,0,,,,,
𤇓,5,0,0,,,0,,,,,
𤇔,5,0,0,,,0,,,,,
𤇕,5,0,0,,,0,,,,,
𤇖,5,0,0,,,0,,,,,
𤇗,5,0,0,,,0,,,,,
𤇘,5,0,0,,,0,,,,,
𤇙,5,0,0,,,0,,,,,
𤇚,5,0,0,タク,,0,,,,,
𤇛,5,0,0,コウ,,0,,,,,
𤇜,5,0,0,ビン,,0,,,,,
𤇝,5,0,0,フツ,,0,,,,,
𤇞,5,0,0,カ,,0,,,,,
𤇟,5,0,0,エン,,0,,,,,
𤇠,5,0,0,コ,,0,,,,,
𤇡,5,0,0,ゲン,,0,,,,,
𤇢,5,0,0,,,0,,,,,
𤇣,5,0,0,,,0,,,,,
𤇤,5,0,0,,,0,,,,,
𤇥,5,0,0,,,0,,,,,
𤇦,5,0,0,,,0,,,,,
𤇧,5,0,0,,,0,,,,,
𤇨,5,0,0,,,0,,,,,
𤇩,5,0,0,,,0,,,,,
𤇪,5,0,0,,,0,,,,,
𤇫,5,0,0,シュウ,,0,,,,,
𤇬,5,0,0,,,0,,,,,
𤇭,5,0,0,,,0,,,,,
𤇮,5,0,0,,,0,,,,,
𤇯,5,0,0,オン オウ,,0,,,,,
𤇰,5,0,0,ハツ ベチ,,0,,,,,
𤇱,5,0,0,ドウ ノウ,,0,,,,,
𤇲,5,0,0,ジン ニン,,0,,,,,
𤇳,5,0,0,キツ キチ メツ,,0,,,,,
𤇴,5,0,0,イ キ,,0,,,,,
𤇵,5,0,0,ガイ,,0,,,,,
𤇶,5,0,0,ショウ,,0,,,,,
𤇷,5,0,0,オン,,0,,,,,
𤇸,5,0,0,,,0,,,,,
𤇹,5,0,0,,,0,,,,,
𤇺,5,0,0,,,0,,,,,
𤇻,5,0,0,,,0,,,,,
𤇼,5,0,0,,,0,,,,,
𤇽,5,0,0,,,0,,,,,
𤇾,5,4,0,,,0,,,,,
𤇿,5,0,0,,,0,,,,,
𤈀,5,0,0,,,0,,,,,
𤈁,5,0,0,,,0,,,,,
𤈂,5,0,0,,,0,,,,,
𤈃,5,0,0,,,0,,,,,
𤈄,5,0,0,,,0,,,,,
𤈅,5,0,0,,,0,,,,,
𤈆,5,0,0,,,0,,,,,
𤈇,5,0,0,,,0,,,,,
𤈈,5,0,0,,,0,,,,,
𤈉,5,0,0,,,0,,,,,
𤈊,5,0,0,,,0,,,,,
𤈋,5,0,0,,,0,,,,,
𤈌,5,0,0,,,0,,,,,
𤈍,5,0,0,,,0,,,,,
𤈎,5,0,0,,,0,,,,,
𤈏,5,0,0,,,0,,,,,
𤈐,5,0,0,,,0,,,,,
𤈑,5,0,0,テキ チャク,,0,,,,,
𤈒,5,0,0,フウ,,0,,,,,
𤈓,5,0,0,ショウ,,0,,,,,
𤈔,5,0,0,チ,,0,,,,,
𤈕,5,0,0,シ,,0,,,,,
𤈖,5,0,0,ホウ,,0,,,,,
𤈗,5,0,0,,,0,,,,,
𤈘,5,0,0,,,0,,,,,
𤈙,5,0,0,,,0,,,,,
𤈚,5,0,0,,,0,,,,,
𤈛,5,0,0,,,0,,,,,
𤈜,5,0,0,,,0,,,,,
𤈝,5,0,0,,,0,,,,,
𤈞,5,0,0,,,0,,,,,
𤈟,5,0,0,,,0,,,,,
𤈠,5,0,0,,,0,,,,,
𤈡,5,0,0,,,0,,,,,
𤈢,5,0,0,コウ キュウ,,0,,,,,
𤈣,5,0,0,フウ フ,,0,,,,,
𤈤,5,0,0,,,0,,,,,
𤈥,5,0,0,,,0,,,,,
𤈦,5,0,0,キ,,0,,,,,
𤈧,5,0,0,カク ギャク,,0,,,,,
𤈨,5,0,0,ソウ,,0,,,,,
𤈩,5,0,0,サ シャ,,0,,,,,
𤈪,5,0,0,カイ,,0,,,,,
𤈫,5,0,0,イ,,0,,,,,
𤈬,5,0,0,マン,,0,,,,,
𤈭,5,0,0,ショウ,,0,,,,,
𤈮,5,0,0,サイ,,0,,,,,
𤈯,5,0,0,イク,,0,,,,,
𤈰,5,0,0,イク,,0,,,,,
𤈱,5,0,0,ケツ,,0,,,,,
𤈲,5,0,0,ショ,,0,,,,,
𤈳,5,0,0,,,0,,,,,
𤈴,5,0,0,,,0,,,,,
𤈵,5,0,0,,,0,,,,,
𤈶,5,0,0,,,0,,,,,
𤈷,5,0,0,,,0,,,,,
𤈸,5,0,0,,,0,,,,,
𤈹,5,0,0,,,0,,,,,
𤈺,5,0,0,,,0,,,,,
𤈻,5,0,0,,,0,,,,,
𤈼,5,0,0,,,0,,,,,
𤈽,5,0,0,,,0,,,,,
𤈾,5,0,0,,,0,,,,,
𤈿,5,0,0,,,0,,,,,
𤉀,5,0,0,,,0,,,,,
𤉁,5,0,0,,,0,,,,,
𤉂,5,0,0,,,0,,,,,
𤉃,5,0,0,,,0,,,,,
𤉄,5,0,0,,,0,,,,,
𤉅,5,0,0,,,0,,,,,
𤉆,5,0,0,,,0,,,,,
𤉇,5,0,0,,さかんにもえる,0,,,,,
𤉈,5,0,0,,,0,,,,,
𤉉,5,0,0,,,0,,,,,
𤉊,5,0,0,タツ,,0,,,,,
𤉋,5,0,0,,,0,,,,,
𤉌,5,0,0,テン,,0,,,,,
𤉍,5,0,0,ロウ,,0,,,,,
𤉎,5,0,0,ショウ,,0,,,,,
𤉏,5,0,0,シ,,0,,,,,
𤉐,5,0,0,,,0,,,,,
𤉑,5,0,0,カン,,0,,,,,
𤉒,5,0,0,,,0,,,,,
𤉓,5,0,0,,,0,,,,,
𤉔,5,0,0,,,0,,,,,
𤉕,5,0,0,,,0,,,,,
𤉖,5,0,0,,,0,,,,,
𤉗,5,0,0,,,0,,,,,
𤉘,5,0,0,,,0,,,,,
𤉙,5,0,0,,,0,,,,,
𤉚,5,0,0,,,0,,,,,
𤉛,5,0,0,,,0,,,,,
𤉜,5,0,0,,,0,,,,,
𤉝,5,0,0,キョ ゴ,,0,,,,,
𤉞,5,0,0,リョウ,,0,,,,,
𤉟,5,0,0,ゼツ ネチ,,0,,,,,
𤉠,5,0,0,,,0,,,,,
𤉡,5,0,0,ジ,,0,,,,,
𤉢,5,0,0,ショウ,,0,,,,,
𤉣,5,0,0,サイ,,0,,,,,
𤉤,5,0,0,ヘツ ヘチ,,0,,,,,
𤉥,5,0,0,キュウ ク,,0,,,,,
𤉦,5,0,0,ワ,,0,,,,,
𤉧,5,0,0,コウ キョウ,,0,,,,,
𤉨,5,0,0,,,0,,,,,
𤉩,5,0,0,レツ,はげしい,0,,,,,
𤉪,5,0,0,ショウ ソウ,,0,,,,,
𤉫,5,0,0,カイ,,0,,,,,
𤉬,5,0,0,ソウ,,0,,,,,
𤉭,5,0,0,コウ,,0,,,,,
𤉮,5,0,0,ハイ,,0,,,,,
𤉯,5,0,0,ギョ,,0,,,,,
𤉰,5,0,0,,,0,,,,,
𤉱,5,0,0,,,0,,,,,
𤉲,5,0,0,,,0,,,,,
𤉳,5,0,0,,,0,,,,,
𤉴,5,0,0,,,0,,,,,
𤉵,5,0,0,,,0,,,,,
𤉶,5,0,0,,,0,,,,,
𤉷,5,0,0,,,0,,,,,
𤉸,5,0,0,,,0,,,,,
𤉹,5,0,0,フツ フチ,,0,,,,,
𤉺,5,0,0,コウ キョウ,,0,,,,,
𤉻,5,0,0,コウ,,0,,,,,
𤉼,5,0,0,,,0,,,,,
𤉽,5,0,0,,,0,,,,,
𤉾,5,0,0,,,0,,,,,
𤉿,5,0,0,,,0,,,,,
𤊀,5,0,0,,,0,,,,,
𤊁,5,0,0,,,0,,,,,
𤊂,5,0,0,,,0,,,,,
𤊃,5,0,0,,,0,,,,,
𤊄,5,0,0,,,0,,,,,
𤊅,5,0,0,ジョウ キョク,むす すみやか,0,,,,,
𤊆,5,0,0,,,0,,,,,
𤊇,5,0,0,,,0,,,,,
𤊈,5,0,0,,,0,,,,,
𤊉,5,0,0,,,0,,,,,
𤊊,5,0,0,,,0,,,,,
𤊋,5,0,0,,,0,,,,,
𤊌,5,0,0,,,0,,,,,
𤊍,5,0,0,,,0,,,,,
𤊎,5,0,0,,,0,,,,,
𤊏,5,0,0,,,0,,,,,
𤊐,5,0,0,,,0,,,,,
𤊑,5,0,0,,,0,,,,,
𤊒,5,0,0,,,0,,,,,
𤊓,5,0,0,,,0,,,,,
𤊔,5,0,0,,,0,,,,,
𤊕,5,0,0,,,0,,,,,
𤊖,5,0,0,,,0,,,,,
𤊗,5,0,0,エン,,0,,,,,
𤊘,5,0,0,,,0,,,,,
𤊙,5,0,0,ショウ,,0,,,,,
𤊚,5,0,0,コウ,,0,,,,,
𤊛,5,0,0,ショウ,,0,,,,,
𤊜,5,0,0,タイ,,0,,,,,
𤊝,5,0,0,,,0,,,,,
𤊞,5,0,0,,,0,,,,,
𤊟,5,0,0,,,0,,,,,
𤊠,5,0,0,,,0,,,,,
𤊡,5,0,0,,,0,,,,,
𤊢,5,0,0,,,0,,,,,
𤊣,5,0,0,,,0,,,,,
𤊤,5,0,0,,,0,,,,,
𤊥,5,0,0,,,0,,,,,
𤊦,5,0,0,,,0,,,,,
𤊧,5,0,0,,,0,,,,,
𤊨,5,0,0,,,0,,,,,
𤊩,5,0,0,,,0,,,,,
𤊪,5,0,0,,,0,,,,,
𤊫,5,0,0,,,0,,,,,
𤊬,5,0,0,,,0,,,,,
𤊭,5,0,0,,,0,,,,,
𤊮,5,0,0,,,0,,,,,
𤊯,5,0,0,トン,,0,,,,,
𤊰,5,0,0,,,0,,,,,
𤊱,5,0,0,,,0,,,,,
𤊲,5,0,0,ドウ ノウ,,0,,,,,
𤊳,5,0,0,,,0,,,,,
𤊴,5,0,0,カク,,0,,,,,
𤊵,5,0,0,シツ シチ ショク シキ,,0,,,,,
𤊶,5,0,0,ラツ ラチ,,0,,,,,
𤊷,5,0,0,ハイ ベ,,0,,,,,
𤊸,5,0,0,,,0,,,,,
𤊹,5,0,0,ホツ ボチ,,0,,,,,
𤊺,5,0,0,クツ,,0,,,,,
𤊻,5,0,0,フウ フ,,0,,,,,
𤊼,5,0,0,カン ガン,,0,,,,,
𤊽,5,0,0,リョウ,かがりび,0,,,,,
𤊾,5,0,0,ベツ メチ バツ マチ,,0,,,,,
𤊿,5,0,0,チョウ,,0,,,,,
𤋀,5,0,0,ケキ キャク キュウ コウ,,0,,,,,
𤋁,5,0,0,ヨウ,,0,,,,,
𤋂,5,0,0,バツ マチ,,0,,,,,
𤋃,5,0,0,シュウ,,0,,,,,
𤋄,5,0,0,ブ,,0,,,,,
𤋅,5,0,0,ケイ,,0,,,,,
𤋆,5,0,0,トウ,,0,,,,,
𤋇,5,0,0,シ,,0,,,,,
𤋈,5,0,0,,,0,,,,,
𤋉,5,0,0,,,0,,,,,
𤋊,5,0,0,,,0,,,,,
𤋋,5,0,0,,,0,,,,,
𤋌,5,0,0,,,0,,,,,
𤋍,5,0,0,,,0,,,,,
𤋎,5,0,0,,,0,,,,,
𤋏,5,0,0,,,0,,,,,
𤋐,5,0,0,,,0,,,,,
𤋑,5,0,0,,,0,,,,,
𤋒,5,0,0,,,0,,,,,
𤋓,5,0,0,,,0,,,,,
𤋔,5,0,0,,,0,,,,,
𤋕,5,0,0,,,0,,,,,
𤋖,5,0,0,,,0,,,,,
𤋗,5,0,0,,,0,,,,,
𤋘,5,0,0,,,0,,,,,
𤋙,5,0,0,,,0,,,,,
𤋚,5,0,0,,,0,,,,,
𤋛,5,0,0,,,0,,,,,
𤋜,5,0,0,ショウ,てる てらす てり あてる,0,,,,,
𤋝,5,0,0,,,0,,,,,
𤋞,5,0,0,,,0,,,,,
𤋟,5,0,0,,,0,,,,,
𤋠,5,0,0,,,0,,,,,
𤋡,5,0,0,,,0,,,,,
𤋢,5,0,0,,,0,,,,,
𤋣,5,0,0,,,0,,,,,
𤋤,5,0,0,,,0,,,,,
𤋥,5,0,0,,,0,,,,,
𤋦,5,0,0,,,0,,,,,
𤋧,5,0,0,,,0,,,,,
𤋨,5,0,0,タ,,0,,,,,
𤋩,5,0,0,ネツ,,0,,,,,
𤋪,5,0,0,バク,,0,,,,,
𤋫,5,0,0,ドウ,,0,,,,,
𤋬,5,0,0,オ,,0,,,,,
𤋭,5,0,0,ケイ,,0,,,,,
𤋮,5,0,0,キ,たのしむ ひかる ひろい よろこぶ,0,,,,,
𤋯,5,0,0,シャ,,0,,,,,
𤋰,5,0,0,ジョ,,0,,,,,
𤋱,5,0,0,クン,くすべる ふすべる,0,,,,,
𤋲,5,0,0,,,0,,,,,
𤋳,5,0,0,ギョ,,0,,,,,
𤋴,5,0,0,,,0,,,,,
𤋵,5,0,0,,,0,,,,,
𤋶,5,0,0,,,0,,,,,
𤋷,5,0,0,,,0,,,,,
𤋸,5,0,0,,,0,,,,,
𤋹,5,0,0,,,0,,,,,
𤋺,5,0,0,,,0,,,,,
𤋻,5,0,0,,,0,,,,,
𤋼,5,0,0,,,0,,,,,
𤋽,5,0,0,,,0,,,,,
𤋾,5,0,0,,,0,,,,,
𤋿,5,0,0,,,0,,,,,
𤌀,5,0,0,,,0,,,,,
𤌁,5,0,0,コウ,,0,,,,,
𤌂,5,0,0,,,0,,,,,
𤌃,5,0,0,タ ダ,,0,,,,,
𤌄,5,0,0,,,0,,,,,
𤌅,5,0,0,,,0,,,,,
𤌆,5,0,0,,,0,,,,,
𤌇,5,0,0,,,0,,,,,
𤌈,5,0,0,ヒョク,,0,,,,,
𤌉,5,0,0,ソウ ショウ,,0,,,,,
𤌊,5,0,0,サイ,,0,,,,,
𤌋,5,0,0,キ,,0,,,,,
𤌌,5,0,0,エイ ヨウ,,0,,,,,
𤌍,5,0,0,コク ゴク カク,,0,,,,,
𤌎,5,0,0,リン,,0,,,,,
𤌏,5,0,0,オウ オ,,0,,,,,
𤌐,5,0,0,カン ゴン,,0,,,,,
𤌑,5,0,0,ヒョウ,,0,,,,,
𤌒,5,0,0,エイ,,0,,,,,
𤌓,5,0,0,カン,,0,,,,,
𤌔,5,0,0,ダン ネン,,0,,,,,
𤌕,5,0,0,ダ,,0,,,,,
𤌖,5,0,0,,,0,,,,,
𤌗,5,0,0,コウ,,0,,,,,
𤌘,5,0,0,,,0,,,,,
𤌙,5,0,0,,,0,,,,,
𤌚,5,0,0,,,0,,,,,
𤌛,5,0,0,ショク,,0,,,,,
𤌜,5,0,0,テン,,0,,,,,
𤌝,5,0,0,,,0,,,,,
𤌞,5,0,0,,,0,,,,,
𤌟,5,0,0,,,0,,,,,
𤌠,5,0,0,,,0,,,,,
𤌡,5,0,0,,,0,,,,,
𤌢,5,0,0,,,0,,,,,
𤌣,5,0,0,,,0,,,,,
𤌤,5,0,0,,,0,,,,,
𤌥,5,0,0,,,0,,,,,
𤌦,5,0,0,,,0,,,,,
𤌧,5,0,0,,,0,,,,,
𤌨,5,0,0,,,0,,,,,
𤌩,5,0,0,,,0,,,,,
𤌪,5,0,0,,,0,,,,,
𤌫,5,0,0,,,0,,,,,
𤌬,5,0,0,,,0,,,,,
𤌭,5,0,0,,,0,,,,,
𤌮,5,0,0,,,0,,,,,
𤌯,5,0,0,,,0,,,,,
𤌰,5,0,0,,,0,,,,,
𤌱,5,0,0,,,0,,,,,
𤌲,5,0,0,,,0,,,,,
𤌳,5,0,0,,,0,,,,,
𤌴,5,0,0,,,0,,,,,
𤌵,5,0,0,,,0,,,,,
𤌶,5,0,0,,,0,,,,,
𤌷,5,0,0,ケイ,,0,,,,,
𤌸,5,0,0,ショウ,,0,,,,,
𤌹,5,0,0,,,0,,,,,
𤌺,5,0,0,セン,,0,,,,,
𤌻,5,0,0,カイ,,0,,,,,
𤌼,5,0,0,コウ,,0,,,,,
𤌽,5,0,0,ソウ,,0,,,,,
𤌾,5,0,0,,,0,,,,,
𤌿,5,0,0,シツ,,0,,,,,
𤍀,5,0,0,キョウ,,0,,,,,
𤍁,5,0,0,サツ,,0,,,,,
𤍂,5,0,0,,,0,,,,,
𤍃,5,0,0,,,0,,,,,
𤍄,5,0,0,,,0,,,,,
𤍅,5,0,0,,,0,,,,,
𤍆,5,0,0,,,0,,,,,
𤍇,5,0,0,,,0,,,,,
𤍈,5,0,0,,,0,,,,,
𤍉,5,0,0,,,0,,,,,
𤍊,5,0,0,,,0,,,,,
𤍋,5,0,0,,,0,,,,,
𤍌,5,0,0,,,0,,,,,
𤍍,5,0,0,ム,,0,,,,,
𤍎,5,0,0,,,0,,,,,
𤍏,5,0,0,,,0,,,,,
𤍐,5,0,0,タイ,,0,,,,,
𤍑,5,0,0,,,0,,,,,
𤍒,5,0,0,ソウ ショウ,,0,,,,,
𤍓,5,0,0,ショ ジョ,,0,,,,,
𤍔,5,0,0,ケイ,,0,,,,,
𤍕,5,0,0,ユウ,,0,,,,,
𤍖,5,0,0,セン,,0,,,,,
𤍗,5,0,0,ホツ ボチ,,0,,,,,
𤍘,5,0,0,ヒン,,0,,,,,
𤍙,5,0,0,セン ゼン,,0,,,,,
𤍚,5,0,0,マン,,0,,,,,
𤍛,5,0,0,ショウ,,0,,,,,
𤍜,5,0,0,ショウ ソウ,,0,,,,,
𤍝,5,0,0,サン,,0,,,,,
𤍞,5,0,0,,,0,,,,,
𤍟,5,0,0,,,0,,,,,
𤍠,5,0,0,,,0,,,,,
𤍡,5,0,0,,,0,,,,,
𤍢,5,0,0,,,0,,,,,
𤍣,5,0,0,,,0,,,,,
𤍤,5,0,0,,,0,,,,,
𤍥,5,0,0,,,0,,,,,
𤍦,5,0,0,,,0,,,,,
𤍧,5,0,0,エイ,,0,,,,,
𤍨,5,0,0,,,0,,,,,
𤍩,5,0,0,,,0,,,,,
𤍪,5,0,0,,,0,,,,,
𤍫,5,0,0,,,0,,,,,
𤍬,5,0,0,,,0,,,,,
𤍭,5,0,0,,,0,,,,,
𤍮,5,0,0,,,0,,,,,
𤍯,5,0,0,,,0,,,,,
𤍰,5,0,0,,,0,,,,,
𤍱,5,0,0,,,0,,,,,
𤍲,5,0,0,,,0,,,,,
𤍳,5,0,0,,,0,,,,,
𤍴,5,0,0,,,0,,,,,
𤍵,5,0,0,,,0,,,,,
𤍶,5,0,0,,,0,,,,,
𤍷,5,0,0,,,0,,,,,
𤍸,5,0,0,,,0,,,,,
𤍹,5,0,0,,,0,,,,,
𤍺,5,0,0,,,0,,,,,
𤍻,5,0,0,,,0,,,,,
𤍼,5,0,0,,,0,,,,,
𤍽,5,0,0,ゼツ ネチ ネツ,ねつ あつい あつくする やく,0,,,,,
𤍾,5,0,0,サン,,0,,,,,
𤍿,5,0,0,,,0,,,,,
𤎀,5,0,0,,,0,,,,,
𤎁,5,0,0,レツ,,0,,,,,
𤎂,5,0,0,ショウ,,0,,,,,
𤎃,5,0,0,,,0,,,,,
𤎄,5,0,0,,,0,,,,,
𤎅,5,0,0,,,0,,,,,
𤎆,5,0,0,,,0,,,,,
𤎇,5,0,0,,,0,,,,,
𤎈,5,0,0,,,0,,,,,
𤎉,5,0,0,,,0,,,,,
𤎊,5,0,0,,,0,,,,,
𤎋,5,0,0,,,0,,,,,
𤎌,5,0,0,,,0,,,,,
𤎍,5,0,0,,,0,,,,,
𤎎,5,0,0,,,0,,,,,
𤎏,5,0,0,,,0,,,,,
𤎐,5,0,0,,,0,,,,,
𤎑,5,0,0,,,0,,,,,
𤎒,5,0,0,,,0,,,,,
𤎓,5,0,0,,,0,,,,,
𤎔,5,0,0,,,0,,,,,
𤎕,5,0,0,,,0,,,,,
𤎖,5,0,0,,,0,,,,,
𤎗,5,0,0,キョク,,0,,,,,
𤎘,5,0,0,ショウ,,0,,,,,
𤎙,5,0,0,シャク,,0,,,,,
𤎚,5,0,0,リョウ,,0,,,,,
𤎛,5,0,0,,,0,,,,,
𤎜,5,0,0,,,0,,,,,
𤎝,5,0,0,ガン,,0,,,,,
𤎞,5,0,0,リョウ,,0,,,,,
𤎟,5,0,0,エン,,0,,,,,
𤎠,5,0,0,ドウ,,0,,,,,
𤎡,5,0,0,カン ゴン,,0,,,,,
𤎢,5,0,0,セン,,0,,,,,
𤎣,5,0,0,オウ,,0,,,,,
𤎤,5,0,0,ロウ,,0,,,,,
𤎥,5,0,0,タン セン,,0,,,,,
𤎦,5,0,0,コウ,,0,,,,,
𤎧,5,0,0,シュ,,0,,,,,
𤎨,5,0,0,ヘツ,,0,,,,,
𤎩,5,0,0,スイ,,0,,,,,
𤎪,5,0,0,,,0,,,,,
𤎫,5,0,0,コウ,,0,,,,,
𤎬,5,0,0,ショウ,,0,,,,,
𤎭,5,0,0,リン シン イン,,0,,,,,
𤎮,5,0,0,ネツ,,0,,,,,
𤎯,5,0,0,ソウ ショウ,,0,,,,,
𤎰,5,0,0,ソウ ショウ,,0,,,,,
𤎱,5,0,0,スイ セン,,0,,,,,
𤎲,5,0,0,クツ クチ,,0,,,,,
𤎳,5,0,0,セキ,,0,,,,,
𤎴,5,0,0,セン,,0,,,,,
𤎵,5,0,0,セン,,0,,,,,
𤎶,5,0,0,キ,,0,,,,,
𤎷,5,0,0,シ,,0,,,,,
𤎸,5,0,0,ギョウ,,0,,,,,
𤎹,5,0,0,,,0,,,,,
𤎺,5,0,0,,,0,,,,,
𤎻,5,0,0,,,0,,,,,
𤎼,5,4,0,,にぎ,0,,,,,
𤎽,5,0,0,,,0,,,,,
𤎾,5,0,0,,,0,,,,,
𤎿,5,0,0,,,0,,,,,
𤏀,5,0,0,サ,,0,,,,,
𤏁,5,0,0,キ,,0,,,,,
𤏂,5,0,0,,,0,,,,,
𤏃,5,0,0,,,0,,,,,
𤏄,5,0,0,,,0,,,,,
𤏅,5,0,0,,,0,,,,,
𤏆,5,0,0,,,0,,,,,
𤏇,5,0,0,,,0,,,,,
𤏈,5,0,0,,,0,,,,,
𤏉,5,0,0,,,0,,,,,
𤏊,5,0,0,,,0,,,,,
𤏋,5,0,0,,,0,,,,,
𤏌,5,0,0,,,0,,,,,
𤏍,5,0,0,,,0,,,,,
𤏎,5,0,0,,,0,,,,,
𤏏,5,0,0,,,0,,,,,
𤏐,5,0,0,ラン,かん,0,,,,,
𤏑,5,0,0,,,0,,,,,
𤏒,5,0,0,,,0,,,,,
𤏓,5,0,0,,,0,,,,,
𤏔,5,0,0,,,0,,,,,
𤏕,5,0,0,,,0,,,,,
𤏖,5,0,0,,,0,,,,,
𤏗,5,0,0,シン,,0,,,,,
𤏘,5,0,0,ワク,,0,,,,,
𤏙,5,0,0,ダン,,0,,,,,
𤏚,5,0,0,ガン,,0,,,,,
𤏛,5,0,0,ヒョク,,0,,,,,
𤏜,5,0,0,キ,,0,,,,,
𤏝,5,0,0,セン,,0,,,,,
𤏞,5,0,0,リン,,0,,,,,
𤏟,5,0,0,ソウ,,0,,,,,
𤏠,5,0,0,ボ,,0,,,,,
𤏡,5,0,0,,,0,,,,,
𤏢,5,0,0,,,0,,,,,
𤏣,5,0,0,,,0,,,,,
𤏤,5,0,0,,,0,,,,,
𤏥,5,0,0,,,0,,,,,
𤏦,5,0,0,,,0,,,,,
𤏧,5,0,0,,,0,,,,,
𤏨,5,0,0,,,0,,,,,
𤏩,5,0,0,,,0,,,,,
𤏪,5,0,0,,,0,,,,,
𤏫,5,0,0,,,0,,,,,
𤏬,5,0,0,,,0,,,,,
𤏭,5,0,0,カン ゲン,,0,,,,,
𤏮,5,0,0,ホツ ボチ,こしきわら,0,,,,,
𤏯,5,0,0,エン,,0,,,,,
𤏰,5,0,0,ホツ,,0,,,,,
𤏱,5,0,0,,,0,,,,,
𤏲,5,0,0,,,0,,,,,
𤏳,5,0,0,,,0,,,,,
𤏴,5,0,0,キ,,0,,,,,
𤏵,5,0,0,エキ,,0,,,,,
𤏶,5,0,0,オウ,,0,,,,,
𤏷,5,0,0,サン,,0,,,,,
𤏸,5,0,0,シャク,,0,,,,,
𤏹,5,0,0,ヒョク,,0,,,,,
𤏺,5,0,0,ゴウ,,0,,,,,
𤏻,5,0,0,ショウ,やわらぐ,0,,,,,
𤏼,5,0,0,ジン,,0,,,,,
𤏽,5,0,0,セイ シャウ,,0,,,,,
𤏾,5,0,0,セイ,,0,,,,,
𤏿,5,0,0,ベツ メチ,,0,,,,,
𤐀,5,0,0,クツ クチ,,0,,,,,
𤐁,5,0,0,,,0,,,,,
𤐂,5,0,0,,,0,,,,,
𤐃,5,0,0,,,0,,,,,
𤐄,5,0,0,,,0,,,,,
𤐅,5,0,0,,,0,,,,,
𤐆,5,0,0,,,0,,,,,
𤐇,5,0,0,,,0,,,,,
𤐈,5,0,0,,,0,,,,,
𤐉,5,0,0,,,0,,,,,
𤐊,5,0,0,,,0,,,,,
𤐋,5,0,0,,,0,,,,,
𤐌,5,0,0,,,0,,,,,
𤐍,5,0,0,,,0,,,,,
𤐎,5,0,0,,,0,,,,,
𤐏,5,0,0,,,0,,,,,
𤐐,5,0,0,,,0,,,,,
𤐑,5,0,0,,,0,,,,,
𤐒,5,0,0,サン,,0,,,,,
𤐓,5,0,0,,,0,,,,,
𤐔,5,0,0,タン,,0,,,,,
𤐕,5,0,0,キ,,0,,,,,
𤐖,5,0,0,,,0,,,,,
𤐗,5,0,0,リョウ,,0,,,,,
𤐘,5,0,0,,,0,,,,,
𤐙,5,0,0,,,0,,,,,
𤐚,5,0,0,,,0,,,,,
𤐛,5,0,0,,,0,,,,,
𤐜,5,0,0,,,0,,,,,
𤐝,5,0,0,,,0,,,,,
𤐞,5,0,0,エン,,0,,,,,
𤐟,5,0,0,コク,,0,,,,,
𤐠,5,0,0,,,0,,,,,
𤐡,5,0,0,,,0,,,,,
𤐢,5,0,0,,,0,,,,,
𤐣,5,0,0,,,0,,,,,
𤐤,5,0,0,,,0,,,,,
𤐥,5,0,0,,,0,,,,,
𤐦,5,0,0,シ,,0,,,,,
𤐧,5,0,0,ヒョク ヒキ,,0,,,,,
𤐨,5,0,0,セン,,0,,,,,
𤐩,5,0,0,カイ,,0,,,,,
𤐪,5,0,0,リン,,0,,,,,
𤐫,5,0,0,ヒョウ,,0,,,,,
𤐬,5,0,0,セキ,,0,,,,,
𤐭,5,0,0,チュウ,,0,,,,,
𤐮,5,0,0,,,0,,,,,
𤐯,5,0,0,ヤク,,0,,,,,
𤐰,5,0,0,カク ワク,,0,,,,,
𤐱,5,0,0,リョウ,,0,,,,,
𤐲,5,0,0,サン,,0,,,,,
𤐳,5,0,0,コウ キョウ,,0,,,,,
𤐴,5,0,0,,,0,,,,,
𤐵,5,0,0,,,0,,,,,
𤐶,5,0,0,,,0,,,,,
𤐷,5,0,0,オン,,0,,,,,
𤐸,5,0,0,,,0,,,,,
𤐹,5,0,0,,,0,,,,,
𤐺,5,0,0,,,0,,,,,
𤐻,5,0,0,,,0,,,,,
𤐼,5,0,0,,,0,,,,,
𤐽,5,0,0,,,0,,,,,
𤐾,5,0,0,,,0,,,,,
𤐿,5,0,0,,,0,,,,,
𤑀,5,0,0,,,0,,,,,
𤑁,5,0,0,,,0,,,,,
𤑂,5,0,0,トウ,,0,,,,,
𤑃,5,0,0,カン ゲン,,0,,,,,
𤑄,5,0,0,ネツ,,0,,,,,
𤑅,5,0,0,エン,,0,,,,,
𤑆,5,0,0,ゼン,,0,,,,,
𤑇,5,0,0,,,0,,,,,
𤑈,5,0,0,,,0,,,,,
𤑉,5,0,0,,,0,,,,,
𤑊,5,0,0,ホウ,,0,,,,,
𤑋,5,0,0,コウ,,0,,,,,
𤑌,5,0,0,,,0,,,,,
𤑍,5,0,0,,,0,,,,,
𤑎,5,0,0,,,0,,,,,
𤑏,5,0,0,,,0,,,,,
𤑐,5,0,0,,,0,,,,,
𤑑,5,0,0,,,0,,,,,
𤑒,5,0,0,エイ,,0,,,,,
𤑓,5,0,0,ヤク,,0,,,,,
𤑔,5,0,0,ゼツ,,0,,,,,
𤑕,5,0,0,,,0,,,,,
𤑖,5,0,0,サン,,0,,,,,
𤑗,5,0,0,リョウ ソウ ショウ,,0,,,,,
𤑘,5,0,0,,,0,,,,,
𤑙,5,0,0,,,0,,,,,
𤑚,5,0,0,,,0,,,,,
𤑛,5,0,0,,,0,,,,,
𤑜,5,0,0,,,0,,,,,
𤑝,5,0,0,,,0,,,,,
𤑞,5,0,0,,,0,,,,,
𤑟,5,0,0,,,0,,,,,
𤑠,5,0,0,,,0,,,,,
𤑡,5,0,0,ショウ,,0,,,,,
𤑢,5,0,0,ソウ,,0,,,,,
𤑣,5,0,0,サツ,,0,,,,,
𤑤,5,0,0,ガン,,0,,,,,
𤑥,5,0,0,バク,,0,,,,,
𤑦,5,0,0,テン テキ,,0,,,,,
𤑧,5,0,0,サツ,,0,,,,,
𤑨,5,0,0,シャ,,0,,,,,
𤑩,5,0,0,ジン,,0,,,,,
𤑪,5,0,0,カイ,,0,,,,,
𤑫,5,0,0,,,0,,,,,
𤑬,5,0,0,,,0,,,,,
𤑭,5,0,0,,,0,,,,,
𤑮,5,0,0,,,0,,,,,
𤑯,5,0,0,,,0,,,,,
𤑰,5,0,0,,,0,,,,,
𤑱,5,0,0,キ,,0,,,,,
𤑲,5,0,0,,,0,,,,,
𤑳,5,0,0,ショウ,,0,,,,,
𤑴,5,0,0,トン,,0,,,,,
𤑵,5,0,0,ショウ ソウ,,0,,,,,
𤑶,5,0,0,セン,,0,,,,,
𤑷,5,0,0,ヨウ,,0,,,,,
𤑸,5,0,0,ラン,,0,,,,,
𤑹,5,0,0,エキ ヤク,,0,,,,,
𤑺,5,0,0,ベキ ミャク,,0,,,,,
𤑻,5,0,0,,,0,,,,,
𤑼,5,0,0,ヨウ,,0,,,,,
𤑽,5,0,0,ギョウ,,0,,,,,
𤑾,5,0,0,スイ,,0,,,,,
𤑿,5,0,0,レン,,0,,,,,
𤒀,5,0,0,ヤク,,0,,,,,
𤒁,5,0,0,ホウ ヒョウ,,0,,,,,
𤒂,5,0,0,ヨウ,,0,,,,,
𤒃,5,0,0,,,0,,,,,
𤒄,5,0,0,,,0,,,,,
𤒅,5,0,0,,,0,,,,,
𤒆,5,0,0,ジュク,,0,,,,,
𤒇,5,0,0,,,0,,,,,
𤒈,5,0,0,,,0,,,,,
𤒉,5,0,0,フツ,,0,,,,,
𤒊,5,0,0,,,0,,,,,
𤒋,5,0,0,,,0,,,,,
𤒌,5,0,0,,,0,,,,,
𤒍,5,0,0,,,0,,,,,
𤒎,5,0,0,,,0,,,,,
𤒏,5,0,0,,,0,,,,,
𤒐,5,0,0,,,0,,,,,
𤒑,5,0,0,,,0,,,,,
𤒒,5,0,0,,,0,,,,,
𤒓,5,0,0,フツ,,0,,,,,
𤒔,5,0,0,ハク,,0,,,,,
𤒕,5,0,0,,,0,,,,,
𤒖,5,0,0,ソウ,,0,,,,,
𤒗,5,0,0,シャ,,0,,,,,
𤒘,5,0,0,,,0,,,,,
𤒙,5,0,0,,,0,,,,,
𤒚,5,0,0,,,0,,,,,
𤒛,5,0,0,,,0,,,,,
𤒜,5,0,0,フツ フチ,,0,,,,,
𤒝,5,0,0,ヤク,,0,,,,,
𤒞,5,0,0,タイ ダイ,,0,,,,,
𤒟,5,0,0,,,0,,,,,
𤒠,5,0,0,,,0,,,,,
𤒡,5,0,0,,,0,,,,,
𤒢,5,0,0,,,0,,,,,
𤒣,5,0,0,,,0,,,,,
𤒤,5,0,0,レン,,0,,,,,
𤒥,5,0,0,レン,,0,,,,,
𤒦,5,0,0,エン レン,,0,,,,,
𤒧,5,0,0,リョウ,,0,,,,,
𤒨,5,0,0,,,0,,,,,
𤒩,5,0,0,,,0,,,,,
𤒪,5,0,0,,,0,,,,,
𤒫,5,0,0,ヨウ,,0,,,,,
𤒬,5,0,0,クツ,,0,,,,,
𤒭,5,0,0,,,0,,,,,
𤒮,5,0,0,スイ,,0,,,,,
𤒯,5,0,0,,,0,,,,,
𤒰,5,0,0,,,0,,,,,
𤒱,5,0,0,,,0,,,,,
𤒲,5,0,0,,,0,,,,,
𤒳,5,0,0,,,0,,,,,
𤒴,5,0,0,,,0,,,,,
𤒵,5,0,0,,,0,,,,,
𤒶,5,0,0,,,0,,,,,
𤒷,5,0,0,,,0,,,,,
𤒸,5,0,0,,,0,,,,,
𤒹,5,0,0,,,0,,,,,
𤒺,5,0,0,ハク,,0,,,,,
𤒻,5,0,0,トウ ドウ,,0,,,,,
𤒼,5,0,0,コウ,,0,,,,,
𤒽,5,0,0,トウ ジョウ,,0,,,,,
𤒾,5,0,0,ヒョウ,,0,,,,,
𤒿,5,0,0,,,0,,,,,
𤓀,5,0,0,,,0,,,,,
𤓁,5,0,0,,,0,,,,,
𤓂,5,0,0,,,0,,,,,
𤓃,5,0,0,,,0,,,,,
𤓄,5,0,0,シャク,,0,,,,,
𤓅,5,0,0,テン,,0,,,,,
𤓆,5,0,0,,,0,,,,,
𤓇,5,0,0,,,0,,,,,
𤓈,5,0,0,シャク,,0,,,,,
𤓉,5,0,0,ゼン,,0,,,,,
𤓊,5,0,0,ハク,,0,,,,,
𤓋,5,0,0,,,0,,,,,
𤓌,5,0,0,,,0,,,,,
𤓍,5,0,0,,,0,,,,,
𤓎,5,0,0,,,0,,,,,
𤓏,5,0,0,オウ,,0,,,,,
𤓐,5,0,0,コウ,,0,,,,,
𤓑,5,0,0,ケキ,,0,,,,,
𤓒,5,0,0,ビ,,0,,,,,
𤓓,5,0,0,,,0,,,,,
𤓔,5,0,0,セキ,,0,,,,,
𤓕,5,0,0,セイ セ,,0,,,,,
𤓖,5,0,0,,,0,,,,,
𤓗,5,0,0,ソウ,,0,,,,,
𤓘,5,0,0,,,0,,,,,
𤓙,5,0,0,,,0,,,,,
𤓚,5,0,0,キ,,0,,,,,
𤓛,5,0,0,,,0,,,,,
𤓜,5,0,0,ヒョク,,0,,,,,
𤓝,5,0,0,ヤク,,0,,,,,
𤓞,5,0,0,ヒョク,,0,,,,,
𤓟,5,0,0,サン,,0,,,,,
𤓠,5,0,0,セン,,0,,,,,
𤓡,5,0,0,シャク,,0,,,,,
𤓢,5,0,0,,,0,,,,,
𤓣,5,0,0,,,0,,,,,
𤓤,5,0,0,セン,,0,,,,,
𤓥,5,0,0,サン,,0,,,,,
𤓦,5,0,0,テツ テチ,,0,,,,,
𤓧,5,0,0,,,0,,,,,
𤓨,5,0,0,,,0,,,,,
𤓩,5,0,0,,,0,,,,,
𤓪,5,0,0,ショウ,,0,,,,,
𤓫,5,0,0,スイ,,0,,,,,
𤓬,5,0,0,ショウ,,0,,,,,
𤓭,5,0,0,ウツ,,0,,,,,
𤓮,5,0,0,ウツ,,0,,,,,
𤓯,5,0,0,ショウ,,0,,,,,
𤓰,5,0,0,,,0,,,,,
𤓱,5,0,0,キュウ,,0,,,,,
𤓲,5,0,0,ラン,,0,,,,,
𤓳,5,0,0,サイ,,0,,,,,
𤓴,5,0,0,レツ レチ,,0,,,,,
𤓵,5,0,0,ソ,,0,,,,,
𤓶,5,0,0,ダ ナ,,0,,,,,
𤓷,5,0,0,ダ ナ,,0,,,,,
𤓸,5,0,0,イ,,0,,,,,
𤓹,5,0,0,,,0,,,,,
𤓺,5,0,0,,,0,,,,,
𤓻,5,0,0,,,0,,,,,
𤓼,5,0,0,,,0,,,,,
𤓽,5,0,0,フ,,0,,,,,
𤓾,5,0,0,トウ,,0,,,,,
𤓿,5,0,0,,,0,,,,,
𤔀,5,0,0,ダ ナ,,0,,,,,
𤔁,5,0,0,ヘイ,,0,,,,,
𤔂,5,0,0,レチ レツ,,0,,,,,
𤔃,5,0,0,,,0,,,,,
𤔄,5,0,0,,,0,,,,,
𤔅,5,0,0,,,0,,,,,
𤔆,5,0,0,,ねずみ,0,,,,,
𤔇,5,0,0,ジ,,0,,,,,
𤔈,5,0,0,ソ,,0,,,,,
𤔉,5,0,0,ホウ ハ,,0,,,,,
𤔊,5,0,0,ケイ,,0,,,,,
𤔋,5,0,0,キョ,,0,,,,,
𤔌,5,0,0,イン オン,,0,,,,,
𤔍,5,0,0,ホウ,,0,,,,,
𤔎,5,0,0,,,0,,,,,
𤔏,5,0,0,,,0,,,,,
𤔐,5,0,0,ラン,,0,,,,,
𤔑,5,0,0,レイ,,0,,,,,
𤔒,5,0,0,ラン,,0,,,,,
𤔓,5,0,0,,,0,,,,,
𤔔,5,0,0,ラン,,0,,,,,
𤔕,5,0,0,ケイ,,0,,,,,
𤔖,5,0,0,,,0,,,,,
𤔗,5,0,0,カク,,0,,,,,
𤔘,5,0,0,ヨウ,,0,,,,,
𤔙,5,0,0,サ,,0,,,,,
𤔚,5,0,0,ジョウ,,0,,,,,
𤔛,5,0,0,,,0,,,,,
𤔜,5,0,0,フク,,0,,,,,
𤔝,5,0,0,ラ,,0,,,,,
𤔞,5,0,0,,,0,,,,,
𤔟,5,0,0,フン,,0,,,,,
𤔠,5,0,0,アイ,,0,,,,,
𤔡,5,0,0,,,0,,,,,
𤔢,5,0,0,ソウ,,0,,,,,
𤔣,5,0,0,ホウ ボウ,,0,,,,,
𤔤,5,0,0,アイ,,0,,,,,
𤔥,5,0,0,ソウ,,0,,,,,
𤔦,5,0,0,ラン,,0,,,,,
𤔧,5,0,0,ジ,,0,,,,,
𤔨,5,0,0,,,0,,,,,
𤔩,5,0,0,カク,,0,,,,,
𤔪,5,0,0,レン,,0,,,,,
𤔫,5,0,0,,,0,,,,,
𤔬,5,0,0,ラン,,0,,,,,
𤔭,5,0,0,,,0,,,,,
𤔮,5,0,0,サツ,,0,,,,,
𤔯,5,0,0,,,0,,,,,
𤔰,5,0,0,ショウ,,0,,,,,
𤔱,5,0,0,トウ,,0,,,,,
𤔲,5,0,0,シ,,0,,,,,
𤔳,5,0,0,,,0,,,,,
𤔴,5,0,0,,,0,,,,,
𤔵,5,0,0,,,0,,,,,
𤔶,5,0,0,トウ,,0,,,,,
𤔷,5,0,0,,,0,,,,,
𤔸,5,0,0,,,0,,,,,
𤔹,5,0,0,ショウ,,0,,,,,
𤔺,5,0,0,,,0,,,,,
𤔻,5,0,0,,,0,,,,,
𤔼,5,0,0,,,0,,,,,
𤔽,5,0,0,,,0,,,,,
𤔾,5,0,0,,,0,,,,,
𤔿,5,0,0,,,0,,,,,
𤕀,5,0,0,ショウ,,0,,,,,
𤕁,5,0,0,,,0,,,,,
𤕂,5,0,0,,,0,,,,,
𤕃,5,0,0,,,0,,,,,
𤕄,5,0,0,ショウ,,0,,,,,
𤕅,5,0,0,ラン,,0,,,,,
𤕆,5,0,0,,,0,,,,,
𤕇,5,0,0,シュウ タ,,0,,,,,
𤕈,5,0,0,レン,,0,,,,,
𤕉,5,0,0,,,0,,,,,
𤕊,5,0,0,シン,,0,,,,,
𤕋,5,0,0,ジュ,,0,,,,,
𤕌,5,0,0,,,0,,,,,
𤕍,5,0,0,ラン,,0,,,,,
𤕎,5,0,0,,,0,,,,,
𤕏,5,0,0,,,0,,,,,
𤕐,5,0,0,ク,,0,,,,,
𤕑,5,0,0,,,0,,,,,
𤕒,5,0,0,カ,,0,,,,,
𤕓,5,0,0,ヤ,じじ,0,,,,,
𤕔,5,0,0,,,0,,,,,
𤕕,5,0,0,ハ,,0,,,,,
𤕖,5,0,0,,,0,,,,,
𤕗,5,0,0,,,0,,,,,
𤕘,5,0,0,オ,,0,,,,,
𤕙,5,0,0,,,0,,,,,
𤕚,5,0,0,カイ,,0,,,,,
𤕛,5,0,0,セイ,,0,,,,,
𤕜,5,0,0,,,0,,,,,
𤕝,5,0,0,キョウ,,0,,,,,
𤕞,5,0,0,チョ ジョ,,0,,,,,
𤕟,5,0,0,ショ ソ,うとい,0,,,,,
𤕠,5,0,0,ショ ソ,,0,,,,,
𤕡,5,0,0,,,0,,,,,
𤕢,5,0,0,コウ ギョウ,,0,,,,,
𤕣,5,0,0,キ,,0,,,,,
𤕤,5,0,0,ソウ ショウ,さわやか たがう,0,,,,,
𤕥,5,0,0,ハツ,,0,,,,,
𤕦,5,0,0,ドウ ニョウ,,0,,,,,
𤕧,5,0,0,ドウ,,0,,,,,
𤕨,5,0,0,ジ,,0,,,,,
𤕩,5,0,0,ハン ホン,,0,,,,,
𤕪,5,0,0,ショウ,,0,,,,,
𤕫,5,0,0,ダク,,0,,,,,
𤕬,5,0,0,,,0,,,,,
𤕭,5,0,0,ショウ,,0,,,,,
𤕮,5,0,0,イ,,0,,,,,
𤕯,5,0,0,ショウ,,0,,,,,
𤕰,5,0,0,ボウ,,0,,,,,
𤕱,5,0,0,ゼン,,0,,,,,
𤕲,5,0,0,ソ,,0,,,,,
𤕳,5,0,0,,,0,,,,,
𤕴,5,0,0,イ,,0,,,,,
𤕵,5,0,0,レイ,,0,,,,,
𤕶,5,0,0,ソウ,,0,,,,,
𤕷,5,0,0,チョウ ジョウ ヨウ,,0,,,,,
𤕸,5,0,0,,,0,,,,,
𤕹,5,0,0,,,0,,,,,
𤕺,5,0,0,シツ,,0,,,,,
𤕻,5,0,0,,,0,,,,,
𤕼,5,0,0,シツ,,0,,,,,
𤕽,5,0,0,ショウ,,0,,,,,
𤕾,5,0,0,キュウ グ ホ フ,,0,,,,,
𤕿,5,0,0,ヨウ,,0,,,,,
𤖀,5,0,0,ホウ,,0,,,,,
𤖁,5,0,0,ソウ,,0,,,,,
𤖂,5,0,0,,,0,,,,,
𤖃,5,0,0,,,0,,,,,
𤖄,5,0,0,ソウ,,0,,,,,
𤖅,5,0,0,ショウ ソウ,,0,,,,,
𤖆,5,0,0,サン ゼン,,0,,,,,
𤖇,5,0,0,カ,,0,,,,,
𤖈,5,0,0,ソウ,,0,,,,,
𤖉,5,0,0,ヘイ,,0,,,,,
𤖊,5,0,0,,,0,,,,,
𤖋,5,0,0,,,0,,,,,
𤖌,5,0,0,イ,,0,,,,,
𤖍,5,0,0,イツ,,0,,,,,
𤖎,5,0,0,,,0,,,,,
𤖏,5,0,0,シツ,,0,,,,,
𤖐,5,0,0,ハイ,,0,,,,,
𤖑,5,0,0,,,0,,,,,
𤖒,5,0,0,チョウ,,0,,,,,
𤖓,5,0,0,サク,,0,,,,,
𤖔,5,0,0,,,0,,,,,
𤖕,5,0,0,ショウ,,0,,,,,
𤖖,5,0,0,コウ,,0,,,,,
𤖗,5,0,0,シュウ,,0,,,,,
𤖘,5,0,0,フン ブン,,0,,,,,
𤖙,5,0,0,ショウ,,0,,,,,
𤖚,5,0,0,イツ,,0,,,,,
𤖛,5,0,0,ショウ ソウ ソ ゾ,,0,,,,,
𤖜,5,0,0,レイ,,0,,,,,
𤖝,5,0,0,エン,,0,,,,,
𤖞,5,0,0,シュウ,,0,,,,,
𤖟,5,0,0,,,0,,,,,
𤖠,5,0,0,ショウ,かき,0,,,,,
𤖡,5,0,0,,,0,,,,,
𤖢,5,0,0,レキ リャク,,0,,,,,
𤖣,5,0,0,ショウ,,0,,,,,
𤖤,5,0,0,ビ,,0,,,,,
𤖥,5,0,0,,,0,,,,,
𤖦,5,0,0,レイ リョウ,,0,,,,,
𤖧,5,0,0,ショウ,,0,,,,,
𤖨,5,0,0,,,0,,,,,
𤖩,5,0,0,サ,,0,,,,,
𤖪,5,0,0,,,0,,,,,
𤖫,5,0,0,ハン,,0,,,,,
𤖬,5,0,0,シュ,,0,,,,,
𤖭,5,0,0,ハン バン,,0,,,,,
𤖮,5,0,0,コウ,,0,,,,,
𤖯,5,0,0,ハイ,,0,,,,,
𤖰,5,0,0,タン,,0,,,,,
𤖱,5,0,0,カ ワ,,0,,,,,
𤖲,5,0,0,コ,,0,,,,,
𤖳,5,0,0,ホウ ヒョウ,,0,,,,,
𤖴,5,0,0,タク チャク,,0,,,,,
𤖵,5,0,0,コウ,,0,,,,,
𤖶,5,0,0,,,0,,,,,
𤖷,5,0,0,タク チャク,,0,,,,,
𤖸,5,0,0,,,0,,,,,
𤖹,5,0,0,,,0,,,,,
𤖺,5,0,0,レツ レチ,,0,,,,,
𤖻,5,0,0,チョウ ジョウ キョウ ギョウ シ,,0,,,,,
𤖼,5,0,0,ハク ヒャク,,0,,,,,
𤖽,5,0,0,キョウ,,0,,,,,
𤖾,5,0,0,キョウ,,0,,,,,
𤖿,5,0,0,ベキ,,0,,,,,
𤗀,5,0,0,ラ,,0,,,,,
𤗁,5,0,0,ショク ソク,,0,,,,,
𤗂,5,0,0,キュウ,,0,,,,,
𤗃,5,0,0,ユ,,0,,,,,
𤗄,5,0,0,ソウ,,0,,,,,
𤗅,5,0,0,イン,,0,,,,,
𤗆,5,0,0,,,0,,,,,
𤗇,5,0,0,コウ,,0,,,,,
𤗈,5,0,0,ショウ,,0,,,,,
𤗉,5,0,0,ソウ,,0,,,,,
𤗊,5,0,0,チョウ,,0,,,,,
𤗋,5,0,0,ハイ,,0,,,,,
𤗌,5,0,0,ヒ,,0,,,,,
𤗍,5,0,0,エン,,0,,,,,
𤗎,5,0,0,エン,,0,,,,,
𤗏,5,0,0,ハイ ヘ バイ,,0,,,,,
𤗐,5,0,0,,,0,,,,,
𤗑,5,0,0,,,0,,,,,
𤗒,5,0,0,,,0,,,,,
𤗓,5,0,0,ショウ,,0,,,,,
𤗔,5,0,0,,,0,,,,,
𤗕,5,0,0,カ ケ,,0,,,,,
𤗖,5,0,0,,,0,,,,,
𤗗,5,0,0,トウ,,0,,,,,
𤗘,5,0,0,テイ ダイ,,0,,,,,
𤗙,5,0,0,タク チャク,,0,,,,,
𤗚,5,0,0,ヒョク ヒキ,,0,,,,,
𤗛,5,0,0,レン,,0,,,,,
𤗜,5,0,0,カ ケ,,0,,,,,
𤗝,5,0,0,,,0,,,,,
𤗞,5,0,0,テイ,,0,,,,,
𤗟,5,0,0,,,0,,,,,
𤗠,5,0,0,ソウ,,0,,,,,
𤗡,5,0,0,,,0,,,,,
𤗢,5,0,0,テイ タイ,,0,,,,,
𤗣,5,0,0,チョウ,,0,,,,,
𤗤,5,0,0,,,0,,,,,
𤗥,5,0,0,ギョウ,,0,,,,,
𤗦,5,0,0,カク,,0,,,,,
𤗧,5,0,0,,,0,,,,,
𤗨,5,0,0,チョウ ジョウ,,0,,,,,
𤗩,5,0,0,ビ,,0,,,,,
𤗪,5,0,0,シュツ シュチ,,0,,,,,
𤗫,5,0,0,リ,,0,,,,,
𤗬,5,0,0,ル,,0,,,,,
𤗭,5,0,0,カ ケ,,0,,,,,
𤗮,5,0,0,ソウ サク,,0,,,,,
𤗯,5,0,0,サイ セ,,0,,,,,
𤗰,5,0,0,,,0,,,,,
𤗱,5,0,0,ユウ,,0,,,,,
𤗲,5,0,0,,,0,,,,,
𤗳,5,0,0,,,0,,,,,
𤗴,5,0,0,タイ デ,,0,,,,,
𤗵,5,0,0,ホク,,0,,,,,
𤗶,5,0,0,コウ,,0,,,,,
𤗷,5,0,0,リン,,0,,,,,
𤗸,5,0,0,フン,,0,,,,,
𤗹,5,0,0,,,0,,,,,
𤗺,5,0,0,ハク ヒャク,,0,,,,,
𤗻,5,0,0,セン,,0,,,,,
𤗼,5,0,0,,,0,,,,,
𤗽,5,0,0,,,0,,,,,
𤗾,5,0,0,トウ,,0,,,,,
𤗿,5,0,0,タイ デ,,0,,,,,