𱍐,11,0,0,,,0,,,,,
𱍑,11,0,0,,,0,,,,,
𱍒,11,0,0,,,0,,,,,
𱍓,11,0,0,,,0,,,,,
𱍔,11,0,0,,,0,,,,,
𱍕,11,0,0,,,0,,,,,
𱍖,11,0,0,,,0,,,,,
𱍗,11,0,0,,,0,,,,,
𱍘,11,0,0,,,0,,,,,
𱍙,11,0,0,,,0,,,,,
𱍚,11,0,0,,,0,,,,,
𱍛,11,0,0,,,0,,,,,
𱍜,11,0,0,,,0,,,,,
𱍝,11,0,0,,,0,,,,,
𱍞,11,0,0,,,0,,,,,
𱍟,11,0,0,,,0,,,,,
𱍠,11,0,0,,,0,,,,,
𱍡,11,0,0,,,0,,,,,
𱍢,11,0,0,,,0,,,,,
𱍣,11,0,0,,,0,,,,,
𱍤,11,0,0,,,0,,,,,
𱍥,11,0,0,,,0,,,,,
𱍦,11,0,0,,,0,,,,,
𱍧,11,0,0,,,0,,,,,
𱍨,11,0,0,,,0,,,,,
𱍩,11,0,0,,,0,,,,,
𱍪,11,0,0,,,0,,,,,
𱍫,11,0,0,,,0,,,,,
𱍬,11,0,0,,,0,,,,,
𱍭,11,0,0,,,0,,,,,
𱍮,11,0,0,,,0,,,,,
𱍯,11,0,0,,,0,,,,,
𱍰,11,0,0,,,0,,,,,
𱍱,11,0,0,,,0,,,,,
𱍲,11,0,0,,,0,,,,,
𱍳,11,0,0,,,0,,,,,
𱍴,11,0,0,,,0,,,,,
𱍵,11,0,0,,,0,,,,,
𱍶,11,0,0,,,0,,,,,
𱍷,11,0,0,,,0,,,,,
𱍸,11,0,0,,,0,,,,,
𱍹,11,0,0,,,0,,,,,
𱍺,11,0,0,,,0,,,,,
𱍻,11,0,0,,,0,,,,,
𱍼,11,0,0,,,0,,,,,
𱍽,11,0,0,,,0,,,,,
𱍾,11,0,0,,,0,,,,,
𱍿,11,0,0,,,0,,,,,
𱎀,11,0,0,,,0,,,,,
𱎁,11,0,0,,,0,,,,,
𱎂,11,0,0,,,0,,,,,
𱎃,11,0,0,,,0,,,,,
𱎄,11,0,0,,,0,,,,,
𱎅,11,0,0,,,0,,,,,
𱎆,11,0,0,,,0,,,,,
𱎇,11,0,0,,,0,,,,,
𱎈,11,0,0,,,0,,,,,
𱎉,11,0,0,,,0,,,,,
𱎊,11,0,0,,,0,,,,,
𱎋,11,0,0,,,0,,,,,
𱎌,11,0,0,,,0,,,,,
𱎍,11,0,0,,,0,,,,,
𱎎,11,0,0,,,0,,,,,
𱎏,11,0,0,,,0,,,,,
𱎐,11,0,0,,,0,,,,,
𱎑,11,0,0,,,0,,,,,
𱎒,11,0,0,,,0,,,,,
𱎓,11,0,0,,,0,,,,,
𱎔,11,0,0,,,0,,,,,
𱎕,11,0,0,,,0,,,,,
𱎖,11,0,0,,,0,,,,,
𱎗,11,0,0,,,0,,,,,
𱎘,11,0,0,,,0,,,,,
𱎙,11,0,0,,,0,,,,,
𱎚,11,0,0,,,0,,,,,
𱎛,11,0,0,,,0,,,,,
𱎜,11,0,0,,,0,,,,,
𱎝,11,0,0,,,0,,,,,
𱎞,11,0,0,,,0,,,,,
𱎟,11,0,0,,,0,,,,,
𱎠,11,0,0,,,0,,,,,
𱎡,11,0,0,,,0,,,,,
𱎢,11,0,0,,,0,,,,,
𱎣,11,0,0,,,0,,,,,
𱎤,11,0,0,,,0,,,,,
𱎥,11,0,0,,,0,,,,,
𱎦,11,0,0,,,0,,,,,
𱎧,11,0,0,,,0,,,,,
𱎨,11,0,0,,,0,,,,,
𱎩,11,0,0,,,0,,,,,
𱎪,11,0,0,,,0,,,,,
𱎫,11,0,0,,,0,,,,,
𱎬,11,0,0,,,0,,,,,
𱎭,11,0,0,,,0,,,,,
𱎮,11,0,0,,,0,,,,,
𱎯,11,0,0,,,0,,,,,
𱎰,11,0,0,,,0,,,,,
𱎱,11,0,0,,,0,,,,,
𱎲,11,0,0,,,0,,,,,
𱎳,11,0,0,,,0,,,,,
𱎴,11,0,0,,,0,,,,,
𱎵,11,0,0,,,0,,,,,
𱎶,11,0,0,,,0,,,,,
𱎷,11,0,0,,,0,,,,,
𱎸,11,0,0,,,0,,,,,
𱎹,11,0,0,,,0,,,,,
𱎺,11,0,0,,,0,,,,,
𱎻,11,0,0,,,0,,,,,
𱎼,11,0,0,,,0,,,,,
𱎽,11,0,0,,,0,,,,,
𱎾,11,0,0,,,0,,,,,
𱎿,11,0,0,,,0,,,,,
𱏀,11,0,0,,,0,,,,,
𱏁,11,0,0,,,0,,,,,
𱏂,11,0,0,,,0,,,,,
𱏃,11,0,0,,,0,,,,,
𱏄,11,0,0,,,0,,,,,
𱏅,11,0,0,,,0,,,,,
𱏆,11,0,0,,,0,,,,,
𱏇,11,0,0,,,0,,,,,
𱏈,11,0,0,,,0,,,,,
𱏉,11,0,0,,,0,,,,,
𱏊,11,0,0,,,0,,,,,
𱏋,11,0,0,,,0,,,,,
𱏌,11,0,0,,,0,,,,,
𱏍,11,0,0,,,0,,,,,
𱏎,11,0,0,,,0,,,,,
𱏏,11,0,0,,,0,,,,,
𱏐,11,0,0,,,0,,,,,
𱏑,11,0,0,,,0,,,,,
𱏒,11,0,0,,,0,,,,,
𱏓,11,0,0,,,0,,,,,
𱏔,11,0,0,,,0,,,,,
𱏕,11,0,0,,,0,,,,,
𱏖,11,0,0,,,0,,,,,
𱏗,11,0,0,,,0,,,,,
𱏘,11,0,0,,,0,,,,,
𱏙,11,0,0,,,0,,,,,
𱏚,11,0,0,,,0,,,,,
𱏛,11,0,0,,,0,,,,,
𱏜,11,0,0,,,0,,,,,
𱏝,11,0,0,,,0,,,,,
𱏞,11,0,0,,,0,,,,,
𱏟,11,0,0,,,0,,,,,
𱏠,11,0,0,,,0,,,,,
𱏡,11,0,0,,,0,,,,,
𱏢,11,0,0,,,0,,,,,
𱏣,11,0,0,,,0,,,,,
𱏤,11,0,0,,,0,,,,,
𱏥,11,0,0,,,0,,,,,
𱏦,11,0,0,,,0,,,,,
𱏧,11,0,0,,,0,,,,,
𱏨,11,0,0,,,0,,,,,
𱏩,11,0,0,,,0,,,,,
𱏪,11,0,0,,,0,,,,,
𱏫,11,0,0,,,0,,,,,
𱏬,11,0,0,,,0,,,,,
𱏭,11,0,0,,,0,,,,,
𱏮,11,0,0,,,0,,,,,
𱏯,11,0,0,,,0,,,,,
𱏰,11,0,0,,,0,,,,,
𱏱,11,0,0,,,0,,,,,
𱏲,11,0,0,,,0,,,,,
𱏳,11,0,0,,,0,,,,,
𱏴,11,0,0,,,0,,,,,
𱏵,11,0,0,,,0,,,,,
𱏶,11,0,0,,,0,,,,,
𱏷,11,0,0,,,0,,,,,
𱏸,11,0,0,,,0,,,,,
𱏹,11,0,0,,,0,,,,,
𱏺,11,0,0,,,0,,,,,
𱏻,11,0,0,,,0,,,,,
𱏼,11,0,0,,,0,,,,,
𱏽,11,0,0,,,0,,,,,
𱏾,11,0,0,,,0,,,,,
𱏿,11,0,0,,,0,,,,,
𱐀,11,0,0,,,0,,,,,
𱐁,11,0,0,,,0,,,,,
𱐂,11,0,0,,,0,,,,,
𱐃,11,0,0,,,0,,,,,
𱐄,11,0,0,,,0,,,,,
𱐅,11,0,0,,,0,,,,,
𱐆,11,0,0,,,0,,,,,
𱐇,11,0,0,,,0,,,,,
𱐈,11,0,0,,,0,,,,,
𱐉,11,0,0,,,0,,,,,
𱐊,11,0,0,,,0,,,,,
𱐋,11,0,0,,,0,,,,,
𱐌,11,0,0,,,0,,,,,
𱐍,11,0,0,,,0,,,,,
𱐎,11,0,0,,,0,,,,,
𱐏,11,0,0,,,0,,,,,
𱐐,11,0,0,,,0,,,,,
𱐑,11,0,0,,,0,,,,,
𱐒,11,0,0,,,0,,,,,
𱐓,11,0,0,,,0,,,,,
𱐔,11,0,0,,,0,,,,,
𱐕,11,0,0,,,0,,,,,
𱐖,11,0,0,,,0,,,,,
𱐗,11,0,0,,,0,,,,,
𱐘,11,0,0,,,0,,,,,
𱐙,11,0,0,,,0,,,,,
𱐚,11,0,0,,,0,,,,,
𱐛,11,0,0,,,0,,,,,
𱐜,11,0,0,,,0,,,,,
𱐝,11,0,0,,,0,,,,,
𱐞,11,0,0,,,0,,,,,
𱐟,11,0,0,,,0,,,,,
𱐠,11,0,0,,,0,,,,,
𱐡,11,0,0,,,0,,,,,
𱐢,11,0,0,,,0,,,,,
𱐣,11,0,0,,,0,,,,,
𱐤,11,0,0,,,0,,,,,
𱐥,11,0,0,,,0,,,,,
𱐦,11,0,0,,,0,,,,,
𱐧,11,0,0,,,0,,,,,
𱐨,11,0,0,,,0,,,,,
𱐩,11,0,0,,,0,,,,,
𱐪,11,0,0,,,0,,,,,
𱐫,11,0,0,,,0,,,,,
𱐬,11,0,0,,,0,,,,,
𱐭,11,0,0,,,0,,,,,
𱐮,11,0,0,,,0,,,,,
𱐯,11,0,0,,,0,,,,,
𱐰,11,0,0,,,0,,,,,
𱐱,11,0,0,,,0,,,,,
𱐲,11,0,0,,,0,,,,,
𱐳,11,0,0,,,0,,,,,
𱐴,11,0,0,,,0,,,,,
𱐵,11,0,0,,,0,,,,,
𱐶,11,0,0,,,0,,,,,
𱐷,11,0,0,,,0,,,,,
𱐸,11,0,0,,,0,,,,,
𱐹,11,0,0,,,0,,,,,
𱐺,11,0,0,,,0,,,,,
𱐻,11,0,0,,,0,,,,,
𱐼,11,0,0,,,0,,,,,
𱐽,11,0,0,,,0,,,,,
𱐾,11,0,0,,,0,,,,,
𱐿,11,0,0,,,0,,,,,
𱑀,11,0,0,,,0,,,,,
𱑁,11,0,0,,,0,,,,,
𱑂,11,0,0,,,0,,,,,
𱑃,11,0,0,,,0,,,,,
𱑄,11,0,0,,,0,,,,,
𱑅,11,0,0,,,0,,,,,
𱑆,11,0,0,,,0,,,,,
𱑇,11,0,0,,,0,,,,,
𱑈,11,0,0,,,0,,,,,
𱑉,11,0,0,,,0,,,,,
𱑊,11,0,0,,,0,,,,,
𱑋,11,0,0,,,0,,,,,
𱑌,11,0,0,,,0,,,,,
𱑍,11,0,0,,,0,,,,,
𱑎,11,0,0,,,0,,,,,
𱑏,11,0,0,,,0,,,,,
𱑐,11,0,0,,,0,,,,,
𱑑,11,0,0,,,0,,,,,
𱑒,11,0,0,,,0,,,,,
𱑓,11,0,0,,,0,,,,,
𱑔,11,0,0,,,0,,,,,
𱑕,11,0,0,,,0,,,,,
𱑖,11,0,0,,,0,,,,,
𱑗,11,0,0,,,0,,,,,
𱑘,11,0,0,,,0,,,,,
𱑙,11,0,0,,,0,,,,,
𱑚,11,0,0,,,0,,,,,
𱑛,11,0,0,,,0,,,,,
𱑜,11,0,0,,,0,,,,,
𱑝,11,0,0,,,0,,,,,
𱑞,11,0,0,,,0,,,,,
𱑟,11,0,0,,,0,,,,,
𱑠,11,0,0,,,0,,,,,
𱑡,11,0,0,,,0,,,,,
𱑢,11,0,0,,,0,,,,,
𱑣,11,0,0,,,0,,,,,
𱑤,11,0,0,,,0,,,,,
𱑥,11,0,0,,,0,,,,,
𱑦,11,0,0,,,0,,,,,
𱑧,11,0,0,,,0,,,,,
𱑨,11,0,0,,,0,,,,,
𱑩,11,0,0,,,0,,,,,
𱑪,11,0,0,,,0,,,,,
𱑫,11,0,0,,,0,,,,,
𱑬,11,0,0,,,0,,,,,
𱑭,11,0,0,,,0,,,,,
𱑮,11,0,0,,,0,,,,,
𱑯,11,0,0,,,0,,,,,
𱑰,11,0,0,,,0,,,,,
𱑱,11,0,0,,,0,,,,,
𱑲,11,0,0,,,0,,,,,
𱑳,11,0,0,,,0,,,,,
𱑴,11,0,0,,,0,,,,,
𱑵,11,0,0,,,0,,,,,
𱑶,11,0,0,,,0,,,,,
𱑷,11,0,0,,,0,,,,,
𱑸,11,0,0,,,0,,,,,
𱑹,11,0,0,,,0,,,,,
𱑺,11,0,0,,,0,,,,,
𱑻,11,0,0,,,0,,,,,
𱑼,11,0,0,,,0,,,,,
𱑽,11,0,0,,,0,,,,,
𱑾,11,0,0,,,0,,,,,
𱑿,11,0,0,,,0,,,,,
𱒀,11,0,0,,,0,,,,,
𱒁,11,0,0,,,0,,,,,
𱒂,11,0,0,,,0,,,,,
𱒃,11,0,0,,,0,,,,,
𱒄,11,0,0,,,0,,,,,
𱒅,11,0,0,,,0,,,,,
𱒆,11,0,0,,,0,,,,,
𱒇,11,0,0,,,0,,,,,
𱒈,11,0,0,,,0,,,,,
𱒉,11,0,0,,,0,,,,,
𱒊,11,0,0,,,0,,,,,
𱒋,11,0,0,,,0,,,,,
𱒌,11,0,0,,,0,,,,,
𱒍,11,0,0,,,0,,,,,
𱒎,11,0,0,,,0,,,,,
𱒏,11,0,0,,,0,,,,,
𱒐,11,0,0,,,0,,,,,
𱒑,11,0,0,,,0,,,,,
𱒒,11,0,0,,,0,,,,,
𱒓,11,0,0,,,0,,,,,
𱒔,11,0,0,,,0,,,,,
𱒕,11,0,0,,,0,,,,,
𱒖,11,0,0,,,0,,,,,
𱒗,11,0,0,,,0,,,,,
𱒘,11,0,0,,,0,,,,,
𱒙,11,0,0,,,0,,,,,
𱒚,11,0,0,,,0,,,,,
𱒛,11,0,0,,,0,,,,,
𱒜,11,0,0,,,0,,,,,
𱒝,11,0,0,,,0,,,,,
𱒞,11,0,0,,,0,,,,,
𱒟,11,0,0,,,0,,,,,
𱒠,11,0,0,,,0,,,,,
𱒡,11,0,0,,,0,,,,,
𱒢,11,0,0,,,0,,,,,
𱒣,11,0,0,,,0,,,,,
𱒤,11,0,0,,,0,,,,,
𱒥,11,0,0,,,0,,,,,
𱒦,11,0,0,,,0,,,,,
𱒧,11,0,0,,,0,,,,,
𱒨,11,0,0,,,0,,,,,
𱒩,11,0,0,,,0,,,,,
𱒪,11,0,0,,,0,,,,,
𱒫,11,0,0,,,0,,,,,
𱒬,11,0,0,,,0,,,,,
𱒭,11,0,0,,,0,,,,,
𱒮,11,0,0,,,0,,,,,
𱒯,11,0,0,,,0,,,,,
𱒰,11,0,0,,,0,,,,,
𱒱,11,0,0,,,0,,,,,
𱒲,11,0,0,,,0,,,,,
𱒳,11,0,0,,,0,,,,,
𱒴,11,0,0,,,0,,,,,
𱒵,11,0,0,,,0,,,,,
𱒶,11,0,0,,,0,,,,,
𱒷,11,0,0,,,0,,,,,
𱒸,11,0,0,,,0,,,,,
𱒹,11,0,0,,,0,,,,,
𱒺,11,0,0,,,0,,,,,
𱒻,11,0,0,,,0,,,,,
𱒼,11,0,0,,,0,,,,,
𱒽,11,0,0,,,0,,,,,
𱒾,11,0,0,,,0,,,,,
𱒿,11,0,0,,,0,,,,,
𱓀,11,0,0,,,0,,,,,
𱓁,11,0,0,,,0,,,,,
𱓂,11,0,0,,,0,,,,,
𱓃,11,0,0,,,0,,,,,
𱓄,11,0,0,,,0,,,,,
𱓅,11,0,0,,,0,,,,,
𱓆,11,0,0,,,0,,,,,
𱓇,11,0,0,,,0,,,,,
𱓈,11,0,0,,,0,,,,,
𱓉,11,0,0,,,0,,,,,
𱓊,11,0,0,,,0,,,,,
𱓋,11,0,0,,,0,,,,,
𱓌,11,0,0,,,0,,,,,
𱓍,11,0,0,,,0,,,,,
𱓎,11,0,0,,,0,,,,,
𱓏,11,0,0,,,0,,,,,
𱓐,11,0,0,,,0,,,,,
𱓑,11,0,0,,,0,,,,,
𱓒,11,0,0,,,0,,,,,
𱓓,11,0,0,,,0,,,,,
𱓔,11,0,0,,,0,,,,,
𱓕,11,0,0,,,0,,,,,
𱓖,11,0,0,,,0,,,,,
𱓗,11,0,0,,,0,,,,,
𱓘,11,0,0,,,0,,,,,
𱓙,11,0,0,,,0,,,,,
𱓚,11,0,0,,,0,,,,,
𱓛,11,0,0,,,0,,,,,
𱓜,11,0,0,,,0,,,,,
𱓝,11,0,0,,,0,,,,,
𱓞,11,0,0,,,0,,,,,
𱓟,11,0,0,,,0,,,,,
𱓠,11,0,0,,,0,,,,,
𱓡,11,0,0,,,0,,,,,
𱓢,11,0,0,,,0,,,,,
𱓣,11,0,0,,,0,,,,,
𱓤,11,0,0,,,0,,,,,
𱓥,11,0,0,,,0,,,,,
𱓦,11,0,0,,,0,,,,,
𱓧,11,0,0,,,0,,,,,
𱓨,11,0,0,,,0,,,,,
𱓩,11,0,0,,,0,,,,,
𱓪,11,0,0,,,0,,,,,
𱓫,11,0,0,,,0,,,,,
𱓬,11,0,0,,,0,,,,,
𱓭,11,0,0,,,0,,,,,
𱓮,11,0,0,,,0,,,,,
𱓯,11,0,0,,,0,,,,,
𱓰,11,0,0,,,0,,,,,
𱓱,11,0,0,,,0,,,,,
𱓲,11,0,0,,,0,,,,,
𱓳,11,0,0,,,0,,,,,
𱓴,11,0,0,,,0,,,,,
𱓵,11,0,0,,,0,,,,,
𱓶,11,0,0,,,0,,,,,
𱓷,11,0,0,,,0,,,,,
𱓸,11,0,0,,,0,,,,,
𱓹,11,0,0,,,0,,,,,
𱓺,11,0,0,,,0,,,,,
𱓻,11,0,0,,,0,,,,,
𱓼,11,0,0,,,0,,,,,
𱓽,11,0,0,,,0,,,,,
𱓾,11,0,0,,,0,,,,,
𱓿,11,0,0,,,0,,,,,
𱔀,11,0,0,,,0,,,,,
𱔁,11,0,0,,,0,,,,,
𱔂,11,0,0,,,0,,,,,
𱔃,11,0,0,,,0,,,,,
𱔄,11,0,0,,,0,,,,,
𱔅,11,0,0,,,0,,,,,
𱔆,11,0,0,,,0,,,,,
𱔇,11,0,0,,,0,,,,,
𱔈,11,0,0,,,0,,,,,
𱔉,11,0,0,,,0,,,,,
𱔊,11,0,0,,,0,,,,,
𱔋,11,0,0,,,0,,,,,
𱔌,11,0,0,,,0,,,,,
𱔍,11,0,0,,,0,,,,,
𱔎,11,0,0,,,0,,,,,
𱔏,11,0,0,,,0,,,,,
𱔐,11,0,0,,,0,,,,,
𱔑,11,0,0,,,0,,,,,
𱔒,11,0,0,,,0,,,,,
𱔓,11,0,0,,,0,,,,,
𱔔,11,0,0,,,0,,,,,
𱔕,11,0,0,,,0,,,,,
𱔖,11,0,0,,,0,,,,,
𱔗,11,0,0,,,0,,,,,
𱔘,11,0,0,,,0,,,,,
𱔙,11,0,0,,,0,,,,,
𱔚,11,0,0,,,0,,,,,
𱔛,11,0,0,,,0,,,,,
𱔜,11,0,0,,,0,,,,,
𱔝,11,0,0,,,0,,,,,
𱔞,11,0,0,,,0,,,,,
𱔟,11,0,0,,,0,,,,,
𱔠,11,0,0,,,0,,,,,
𱔡,11,0,0,,,0,,,,,
𱔢,11,0,0,,,0,,,,,
𱔣,11,0,0,,,0,,,,,
𱔤,11,0,0,,,0,,,,,
𱔥,11,0,0,,,0,,,,,
𱔦,11,0,0,,,0,,,,,
𱔧,11,0,0,,,0,,,,,
𱔨,11,0,0,,,0,,,,,
𱔩,11,0,0,,,0,,,,,
𱔪,11,0,0,,,0,,,,,
𱔫,11,0,0,,,0,,,,,
𱔬,11,0,0,,,0,,,,,
𱔭,11,0,0,,,0,,,,,
𱔮,11,0,0,,,0,,,,,
𱔯,11,0,0,,,0,,,,,
𱔰,11,0,0,,,0,,,,,
𱔱,11,0,0,,,0,,,,,
𱔲,11,0,0,,,0,,,,,
𱔳,11,0,0,,,0,,,,,
𱔴,11,0,0,,,0,,,,,
𱔵,11,0,0,,,0,,,,,
𱔶,11,0,0,,,0,,,,,
𱔷,11,0,0,,,0,,,,,
𱔸,11,0,0,,,0,,,,,
𱔹,11,0,0,,,0,,,,,
𱔺,11,0,0,,,0,,,,,
𱔻,11,0,0,,,0,,,,,
𱔼,11,0,0,,,0,,,,,
𱔽,11,0,0,,,0,,,,,
𱔾,11,0,0,,,0,,,,,
𱔿,11,0,0,,,0,,,,,
𱕀,11,0,0,,,0,,,,,
𱕁,11,0,0,,,0,,,,,
𱕂,11,0,0,,,0,,,,,
𱕃,11,0,0,,,0,,,,,
𱕄,11,0,0,,,0,,,,,
𱕅,11,0,0,,,0,,,,,
𱕆,11,0,0,,,0,,,,,
𱕇,11,0,0,,,0,,,,,
𱕈,11,0,0,,,0,,,,,
𱕉,11,0,0,,,0,,,,,
𱕊,11,0,0,,,0,,,,,
𱕋,11,0,0,,,0,,,,,
𱕌,11,0,0,,,0,,,,,
𱕍,11,0,0,,,0,,,,,
𱕎,11,0,0,,,0,,,,,
𱕏,11,0,0,,,0,,,,,
𱕐,11,0,0,,,0,,,,,
𱕑,11,0,0,,,0,,,,,
𱕒,11,0,0,,,0,,,,,
𱕓,11,0,0,,,0,,,,,
𱕔,11,0,0,,,0,,,,,
𱕕,11,0,0,,,0,,,,,
𱕖,11,0,0,,,0,,,,,
𱕗,11,0,0,,,0,,,,,
𱕘,11,0,0,,,0,,,,,
𱕙,11,0,0,,,0,,,,,
𱕚,11,0,0,,,0,,,,,
𱕛,11,0,0,,,0,,,,,
𱕜,11,0,0,,,0,,,,,
𱕝,11,0,0,,,0,,,,,
𱕞,11,0,0,,,0,,,,,
𱕟,11,0,0,,,0,,,,,
𱕠,11,0,0,,,0,,,,,
𱕡,11,0,0,,,0,,,,,
𱕢,11,0,0,,,0,,,,,
𱕣,11,0,0,,,0,,,,,
𱕤,11,0,0,,,0,,,,,
𱕥,11,0,0,,,0,,,,,
𱕦,11,0,0,,,0,,,,,
𱕧,11,0,0,,,0,,,,,
𱕨,11,0,0,,,0,,,,,
𱕩,11,0,0,,,0,,,,,
𱕪,11,0,0,,,0,,,,,
𱕫,11,0,0,,,0,,,,,
𱕬,11,0,0,,,0,,,,,
𱕭,11,0,0,,,0,,,,,
𱕮,11,0,0,,,0,,,,,
𱕯,11,0,0,,,0,,,,,
𱕰,11,0,0,,,0,,,,,
𱕱,11,0,0,,,0,,,,,
𱕲,11,0,0,,,0,,,,,
𱕳,11,0,0,,,0,,,,,
𱕴,11,0,0,,,0,,,,,
𱕵,11,0,0,,,0,,,,,
𱕶,11,0,0,,,0,,,,,
𱕷,11,0,0,,,0,,,,,
𱕸,11,0,0,,,0,,,,,
𱕹,11,0,0,,,0,,,,,
𱕺,11,0,0,,,0,,,,,
𱕻,11,0,0,,,0,,,,,
𱕼,11,0,0,,,0,,,,,
𱕽,11,0,0,,,0,,,,,
𱕾,11,0,0,,,0,,,,,
𱕿,11,0,0,,,0,,,,,
𱖀,11,0,0,,,0,,,,,
𱖁,11,0,0,,,0,,,,,
𱖂,11,0,0,,,0,,,,,
𱖃,11,0,0,,,0,,,,,
𱖄,11,0,0,,,0,,,,,
𱖅,11,0,0,,,0,,,,,
𱖆,11,0,0,,,0,,,,,
𱖇,11,0,0,,,0,,,,,
𱖈,11,0,0,,,0,,,,,
𱖉,11,0,0,,,0,,,,,
𱖊,11,0,0,,,0,,,,,
𱖋,11,0,0,,,0,,,,,
𱖌,11,0,0,,,0,,,,,
𱖍,11,0,0,,,0,,,,,
𱖎,11,0,0,,,0,,,,,
𱖏,11,0,0,,,0,,,,,
𱖐,11,0,0,,,0,,,,,
𱖑,11,0,0,,,0,,,,,
𱖒,11,0,0,,,0,,,,,
𱖓,11,0,0,,,0,,,,,
𱖔,11,0,0,,,0,,,,,
𱖕,11,0,0,,,0,,,,,
𱖖,11,0,0,,,0,,,,,
𱖗,11,0,0,,,0,,,,,
𱖘,11,0,0,,,0,,,,,
𱖙,11,0,0,,,0,,,,,
𱖚,11,0,0,,,0,,,,,
𱖛,11,0,0,,,0,,,,,
𱖜,11,0,0,,,0,,,,,
𱖝,11,0,0,,,0,,,,,
𱖞,11,0,0,,,0,,,,,
𱖟,11,0,0,,,0,,,,,
𱖠,11,0,0,,,0,,,,,
𱖡,11,0,0,,,0,,,,,
𱖢,11,0,0,,,0,,,,,
𱖣,11,0,0,,,0,,,,,
𱖤,11,0,0,,,0,,,,,
𱖥,11,0,0,,,0,,,,,
𱖦,11,0,0,,,0,,,,,
𱖧,11,0,0,,,0,,,,,
𱖨,11,0,0,,,0,,,,,
𱖩,11,0,0,,,0,,,,,
𱖪,11,0,0,,,0,,,,,
𱖫,11,0,0,,,0,,,,,
𱖬,11,0,0,,,0,,,,,
𱖭,11,0,0,,,0,,,,,
𱖮,11,0,0,,,0,,,,,
𱖯,11,0,0,,,0,,,,,
𱖰,11,0,0,,,0,,,,,
𱖱,11,0,0,,,0,,,,,
𱖲,11,0,0,,,0,,,,,
𱖳,11,0,0,,,0,,,,,
𱖴,11,0,0,,,0,,,,,
𱖵,11,0,0,,,0,,,,,
𱖶,11,0,0,,,0,,,,,
𱖷,11,0,0,,,0,,,,,
𱖸,11,0,0,,,0,,,,,
𱖹,11,0,0,,,0,,,,,
𱖺,11,0,0,,,0,,,,,
𱖻,11,0,0,,,0,,,,,
𱖼,11,0,0,,,0,,,,,
𱖽,11,0,0,,,0,,,,,
𱖾,11,0,0,,,0,,,,,
𱖿,11,0,0,,,0,,,,,
𱗀,11,0,0,,,0,,,,,
𱗁,11,0,0,,,0,,,,,
𱗂,11,0,0,,,0,,,,,
𱗃,11,0,0,,,0,,,,,
𱗄,11,0,0,,,0,,,,,
𱗅,11,0,0,,,0,,,,,
𱗆,11,0,0,,,0,,,,,
𱗇,11,0,0,,,0,,,,,
𱗈,11,0,0,,,0,,,,,
𱗉,11,0,0,,,0,,,,,
𱗊,11,0,0,,,0,,,,,
𱗋,11,0,0,,,0,,,,,
𱗌,11,0,0,,,0,,,,,
𱗍,11,0,0,,,0,,,,,
𱗎,11,0,0,,,0,,,,,
𱗏,11,0,0,,,0,,,,,
𱗐,11,0,0,,,0,,,,,
𱗑,11,0,0,,,0,,,,,
𱗒,11,0,0,,,0,,,,,
𱗓,11,0,0,,,0,,,,,
𱗔,11,0,0,,,0,,,,,
𱗕,11,0,0,,,0,,,,,
𱗖,11,0,0,,,0,,,,,
𱗗,11,0,0,,,0,,,,,
𱗘,11,0,0,,,0,,,,,
𱗙,11,0,0,,,0,,,,,
𱗚,11,0,0,,,0,,,,,
𱗛,11,0,0,,,0,,,,,
𱗜,11,0,0,,,0,,,,,
𱗝,11,0,0,,,0,,,,,
𱗞,11,0,0,,,0,,,,,
𱗟,11,0,0,,,0,,,,,
𱗠,11,0,0,,,0,,,,,
𱗡,11,0,0,,,0,,,,,
𱗢,11,0,0,,,0,,,,,
𱗣,11,0,0,,,0,,,,,
𱗤,11,0,0,,,0,,,,,
𱗥,11,0,0,,,0,,,,,
𱗦,11,0,0,,,0,,,,,
𱗧,11,0,0,,,0,,,,,
𱗨,11,0,0,,,0,,,,,
𱗩,11,0,0,,,0,,,,,
𱗪,11,0,0,,,0,,,,,
𱗫,11,0,0,,,0,,,,,
𱗬,11,0,0,,,0,,,,,
𱗭,11,0,0,,,0,,,,,
𱗮,11,0,0,,,0,,,,,
𱗯,11,0,0,,,0,,,,,
𱗰,11,0,0,,,0,,,,,
𱗱,11,0,0,,,0,,,,,
𱗲,11,0,0,,,0,,,,,
𱗳,11,0,0,,,0,,,,,
𱗴,11,0,0,,,0,,,,,
𱗵,11,0,0,,,0,,,,,
𱗶,11,0,0,,,0,,,,,
𱗷,11,0,0,,,0,,,,,
𱗸,11,0,0,,,0,,,,,
𱗹,11,0,0,,,0,,,,,
𱗺,11,0,0,,,0,,,,,
𱗻,11,0,0,,,0,,,,,
𱗼,11,0,0,,,0,,,,,
𱗽,11,0,0,,,0,,,,,
𱗾,11,0,0,,,0,,,,,
𱗿,11,0,0,,,0,,,,,
𱘀,11,0,0,,,0,,,,,
𱘁,11,0,0,,,0,,,,,
𱘂,11,0,0,,,0,,,,,
𱘃,11,0,0,,,0,,,,,
𱘄,11,0,0,,,0,,,,,
𱘅,11,0,0,,,0,,,,,
𱘆,11,0,0,,,0,,,,,
𱘇,11,0,0,,,0,,,,,
𱘈,11,0,0,,,0,,,,,
𱘉,11,0,0,,,0,,,,,
𱘊,11,0,0,,,0,,,,,
𱘋,11,0,0,,,0,,,,,
𱘌,11,0,0,,,0,,,,,
𱘍,11,0,0,,,0,,,,,
𱘎,11,0,0,,,0,,,,,
𱘏,11,0,0,,,0,,,,,
𱘐,11,0,0,,,0,,,,,
𱘑,11,0,0,,,0,,,,,
𱘒,11,0,0,,,0,,,,,
𱘓,11,0,0,,,0,,,,,
𱘔,11,0,0,,,0,,,,,
𱘕,11,0,0,,,0,,,,,
𱘖,11,0,0,,,0,,,,,
𱘗,11,0,0,,,0,,,,,
𱘘,11,0,0,,,0,,,,,
𱘙,11,0,0,,,0,,,,,
𱘚,11,0,0,,,0,,,,,
𱘛,11,0,0,,,0,,,,,
𱘜,11,0,0,,,0,,,,,
𱘝,11,0,0,,,0,,,,,
𱘞,11,0,0,,,0,,,,,
𱘟,11,0,0,,,0,,,,,
𱘠,11,0,0,,,0,,,,,
𱘡,11,0,0,,,0,,,,,
𱘢,11,0,0,,,0,,,,,
𱘣,11,0,0,,,0,,,,,
𱘤,11,0,0,,,0,,,,,
𱘥,11,0,0,,,0,,,,,
𱘦,11,0,0,,,0,,,,,
𱘧,11,0,0,,,0,,,,,
𱘨,11,0,0,,,0,,,,,
𱘩,11,0,0,,,0,,,,,
𱘪,11,0,0,,,0,,,,,
𱘫,11,0,0,,,0,,,,,
𱘬,11,0,0,,,0,,,,,
𱘭,11,0,0,,,0,,,,,
𱘮,11,0,0,,,0,,,,,
𱘯,11,0,0,,,0,,,,,
𱘰,11,0,0,,,0,,,,,
𱘱,11,0,0,,,0,,,,,
𱘲,11,0,0,,,0,,,,,
𱘳,11,0,0,,,0,,,,,
𱘴,11,0,0,,,0,,,,,
𱘵,11,0,0,,,0,,,,,
𱘶,11,0,0,,,0,,,,,
𱘷,11,0,0,,,0,,,,,
𱘸,11,0,0,,,0,,,,,
𱘹,11,0,0,,,0,,,,,
𱘺,11,0,0,,,0,,,,,
𱘻,11,0,0,,,0,,,,,
𱘼,11,0,0,,,0,,,,,
𱘽,11,0,0,,,0,,,,,
𱘾,11,0,0,,,0,,,,,
𱘿,11,0,0,,,0,,,,,
𱙀,11,0,0,,,0,,,,,
𱙁,11,0,0,,,0,,,,,
𱙂,11,0,0,,,0,,,,,
𱙃,11,0,0,,,0,,,,,
𱙄,11,0,0,,,0,,,,,
𱙅,11,0,0,,,0,,,,,
𱙆,11,0,0,,,0,,,,,
𱙇,11,0,0,,,0,,,,,
𱙈,11,0,0,,,0,,,,,
𱙉,11,0,0,,,0,,,,,
𱙊,11,0,0,,,0,,,,,
𱙋,11,0,0,,,0,,,,,
𱙌,11,0,0,,,0,,,,,
𱙍,11,0,0,,,0,,,,,
𱙎,11,0,0,,,0,,,,,
𱙏,11,0,0,,,0,,,,,
𱙐,11,0,0,,,0,,,,,
𱙑,11,0,0,,,0,,,,,
𱙒,11,0,0,,,0,,,,,
𱙓,11,0,0,,,0,,,,,
𱙔,11,0,0,,,0,,,,,
𱙕,11,0,0,,,0,,,,,
𱙖,11,0,0,,,0,,,,,
𱙗,11,0,0,,,0,,,,,
𱙘,11,0,0,,,0,,,,,
𱙙,11,0,0,,,0,,,,,
𱙚,11,0,0,,,0,,,,,
𱙛,11,0,0,,,0,,,,,
𱙜,11,0,0,,,0,,,,,
𱙝,11,0,0,,,0,,,,,
𱙞,11,0,0,,,0,,,,,
𱙟,11,0,0,,,0,,,,,
𱙠,11,0,0,,,0,,,,,
𱙡,11,0,0,,,0,,,,,
𱙢,11,0,0,,,0,,,,,
𱙣,11,0,0,,,0,,,,,
𱙤,11,0,0,,,0,,,,,
𱙥,11,0,0,,,0,,,,,
𱙦,11,0,0,,,0,,,,,
𱙧,11,0,0,,,0,,,,,
𱙨,11,0,0,,,0,,,,,
𱙩,11,0,0,,,0,,,,,
𱙪,11,0,0,,,0,,,,,
𱙫,11,0,0,,,0,,,,,
𱙬,11,0,0,,,0,,,,,
𱙭,11,0,0,,,0,,,,,
𱙮,11,0,0,,,0,,,,,
𱙯,11,0,0,,,0,,,,,
𱙰,11,0,0,,,0,,,,,
𱙱,11,0,0,,,0,,,,,
𱙲,11,0,0,,,0,,,,,
𱙳,11,0,0,,,0,,,,,
𱙴,11,0,0,,,0,,,,,
𱙵,11,0,0,,,0,,,,,
𱙶,11,0,0,,,0,,,,,
𱙷,11,0,0,,,0,,,,,
𱙸,11,0,0,,,0,,,,,
𱙹,11,0,0,,,0,,,,,
𱙺,11,0,0,,,0,,,,,
𱙻,11,0,0,,,0,,,,,
𱙼,11,0,0,,,0,,,,,
𱙽,11,0,0,,,0,,,,,
𱙾,11,0,0,,,0,,,,,
𱙿,11,0,0,,,0,,,,,
𱚀,11,0,0,,,0,,,,,
𱚁,11,0,0,,,0,,,,,
𱚂,11,0,0,,,0,,,,,
𱚃,11,0,0,,,0,,,,,
𱚄,11,0,0,,,0,,,,,
𱚅,11,0,0,,,0,,,,,
𱚆,11,0,0,,,0,,,,,
𱚇,11,0,0,,,0,,,,,
𱚈,11,0,0,,,0,,,,,
𱚉,11,0,0,,,0,,,,,
𱚊,11,0,0,,,0,,,,,
𱚋,11,0,0,,,0,,,,,
𱚌,11,0,0,,,0,,,,,
𱚍,11,0,0,,,0,,,,,
𱚎,11,0,0,,,0,,,,,
𱚏,11,0,0,,,0,,,,,
𱚐,11,0,0,,,0,,,,,
𱚑,11,0,0,,,0,,,,,
𱚒,11,0,0,,,0,,,,,
𱚓,11,0,0,,,0,,,,,
𱚔,11,0,0,,,0,,,,,
𱚕,11,0,0,,,0,,,,,
𱚖,11,0,0,,,0,,,,,
𱚗,11,0,0,,,0,,,,,
𱚘,11,0,0,,,0,,,,,
𱚙,11,0,0,,,0,,,,,
𱚚,11,0,0,,,0,,,,,
𱚛,11,0,0,,,0,,,,,
𱚜,11,0,0,,,0,,,,,
𱚝,11,0,0,,,0,,,,,
𱚞,11,0,0,,,0,,,,,
𱚟,11,0,0,,,0,,,,,
𱚠,11,0,0,,,0,,,,,
𱚡,11,0,0,,,0,,,,,
𱚢,11,0,0,,,0,,,,,
𱚣,11,0,0,,,0,,,,,
𱚤,11,0,0,,,0,,,,,
𱚥,11,0,0,,,0,,,,,
𱚦,11,0,0,,,0,,,,,
𱚧,11,0,0,,,0,,,,,
𱚨,11,0,0,,,0,,,,,
𱚩,11,0,0,,,0,,,,,
𱚪,11,0,0,,,0,,,,,
𱚫,11,0,0,,,0,,,,,
𱚬,11,0,0,,,0,,,,,
𱚭,11,0,0,,,0,,,,,
𱚮,11,0,0,,,0,,,,,
𱚯,11,0,0,,,0,,,,,
𱚰,11,0,0,,,0,,,,,
𱚱,11,0,0,,,0,,,,,
𱚲,11,0,0,,,0,,,,,
𱚳,11,0,0,,,0,,,,,
𱚴,11,0,0,,,0,,,,,
𱚵,11,0,0,,,0,,,,,
𱚶,11,0,0,,,0,,,,,
𱚷,11,0,0,,,0,,,,,
𱚸,11,0,0,,,0,,,,,
𱚹,11,0,0,,,0,,,,,
𱚺,11,0,0,,,0,,,,,
𱚻,11,0,0,,,0,,,,,
𱚼,11,0,0,,,0,,,,,
𱚽,11,0,0,,,0,,,,,
𱚾,11,0,0,,,0,,,,,
𱚿,11,0,0,,,0,,,,,
𱛀,11,0,0,,,0,,,,,
𱛁,11,0,0,,,0,,,,,
𱛂,11,0,0,,,0,,,,,
𱛃,11,0,0,,,0,,,,,
𱛄,11,0,0,,,0,,,,,
𱛅,11,0,0,,,0,,,,,
𱛆,11,0,0,,,0,,,,,
𱛇,11,0,0,,,0,,,,,
𱛈,11,0,0,,,0,,,,,
𱛉,11,0,0,,,0,,,,,
𱛊,11,0,0,,,0,,,,,
𱛋,11,0,0,,,0,,,,,
𱛌,11,0,0,,,0,,,,,
𱛍,11,0,0,,,0,,,,,
𱛎,11,0,0,,,0,,,,,
𱛏,11,0,0,,,0,,,,,
𱛐,11,0,0,,,0,,,,,
𱛑,11,0,0,,,0,,,,,
𱛒,11,0,0,,,0,,,,,
𱛓,11,0,0,,,0,,,,,
𱛔,11,0,0,,,0,,,,,
𱛕,11,0,0,,,0,,,,,
𱛖,11,0,0,,,0,,,,,
𱛗,11,0,0,,,0,,,,,
𱛘,11,0,0,,,0,,,,,
𱛙,11,0,0,,,0,,,,,
𱛚,11,0,0,,,0,,,,,
𱛛,11,0,0,,,0,,,,,
𱛜,11,0,0,,,0,,,,,
𱛝,11,0,0,,,0,,,,,
𱛞,11,0,0,,,0,,,,,
𱛟,11,0,0,,,0,,,,,
𱛠,11,0,0,,,0,,,,,
𱛡,11,0,0,,,0,,,,,
𱛢,11,0,0,,,0,,,,,
𱛣,11,0,0,,,0,,,,,
𱛤,11,0,0,,,0,,,,,
𱛥,11,0,0,,,0,,,,,
𱛦,11,0,0,,,0,,,,,
𱛧,11,0,0,,,0,,,,,
𱛨,11,0,0,,,0,,,,,
𱛩,11,0,0,,,0,,,,,
𱛪,11,0,0,,,0,,,,,
𱛫,11,0,0,,,0,,,,,
𱛬,11,0,0,,,0,,,,,
𱛭,11,0,0,,,0,,,,,
𱛮,11,0,0,,,0,,,,,
𱛯,11,0,0,,,0,,,,,
𱛰,11,0,0,,,0,,,,,
𱛱,11,0,0,,,0,,,,,
𱛲,11,0,0,,,0,,,,,
𱛳,11,0,0,,,0,,,,,
𱛴,11,0,0,,,0,,,,,
𱛵,11,0,0,,,0,,,,,
𱛶,11,0,0,,,0,,,,,
𱛷,11,0,0,,,0,,,,,
𱛸,11,0,0,,,0,,,,,
𱛹,11,0,0,,,0,,,,,
𱛺,11,0,0,,,0,,,,,
𱛻,11,0,0,,,0,,,,,
𱛼,11,0,0,,,0,,,,,
𱛽,11,0,0,,,0,,,,,
𱛾,11,0,0,,,0,,,,,
𱛿,11,0,0,,,0,,,,,
𱜀,11,0,0,,,0,,,,,
𱜁,11,0,0,,,0,,,,,
𱜂,11,0,0,,,0,,,,,
𱜃,11,0,0,,,0,,,,,
𱜄,11,0,0,,,0,,,,,
𱜅,11,0,0,,,0,,,,,
𱜆,11,0,0,,,0,,,,,
𱜇,11,0,0,,,0,,,,,
𱜈,11,0,0,,,0,,,,,
𱜉,11,0,0,,,0,,,,,
𱜊,11,0,0,,,0,,,,,
𱜋,11,0,0,,,0,,,,,
𱜌,11,0,0,,,0,,,,,
𱜍,11,0,0,,,0,,,,,
𱜎,11,0,0,,,0,,,,,
𱜏,11,0,0,,,0,,,,,
𱜐,11,0,0,,,0,,,,,
𱜑,11,0,0,,,0,,,,,
𱜒,11,0,0,,,0,,,,,
𱜓,11,0,0,,,0,,,,,
𱜔,11,0,0,,,0,,,,,
𱜕,11,0,0,,,0,,,,,
𱜖,11,0,0,,,0,,,,,
𱜗,11,0,0,,,0,,,,,
𱜘,11,0,0,,,0,,,,,
𱜙,11,0,0,,,0,,,,,
𱜚,11,0,0,,,0,,,,,
𱜛,11,0,0,,,0,,,,,
𱜜,11,0,0,,,0,,,,,
𱜝,11,0,0,,,0,,,,,
𱜞,11,0,0,,,0,,,,,
𱜟,11,0,0,,,0,,,,,
𱜠,11,0,0,,,0,,,,,
𱜡,11,0,0,,,0,,,,,
𱜢,11,0,0,,,0,,,,,
𱜣,11,0,0,,,0,,,,,
𱜤,11,0,0,,,0,,,,,
𱜥,11,0,0,,,0,,,,,
𱜦,11,0,0,,,0,,,,,
𱜧,11,0,0,,,0,,,,,
𱜨,11,0,0,,,0,,,,,
𱜩,11,0,0,,,0,,,,,
𱜪,11,0,0,,,0,,,,,
𱜫,11,0,0,,,0,,,,,
𱜬,11,0,0,,,0,,,,,
𱜭,11,0,0,,,0,,,,,
𱜮,11,0,0,,,0,,,,,
𱜯,11,0,0,,,0,,,,,
𱜰,11,0,0,,,0,,,,,
𱜱,11,0,0,,,0,,,,,
𱜲,11,0,0,,,0,,,,,
𱜳,11,0,0,,,0,,,,,
𱜴,11,0,0,,,0,,,,,
𱜵,11,0,0,,,0,,,,,
𱜶,11,0,0,,,0,,,,,
𱜷,11,0,0,,,0,,,,,
𱜸,11,0,0,,,0,,,,,
𱜹,11,0,0,,,0,,,,,
𱜺,11,0,0,,,0,,,,,
𱜻,11,0,0,,,0,,,,,
𱜼,11,0,0,,,0,,,,,
𱜽,11,0,0,,,0,,,,,
𱜾,11,0,0,,,0,,,,,
𱜿,11,0,0,,,0,,,,,
𱝀,11,0,0,,,0,,,,,
𱝁,11,0,0,,,0,,,,,
𱝂,11,0,0,,,0,,,,,
𱝃,11,0,0,,,0,,,,,
𱝄,11,0,0,,,0,,,,,
𱝅,11,0,0,,,0,,,,,
𱝆,11,0,0,,,0,,,,,
𱝇,11,0,0,,,0,,,,,
𱝈,11,0,0,,,0,,,,,
𱝉,11,0,0,,,0,,,,,
𱝊,11,0,0,,,0,,,,,
𱝋,11,0,0,,,0,,,,,
𱝌,11,0,0,,,0,,,,,
𱝍,11,0,0,,,0,,,,,
𱝎,11,0,0,,,0,,,,,
𱝏,11,0,0,,,0,,,,,
𱝐,11,0,0,,,0,,,,,
𱝑,11,0,0,,,0,,,,,
𱝒,11,0,0,,,0,,,,,
𱝓,11,0,0,,,0,,,,,
𱝔,11,0,0,,,0,,,,,
𱝕,11,0,0,,,0,,,,,
𱝖,11,0,0,,,0,,,,,
𱝗,11,0,0,,,0,,,,,
𱝘,11,0,0,,,0,,,,,
𱝙,11,0,0,,,0,,,,,
𱝚,11,0,0,,,0,,,,,
𱝛,11,0,0,,,0,,,,,
𱝜,11,0,0,,,0,,,,,
𱝝,11,0,0,,,0,,,,,
𱝞,11,0,0,,,0,,,,,
𱝟,11,0,0,,,0,,,,,
𱝠,11,0,0,,,0,,,,,
𱝡,11,0,0,,,0,,,,,
𱝢,11,0,0,,,0,,,,,
𱝣,11,0,0,,,0,,,,,
𱝤,11,0,0,,,0,,,,,
𱝥,11,0,0,,,0,,,,,
𱝦,11,0,0,,,0,,,,,
𱝧,11,0,0,,,0,,,,,
𱝨,11,0,0,,,0,,,,,
𱝩,11,0,0,,,0,,,,,
𱝪,11,0,0,,,0,,,,,
𱝫,11,0,0,,,0,,,,,
𱝬,11,0,0,,,0,,,,,
𱝭,11,0,0,,,0,,,,,
𱝮,11,0,0,,,0,,,,,
𱝯,11,0,0,,,0,,,,,
𱝰,11,0,0,,,0,,,,,
𱝱,11,0,0,,,0,,,,,
𱝲,11,0,0,,,0,,,,,
𱝳,11,0,0,,,0,,,,,
𱝴,11,0,0,,,0,,,,,
𱝵,11,0,0,,,0,,,,,
𱝶,11,0,0,,,0,,,,,
𱝷,11,0,0,,,0,,,,,
𱝸,11,0,0,,,0,,,,,
𱝹,11,0,0,,,0,,,,,
𱝺,11,0,0,,,0,,,,,
𱝻,11,0,0,,,0,,,,,
𱝼,11,0,0,,,0,,,,,
𱝽,11,0,0,,,0,,,,,
𱝾,11,0,0,,,0,,,,,
𱝿,11,0,0,,,0,,,,,
𱞀,11,0,0,,,0,,,,,
𱞁,11,0,0,,,0,,,,,
𱞂,11,0,0,,,0,,,,,
𱞃,11,0,0,,,0,,,,,
𱞄,11,0,0,,,0,,,,,
𱞅,11,0,0,,,0,,,,,
𱞆,11,0,0,,,0,,,,,
𱞇,11,0,0,,,0,,,,,
𱞈,11,0,0,,,0,,,,,
𱞉,11,0,0,,,0,,,,,
𱞊,11,0,0,,,0,,,,,
𱞋,11,0,0,,,0,,,,,
𱞌,11,0,0,,,0,,,,,
𱞍,11,0,0,,,0,,,,,
𱞎,11,0,0,,,0,,,,,
𱞏,11,0,0,,,0,,,,,
𱞐,11,0,0,,,0,,,,,
𱞑,11,0,0,,,0,,,,,
𱞒,11,0,0,,,0,,,,,
𱞓,11,0,0,,,0,,,,,
𱞔,11,0,0,,,0,,,,,
𱞕,11,0,0,,,0,,,,,
𱞖,11,0,0,,,0,,,,,
𱞗,11,0,0,,,0,,,,,
𱞘,11,0,0,,,0,,,,,
𱞙,11,0,0,,,0,,,,,
𱞚,11,0,0,,,0,,,,,
𱞛,11,0,0,,,0,,,,,
𱞜,11,0,0,,,0,,,,,
𱞝,11,0,0,,,0,,,,,
𱞞,11,0,0,,,0,,,,,
𱞟,11,0,0,,,0,,,,,
𱞠,11,0,0,,,0,,,,,
𱞡,11,0,0,,,0,,,,,
𱞢,11,0,0,,,0,,,,,
𱞣,11,0,0,,,0,,,,,
𱞤,11,0,0,,,0,,,,,
𱞥,11,0,0,,,0,,,,,
𱞦,11,0,0,,,0,,,,,
𱞧,11,0,0,,,0,,,,,
𱞨,11,0,0,,,0,,,,,
𱞩,11,0,0,,,0,,,,,
𱞪,11,0,0,,,0,,,,,
𱞫,11,0,0,,,0,,,,,
𱞬,11,0,0,,,0,,,,,
𱞭,11,0,0,,,0,,,,,
𱞮,11,0,0,,,0,,,,,
𱞯,11,0,0,,,0,,,,,
𱞰,11,0,0,,,0,,,,,
𱞱,11,0,0,,,0,,,,,
𱞲,11,0,0,,,0,,,,,
𱞳,11,0,0,,,0,,,,,
𱞴,11,0,0,,,0,,,,,
𱞵,11,0,0,,,0,,,,,
𱞶,11,0,0,,,0,,,,,
𱞷,11,0,0,,,0,,,,,
𱞸,11,0,0,,,0,,,,,
𱞹,11,0,0,,,0,,,,,
𱞺,11,0,0,,,0,,,,,
𱞻,11,0,0,,,0,,,,,
𱞼,11,0,0,,,0,,,,,
𱞽,11,0,0,,,0,,,,,
𱞾,11,0,0,,,0,,,,,
𱞿,11,0,0,,,0,,,,,
𱟀,11,0,0,,,0,,,,,
𱟁,11,0,0,,,0,,,,,
𱟂,11,0,0,,,0,,,,,
𱟃,11,0,0,,,0,,,,,
𱟄,11,0,0,,,0,,,,,
𱟅,11,0,0,,,0,,,,,
𱟆,11,0,0,,,0,,,,,
𱟇,11,0,0,,,0,,,,,
𱟈,11,0,0,,,0,,,,,
𱟉,11,0,0,,,0,,,,,
𱟊,11,0,0,,,0,,,,,
𱟋,11,0,0,,,0,,,,,
𱟌,11,0,0,,,0,,,,,
𱟍,11,0,0,,,0,,,,,
𱟎,11,0,0,,,0,,,,,
𱟏,11,0,0,,,0,,,,,
𱟐,11,0,0,,,0,,,,,
𱟑,11,0,0,,,0,,,,,
𱟒,11,0,0,,,0,,,,,
𱟓,11,0,0,,,0,,,,,
𱟔,11,0,0,,,0,,,,,
𱟕,11,0,0,,,0,,,,,
𱟖,11,0,0,,,0,,,,,
𱟗,11,0,0,,,0,,,,,
𱟘,11,0,0,,,0,,,,,
𱟙,11,0,0,,,0,,,,,
𱟚,11,0,0,,,0,,,,,
𱟛,11,0,0,,,0,,,,,
𱟜,11,0,0,,,0,,,,,
𱟝,11,0,0,,,0,,,,,
𱟞,11,0,0,,,0,,,,,
𱟟,11,0,0,,,0,,,,,
𱟠,11,0,0,,,0,,,,,
𱟡,11,0,0,,,0,,,,,
𱟢,11,0,0,,,0,,,,,
𱟣,11,0,0,,,0,,,,,
𱟤,11,0,0,,,0,,,,,
𱟥,11,0,0,,,0,,,,,
𱟦,11,0,0,,,0,,,,,
𱟧,11,0,0,,,0,,,,,
𱟨,11,0,0,,,0,,,,,
𱟩,11,0,0,,,0,,,,,
𱟪,11,0,0,,,0,,,,,
𱟫,11,0,0,,,0,,,,,
𱟬,11,0,0,,,0,,,,,
𱟭,11,0,0,,,0,,,,,
𱟮,11,0,0,,,0,,,,,
𱟯,11,0,0,,,0,,,,,
𱟰,11,0,0,,,0,,,,,
𱟱,11,0,0,,,0,,,,,
𱟲,11,0,0,,,0,,,,,
𱟳,11,0,0,,,0,,,,,
𱟴,11,0,0,,,0,,,,,
𱟵,11,0,0,,,0,,,,,
𱟶,11,0,0,,,0,,,,,
𱟷,11,0,0,,,0,,,,,
𱟸,11,0,0,,,0,,,,,
𱟹,11,0,0,,,0,,,,,
𱟺,11,0,0,,,0,,,,,
𱟻,11,0,0,,,0,,,,,
𱟼,11,0,0,,,0,,,,,
𱟽,11,0,0,,,0,,,,,
𱟾,11,0,0,,,0,,,,,
𱟿,11,0,0,,,0,,,,,
𱠀,11,0,0,,,0,,,,,
𱠁,11,0,0,,,0,,,,,
𱠂,11,0,0,,,0,,,,,
𱠃,11,0,0,,,0,,,,,
𱠄,11,0,0,,,0,,,,,
𱠅,11,0,0,,,0,,,,,
𱠆,11,0,0,,,0,,,,,
𱠇,11,0,0,,,0,,,,,
𱠈,11,0,0,,,0,,,,,
𱠉,11,0,0,,,0,,,,,
𱠊,11,0,0,,,0,,,,,
𱠋,11,0,0,,,0,,,,,
𱠌,11,0,0,,,0,,,,,
𱠍,11,0,0,,,0,,,,,
𱠎,11,0,0,,,0,,,,,
𱠏,11,0,0,,,0,,,,,
𱠐,11,0,0,,,0,,,,,
𱠑,11,0,0,,,0,,,,,
𱠒,11,0,0,,,0,,,,,
𱠓,11,0,0,,,0,,,,,
𱠔,11,0,0,,,0,,,,,
𱠕,11,0,0,,,0,,,,,
𱠖,11,0,0,,,0,,,,,
𱠗,11,0,0,,,0,,,,,
𱠘,11,0,0,,,0,,,,,
𱠙,11,0,0,,,0,,,,,
𱠚,11,0,0,,,0,,,,,
𱠛,11,0,0,,,0,,,,,
𱠜,11,0,0,,,0,,,,,
𱠝,11,0,0,,,0,,,,,
𱠞,11,0,0,,,0,,,,,
𱠟,11,0,0,,,0,,,,,
𱠠,11,0,0,,,0,,,,,
𱠡,11,0,0,,,0,,,,,
𱠢,11,0,0,,,0,,,,,
𱠣,11,0,0,,,0,,,,,
𱠤,11,0,0,,,0,,,,,
𱠥,11,0,0,,,0,,,,,
𱠦,11,0,0,,,0,,,,,
𱠧,11,0,0,,,0,,,,,
𱠨,11,0,0,,,0,,,,,
𱠩,11,0,0,,,0,,,,,
𱠪,11,0,0,,,0,,,,,
𱠫,11,0,0,,,0,,,,,
𱠬,11,0,0,,,0,,,,,
𱠭,11,0,0,,,0,,,,,
𱠮,11,0,0,,,0,,,,,
𱠯,11,0,0,,,0,,,,,
𱠰,11,0,0,,,0,,,,,
𱠱,11,0,0,,,0,,,,,
𱠲,11,0,0,,,0,,,,,
𱠳,11,0,0,,,0,,,,,
𱠴,11,0,0,,,0,,,,,
𱠵,11,0,0,,,0,,,,,
𱠶,11,0,0,,,0,,,,,
𱠷,11,0,0,,,0,,,,,
𱠸,11,0,0,,,0,,,,,
𱠹,11,0,0,,,0,,,,,
𱠺,11,0,0,,,0,,,,,
𱠻,11,0,0,,,0,,,,,
𱠼,11,0,0,,,0,,,,,
𱠽,11,0,0,,,0,,,,,
𱠾,11,0,0,,,0,,,,,
𱠿,11,0,0,,,0,,,,,
𱡀,11,0,0,,,0,,,,,
𱡁,11,0,0,,,0,,,,,
𱡂,11,0,0,,,0,,,,,
𱡃,11,0,0,,,0,,,,,
𱡄,11,0,0,,,0,,,,,
𱡅,11,0,0,,,0,,,,,
𱡆,11,0,0,,,0,,,,,
𱡇,11,0,0,,,0,,,,,
𱡈,11,0,0,,,0,,,,,
𱡉,11,0,0,,,0,,,,,
𱡊,11,0,0,,,0,,,,,
𱡋,11,0,0,,,0,,,,,
𱡌,11,0,0,,,0,,,,,
𱡍,11,0,0,,,0,,,,,
𱡎,11,0,0,,,0,,,,,
𱡏,11,0,0,,,0,,,,,
𱡐,11,0,0,,,0,,,,,
𱡑,11,0,0,,,0,,,,,
𱡒,11,0,0,,,0,,,,,
𱡓,11,0,0,,,0,,,,,
𱡔,11,0,0,,,0,,,,,
𱡕,11,0,0,,,0,,,,,
𱡖,11,0,0,,,0,,,,,
𱡗,11,0,0,,,0,,,,,
𱡘,11,0,0,,,0,,,,,
𱡙,11,0,0,,,0,,,,,
𱡚,11,0,0,,,0,,,,,
𱡛,11,0,0,,,0,,,,,
𱡜,11,0,0,,,0,,,,,
𱡝,11,0,0,,,0,,,,,
𱡞,11,0,0,,,0,,,,,
𱡟,11,0,0,,,0,,,,,
𱡠,11,0,0,,,0,,,,,
𱡡,11,0,0,,,0,,,,,
𱡢,11,0,0,,,0,,,,,
𱡣,11,0,0,,,0,,,,,
𱡤,11,0,0,,,0,,,,,
𱡥,11,0,0,,,0,,,,,
𱡦,11,0,0,,,0,,,,,
𱡧,11,0,0,,,0,,,,,
𱡨,11,0,0,,,0,,,,,
𱡩,11,0,0,,,0,,,,,
𱡪,11,0,0,,,0,,,,,
𱡫,11,0,0,,,0,,,,,
𱡬,11,0,0,,,0,,,,,
𱡭,11,0,0,,,0,,,,,
𱡮,11,0,0,,,0,,,,,
𱡯,11,0,0,,,0,,,,,
𱡰,11,0,0,,,0,,,,,
𱡱,11,0,0,,,0,,,,,
𱡲,11,0,0,,,0,,,,,
𱡳,11,0,0,,,0,,,,,
𱡴,11,0,0,,,0,,,,,
𱡵,11,0,0,,,0,,,,,
𱡶,11,0,0,,,0,,,,,
𱡷,11,0,0,,,0,,,,,
𱡸,11,0,0,,,0,,,,,
𱡹,11,0,0,,,0,,,,,
𱡺,11,0,0,,,0,,,,,
𱡻,11,0,0,,,0,,,,,
𱡼,11,0,0,,,0,,,,,
𱡽,11,0,0,,,0,,,,,
𱡾,11,0,0,,,0,,,,,
𱡿,11,0,0,,,0,,,,,
𱢀,11,0,0,,,0,,,,,
𱢁,11,0,0,,,0,,,,,
𱢂,11,0,0,,,0,,,,,
𱢃,11,0,0,,,0,,,,,
𱢄,11,0,0,,,0,,,,,
𱢅,11,0,0,,,0,,,,,
𱢆,11,0,0,,,0,,,,,
𱢇,11,0,0,,,0,,,,,
𱢈,11,0,0,,,0,,,,,
𱢉,11,0,0,,,0,,,,,
𱢊,11,0,0,,,0,,,,,
𱢋,11,0,0,,,0,,,,,
𱢌,11,0,0,,,0,,,,,
𱢍,11,0,0,,,0,,,,,
𱢎,11,0,0,,,0,,,,,
𱢏,11,0,0,,,0,,,,,
𱢐,11,0,0,,,0,,,,,
𱢑,11,0,0,,,0,,,,,
𱢒,11,0,0,,,0,,,,,
𱢓,11,0,0,,,0,,,,,
𱢔,11,0,0,,,0,,,,,
𱢕,11,0,0,,,0,,,,,
𱢖,11,0,0,,,0,,,,,
𱢗,11,0,0,,,0,,,,,
𱢘,11,0,0,,,0,,,,,
𱢙,11,0,0,,,0,,,,,
𱢚,11,0,0,,,0,,,,,
𱢛,11,0,0,,,0,,,,,
𱢜,11,0,0,,,0,,,,,
𱢝,11,0,0,,,0,,,,,
𱢞,11,0,0,,,0,,,,,
𱢟,11,0,0,,,0,,,,,
𱢠,11,0,0,,,0,,,,,
𱢡,11,0,0,,,0,,,,,
𱢢,11,0,0,,,0,,,,,
𱢣,11,0,0,,,0,,,,,
𱢤,11,0,0,,,0,,,,,
𱢥,11,0,0,,,0,,,,,
𱢦,11,0,0,,,0,,,,,
𱢧,11,0,0,,,0,,,,,
𱢨,11,0,0,,,0,,,,,
𱢩,11,0,0,,,0,,,,,
𱢪,11,0,0,,,0,,,,,
𱢫,11,0,0,,,0,,,,,
𱢬,11,0,0,,,0,,,,,
𱢭,11,0,0,,,0,,,,,
𱢮,11,0,0,,,0,,,,,
𱢯,11,0,0,,,0,,,,,
𱢰,11,0,0,,,0,,,,,
𱢱,11,0,0,,,0,,,,,
𱢲,11,0,0,,,0,,,,,
𱢳,11,0,0,,,0,,,,,
𱢴,11,0,0,,,0,,,,,
𱢵,11,0,0,,,0,,,,,
𱢶,11,0,0,,,0,,,,,
𱢷,11,0,0,,,0,,,,,
𱢸,11,0,0,,,0,,,,,
𱢹,11,0,0,,,0,,,,,
𱢺,11,0,0,,,0,,,,,
𱢻,11,0,0,,,0,,,,,
𱢼,11,0,0,,,0,,,,,
𱢽,11,0,0,,,0,,,,,
𱢾,11,0,0,,,0,,,,,
𱢿,11,0,0,,,0,,,,,
𱣀,11,0,0,,,0,,,,,
𱣁,11,0,0,,,0,,,,,
𱣂,11,0,0,,,0,,,,,
𱣃,11,0,0,,,0,,,,,
𱣄,11,0,0,,,0,,,,,
𱣅,11,0,0,,,0,,,,,
𱣆,11,0,0,,,0,,,,,
𱣇,11,0,0,,,0,,,,,
𱣈,11,0,0,,,0,,,,,
𱣉,11,0,0,,,0,,,,,
𱣊,11,0,0,,,0,,,,,
𱣋,11,0,0,,,0,,,,,
𱣌,11,0,0,,,0,,,,,
𱣍,11,0,0,,,0,,,,,
𱣎,11,0,0,,,0,,,,,
𱣏,11,0,0,,,0,,,,,
𱣐,11,0,0,,,0,,,,,
𱣑,11,0,0,,,0,,,,,
𱣒,11,0,0,,,0,,,,,
𱣓,11,0,0,,,0,,,,,
𱣔,11,0,0,,,0,,,,,
𱣕,11,0,0,,,0,,,,,
𱣖,11,0,0,,,0,,,,,
𱣗,11,0,0,,,0,,,,,
𱣘,11,0,0,,,0,,,,,
𱣙,11,0,0,,,0,,,,,
𱣚,11,0,0,,,0,,,,,
𱣛,11,0,0,,,0,,,,,
𱣜,11,0,0,,,0,,,,,
𱣝,11,0,0,,,0,,,,,
𱣞,11,0,0,,,0,,,,,
𱣟,11,0,0,,,0,,,,,
𱣠,11,0,0,,,0,,,,,
𱣡,11,0,0,,,0,,,,,
𱣢,11,0,0,,,0,,,,,
𱣣,11,0,0,,,0,,,,,
𱣤,11,0,0,,,0,,,,,
𱣥,11,0,0,,,0,,,,,
𱣦,11,0,0,,,0,,,,,
𱣧,11,0,0,,,0,,,,,
𱣨,11,0,0,,,0,,,,,
𱣩,11,0,0,,,0,,,,,
𱣪,11,0,0,,,0,,,,,
𱣫,11,0,0,,,0,,,,,
𱣬,11,0,0,,,0,,,,,
𱣭,11,0,0,,,0,,,,,
𱣮,11,0,0,,,0,,,,,
𱣯,11,0,0,,,0,,,,,
𱣰,11,0,0,,,0,,,,,
𱣱,11,0,0,,,0,,,,,
𱣲,11,0,0,,,0,,,,,
𱣳,11,0,0,,,0,,,,,
𱣴,11,0,0,,,0,,,,,
𱣵,11,0,0,,,0,,,,,
𱣶,11,0,0,,,0,,,,,
𱣷,11,0,0,,,0,,,,,
𱣸,11,0,0,,,0,,,,,
𱣹,11,0,0,,,0,,,,,
𱣺,11,0,0,,,0,,,,,
𱣻,11,0,0,,,0,,,,,
𱣼,11,0,0,,,0,,,,,
𱣽,11,0,0,,,0,,,,,
𱣾,11,0,0,,,0,,,,,
𱣿,11,0,0,,,0,,,,,
𱤀,11,0,0,,,0,,,,,
𱤁,11,0,0,,,0,,,,,
𱤂,11,0,0,,,0,,,,,
𱤃,11,0,0,,,0,,,,,
𱤄,11,0,0,,,0,,,,,
𱤅,11,0,0,,,0,,,,,
𱤆,11,0,0,,,0,,,,,
𱤇,11,0,0,,,0,,,,,
𱤈,11,0,0,,,0,,,,,
𱤉,11,0,0,,,0,,,,,
𱤊,11,0,0,,,0,,,,,
𱤋,11,0,0,,,0,,,,,
𱤌,11,0,0,,,0,,,,,
𱤍,11,0,0,,,0,,,,,
𱤎,11,0,0,,,0,,,,,
𱤏,11,0,0,,,0,,,,,
𱤐,11,0,0,,,0,,,,,
𱤑,11,0,0,,,0,,,,,
𱤒,11,0,0,,,0,,,,,
𱤓,11,0,0,,,0,,,,,
𱤔,11,0,0,,,0,,,,,
𱤕,11,0,0,,,0,,,,,
𱤖,11,0,0,,,0,,,,,
𱤗,11,0,0,,,0,,,,,
𱤘,11,0,0,,,0,,,,,
𱤙,11,0,0,,,0,,,,,
𱤚,11,0,0,,,0,,,,,
𱤛,11,0,0,,,0,,,,,
𱤜,11,0,0,,,0,,,,,
𱤝,11,0,0,,,0,,,,,
𱤞,11,0,0,,,0,,,,,
𱤟,11,0,0,,,0,,,,,
𱤠,11,0,0,,,0,,,,,
𱤡,11,0,0,,,0,,,,,
𱤢,11,0,0,,,0,,,,,
𱤣,11,0,0,,,0,,,,,
𱤤,11,0,0,,,0,,,,,
𱤥,11,0,0,,,0,,,,,
𱤦,11,0,0,,,0,,,,,
𱤧,11,0,0,,,0,,,,,
𱤨,11,0,0,,,0,,,,,
𱤩,11,0,0,,,0,,,,,
𱤪,11,0,0,,,0,,,,,
𱤫,11,0,0,,,0,,,,,
𱤬,11,0,0,,,0,,,,,
𱤭,11,0,0,,,0,,,,,
𱤮,11,0,0,,,0,,,,,
𱤯,11,0,0,,,0,,,,,
𱤰,11,0,0,,,0,,,,,
𱤱,11,0,0,,,0,,,,,
𱤲,11,0,0,,,0,,,,,
𱤳,11,0,0,,,0,,,,,
𱤴,11,0,0,,,0,,,,,
𱤵,11,0,0,,,0,,,,,
𱤶,11,0,0,,,0,,,,,
𱤷,11,0,0,,,0,,,,,
𱤸,11,0,0,,,0,,,,,
𱤹,11,0,0,,,0,,,,,
𱤺,11,0,0,,,0,,,,,
𱤻,11,0,0,,,0,,,,,
𱤼,11,0,0,,,0,,,,,
𱤽,11,0,0,,,0,,,,,
𱤾,11,0,0,,,0,,,,,
𱤿,11,0,0,,,0,,,,,
𱥀,11,0,0,,,0,,,,,
𱥁,11,0,0,,,0,,,,,
𱥂,11,0,0,,,0,,,,,
𱥃,11,0,0,,,0,,,,,
𱥄,11,0,0,,,0,,,,,
𱥅,11,0,0,,,0,,,,,
𱥆,11,0,0,,,0,,,,,
𱥇,11,0,0,,,0,,,,,
𱥈,11,0,0,,,0,,,,,
𱥉,11,0,0,,,0,,,,,
𱥊,11,0,0,,,0,,,,,
𱥋,11,0,0,,,0,,,,,
𱥌,11,0,0,,,0,,,,,
𱥍,11,0,0,,,0,,,,,
𱥎,11,0,0,,,0,,,,,
𱥏,11,0,0,,,0,,,,,
𱥐,11,0,0,,,0,,,,,
𱥑,11,0,0,,,0,,,,,
𱥒,11,0,0,,,0,,,,,
𱥓,11,0,0,,,0,,,,,
𱥔,11,0,0,,,0,,,,,
𱥕,11,0,0,,,0,,,,,
𱥖,11,0,0,,,0,,,,,
𱥗,11,0,0,,,0,,,,,
𱥘,11,0,0,,,0,,,,,
𱥙,11,0,0,,,0,,,,,
𱥚,11,0,0,,,0,,,,,
𱥛,11,0,0,,,0,,,,,
𱥜,11,0,0,,,0,,,,,
𱥝,11,0,0,,,0,,,,,
𱥞,11,0,0,,,0,,,,,
𱥟,11,0,0,,,0,,,,,
𱥠,11,0,0,,,0,,,,,
𱥡,11,0,0,,,0,,,,,
𱥢,11,0,0,,,0,,,,,
𱥣,11,0,0,,,0,,,,,
𱥤,11,0,0,,,0,,,,,
𱥥,11,0,0,,,0,,,,,
𱥦,11,0,0,,,0,,,,,
𱥧,11,0,0,,,0,,,,,
𱥨,11,0,0,,,0,,,,,
𱥩,11,0,0,,,0,,,,,
𱥪,11,0,0,,,0,,,,,
𱥫,11,0,0,,,0,,,,,
𱥬,11,0,0,,,0,,,,,
𱥭,11,0,0,,,0,,,,,
𱥮,11,0,0,,,0,,,,,
𱥯,11,0,0,,,0,,,,,
𱥰,11,0,0,,,0,,,,,
𱥱,11,0,0,,,0,,,,,
𱥲,11,0,0,,,0,,,,,
𱥳,11,0,0,,,0,,,,,
𱥴,11,0,0,,,0,,,,,
𱥵,11,0,0,,,0,,,,,
𱥶,11,0,0,,,0,,,,,
𱥷,11,0,0,,,0,,,,,
𱥸,11,0,0,,,0,,,,,
𱥹,11,0,0,,,0,,,,,
𱥺,11,0,0,,,0,,,,,
𱥻,11,0,0,,,0,,,,,
𱥼,11,0,0,,,0,,,,,
𱥽,11,0,0,,,0,,,,,
𱥾,11,0,0,,,0,,,,,
𱥿,11,0,0,,,0,,,,,
𱦀,11,0,0,,,0,,,,,
𱦁,11,0,0,,,0,,,,,
𱦂,11,0,0,,,0,,,,,
𱦃,11,0,0,,,0,,,,,
𱦄,11,0,0,,,0,,,,,
𱦅,11,0,0,,,0,,,,,
𱦆,11,0,0,,,0,,,,,
𱦇,11,0,0,,,0,,,,,
𱦈,11,0,0,,,0,,,,,
𱦉,11,0,0,,,0,,,,,
𱦊,11,0,0,,,0,,,,,
𱦋,11,0,0,,,0,,,,,
𱦌,11,0,0,,,0,,,,,
𱦍,11,0,0,,,0,,,,,
𱦎,11,0,0,,,0,,,,,
𱦏,11,0,0,,,0,,,,,
𱦐,11,0,0,,,0,,,,,
𱦑,11,0,0,,,0,,,,,
𱦒,11,0,0,,,0,,,,,
𱦓,11,0,0,,,0,,,,,
𱦔,11,0,0,,,0,,,,,
𱦕,11,0,0,,,0,,,,,
𱦖,11,0,0,,,0,,,,,
𱦗,11,0,0,,,0,,,,,
𱦘,11,0,0,,,0,,,,,
𱦙,11,0,0,,,0,,,,,
𱦚,11,0,0,,,0,,,,,
𱦛,11,0,0,,,0,,,,,
𱦜,11,0,0,,,0,,,,,
𱦝,11,0,0,,,0,,,,,
𱦞,11,0,0,,,0,,,,,
𱦟,11,0,0,,,0,,,,,
𱦠,11,0,0,,,0,,,,,
𱦡,11,0,0,,,0,,,,,
𱦢,11,0,0,,,0,,,,,
𱦣,11,0,0,,,0,,,,,
𱦤,11,0,0,,,0,,,,,
𱦥,11,0,0,,,0,,,,,
𱦦,11,0,0,,,0,,,,,
𱦧,11,0,0,,,0,,,,,
𱦨,11,0,0,,,0,,,,,
𱦩,11,0,0,,,0,,,,,
𱦪,11,0,0,,,0,,,,,
𱦫,11,0,0,,,0,,,,,
𱦬,11,0,0,,,0,,,,,
𱦭,11,0,0,,,0,,,,,
𱦮,11,0,0,,,0,,,,,
𱦯,11,0,0,,,0,,,,,
𱦰,11,0,0,,,0,,,,,
𱦱,11,0,0,,,0,,,,,
𱦲,11,0,0,,,0,,,,,
𱦳,11,0,0,,,0,,,,,
𱦴,11,0,0,,,0,,,,,
𱦵,11,0,0,,,0,,,,,
𱦶,11,0,0,,,0,,,,,
𱦷,11,0,0,,,0,,,,,
𱦸,11,0,0,,,0,,,,,
𱦹,11,0,0,,,0,,,,,
𱦺,11,0,0,,,0,,,,,
𱦻,11,0,0,,,0,,,,,
𱦼,11,0,0,,,0,,,,,
𱦽,11,0,0,,,0,,,,,
𱦾,11,0,0,,,0,,,,,
𱦿,11,0,0,,,0,,,,,
𱧀,11,0,0,,,0,,,,,
𱧁,11,0,0,,,0,,,,,
𱧂,11,0,0,,,0,,,,,
𱧃,11,0,0,,,0,,,,,
𱧄,11,0,0,,,0,,,,,
𱧅,11,0,0,,,0,,,,,
𱧆,11,0,0,,,0,,,,,
𱧇,11,0,0,,,0,,,,,
𱧈,11,0,0,,,0,,,,,
𱧉,11,0,0,,,0,,,,,
𱧊,11,0,0,,,0,,,,,
𱧋,11,0,0,,,0,,,,,
𱧌,11,0,0,,,0,,,,,
𱧍,11,0,0,,,0,,,,,
𱧎,11,0,0,,,0,,,,,
𱧏,11,0,0,,,0,,,,,
𱧐,11,0,0,,,0,,,,,
𱧑,11,0,0,,,0,,,,,
𱧒,11,0,0,,,0,,,,,
𱧓,11,0,0,,,0,,,,,
𱧔,11,0,0,,,0,,,,,
𱧕,11,0,0,,,0,,,,,
𱧖,11,0,0,,,0,,,,,
𱧗,11,0,0,,,0,,,,,
𱧘,11,0,0,,,0,,,,,
𱧙,11,0,0,,,0,,,,,
𱧚,11,0,0,,,0,,,,,
𱧛,11,0,0,,,0,,,,,
𱧜,11,0,0,,,0,,,,,
𱧝,11,0,0,,,0,,,,,
𱧞,11,0,0,,,0,,,,,
𱧟,11,0,0,,,0,,,,,
𱧠,11,0,0,,,0,,,,,
𱧡,11,0,0,,,0,,,,,
𱧢,11,0,0,,,0,,,,,
𱧣,11,0,0,,,0,,,,,
𱧤,11,0,0,,,0,,,,,
𱧥,11,0,0,,,0,,,,,
𱧦,11,0,0,,,0,,,,,
𱧧,11,0,0,,,0,,,,,
𱧨,11,0,0,,,0,,,,,
𱧩,11,0,0,,,0,,,,,
𱧪,11,0,0,,,0,,,,,
𱧫,11,0,0,,,0,,,,,
𱧬,11,0,0,,,0,,,,,
𱧭,11,0,0,,,0,,,,,
𱧮,11,0,0,,,0,,,,,
𱧯,11,0,0,,,0,,,,,
𱧰,11,0,0,,,0,,,,,
𱧱,11,0,0,,,0,,,,,
𱧲,11,0,0,,,0,,,,,
𱧳,11,0,0,,,0,,,,,
𱧴,11,0,0,,,0,,,,,
𱧵,11,0,0,,,0,,,,,
𱧶,11,0,0,,,0,,,,,
𱧷,11,0,0,,,0,,,,,
𱧸,11,0,0,,,0,,,,,
𱧹,11,0,0,,,0,,,,,
𱧺,11,0,0,,,0,,,,,
𱧻,11,0,0,,,0,,,,,
𱧼,11,0,0,,,0,,,,,
𱧽,11,0,0,,,0,,,,,
𱧾,11,0,0,,,0,,,,,
𱧿,11,0,0,,,0,,,,,
𱨀,11,0,0,,,0,,,,,
𱨁,11,0,0,,,0,,,,,
𱨂,11,0,0,,,0,,,,,
𱨃,11,0,0,,,0,,,,,
𱨄,11,0,0,,,0,,,,,
𱨅,11,0,0,,,0,,,,,
𱨆,11,0,0,,,0,,,,,
𱨇,11,0,0,,,0,,,,,
𱨈,11,0,0,,,0,,,,,
𱨉,11,0,0,,,0,,,,,
𱨊,11,0,0,,,0,,,,,
𱨋,11,0,0,,,0,,,,,
𱨌,11,0,0,,,0,,,,,
𱨍,11,0,0,,,0,,,,,
𱨎,11,0,0,,,0,,,,,
𱨏,11,0,0,,,0,,,,,
𱨐,11,0,0,,,0,,,,,
𱨑,11,0,0,,,0,,,,,
𱨒,11,0,0,,,0,,,,,
𱨓,11,0,0,,,0,,,,,
𱨔,11,0,0,,,0,,,,,
𱨕,11,0,0,,,0,,,,,
𱨖,11,0,0,,,0,,,,,
𱨗,11,0,0,,,0,,,,,
𱨘,11,0,0,,,0,,,,,
𱨙,11,0,0,,,0,,,,,
𱨚,11,0,0,,,0,,,,,
𱨛,11,0,0,,,0,,,,,
𱨜,11,0,0,,,0,,,,,
𱨝,11,0,0,,,0,,,,,
𱨞,11,0,0,,,0,,,,,
𱨟,11,0,0,,,0,,,,,
𱨠,11,0,0,,,0,,,,,
𱨡,11,0,0,,,0,,,,,
𱨢,11,0,0,,,0,,,,,
𱨣,11,0,0,,,0,,,,,
𱨤,11,0,0,,,0,,,,,
𱨥,11,0,0,,,0,,,,,
𱨦,11,0,0,,,0,,,,,
𱨧,11,0,0,,,0,,,,,
𱨨,11,0,0,,,0,,,,,
𱨩,11,0,0,,,0,,,,,
𱨪,11,0,0,,,0,,,,,
𱨫,11,0,0,,,0,,,,,
𱨬,11,0,0,,,0,,,,,
𱨭,11,0,0,,,0,,,,,
𱨮,11,0,0,,,0,,,,,
𱨯,11,0,0,,,0,,,,,
𱨰,11,0,0,,,0,,,,,
𱨱,11,0,0,,,0,,,,,
𱨲,11,0,0,,,0,,,,,
𱨳,11,0,0,,,0,,,,,
𱨴,11,0,0,,,0,,,,,
𱨵,11,0,0,,,0,,,,,
𱨶,11,0,0,,,0,,,,,
𱨷,11,0,0,,,0,,,,,
𱨸,11,0,0,,,0,,,,,
𱨹,11,0,0,,,0,,,,,
𱨺,11,0,0,,,0,,,,,
𱨻,11,0,0,,,0,,,,,
𱨼,11,0,0,,,0,,,,,
𱨽,11,0,0,,,0,,,,,
𱨾,11,0,0,,,0,,,,,
𱨿,11,0,0,,,0,,,,,
𱩀,11,0,0,,,0,,,,,
𱩁,11,0,0,,,0,,,,,
𱩂,11,0,0,,,0,,,,,
𱩃,11,0,0,,,0,,,,,
𱩄,11,0,0,,,0,,,,,
𱩅,11,0,0,,,0,,,,,
𱩆,11,0,0,,,0,,,,,
𱩇,11,0,0,,,0,,,,,
𱩈,11,0,0,,,0,,,,,
𱩉,11,0,0,,,0,,,,,
𱩊,11,0,0,,,0,,,,,
𱩋,11,0,0,,,0,,,,,
𱩌,11,0,0,,,0,,,,,
𱩍,11,0,0,,,0,,,,,
𱩎,11,0,0,,,0,,,,,
𱩏,11,0,0,,,0,,,,,
𱩐,11,0,0,,,0,,,,,
𱩑,11,0,0,,,0,,,,,
𱩒,11,0,0,,,0,,,,,
𱩓,11,0,0,,,0,,,,,
𱩔,11,0,0,,,0,,,,,
𱩕,11,0,0,,,0,,,,,
𱩖,11,0,0,,,0,,,,,
𱩗,11,0,0,,,0,,,,,
𱩘,11,0,0,,,0,,,,,
𱩙,11,0,0,,,0,,,,,
𱩚,11,0,0,,,0,,,,,
𱩛,11,0,0,,,0,,,,,
𱩜,11,0,0,,,0,,,,,
𱩝,11,0,0,,,0,,,,,
𱩞,11,0,0,,,0,,,,,
𱩟,11,0,0,,,0,,,,,
𱩠,11,0,0,,,0,,,,,
𱩡,11,0,0,,,0,,,,,
𱩢,11,0,0,,,0,,,,,
𱩣,11,0,0,,,0,,,,,
𱩤,11,0,0,,,0,,,,,
𱩥,11,0,0,,,0,,,,,
𱩦,11,0,0,,,0,,,,,
𱩧,11,0,0,,,0,,,,,
𱩨,11,0,0,,,0,,,,,
𱩩,11,0,0,,,0,,,,,
𱩪,11,0,0,,,0,,,,,
𱩫,11,0,0,,,0,,,,,
𱩬,11,0,0,,,0,,,,,
𱩭,11,0,0,,,0,,,,,
𱩮,11,0,0,,,0,,,,,
𱩯,11,0,0,,,0,,,,,
𱩰,11,0,0,,,0,,,,,
𱩱,11,0,0,,,0,,,,,
𱩲,11,0,0,,,0,,,,,
𱩳,11,0,0,,,0,,,,,
𱩴,11,0,0,,,0,,,,,
𱩵,11,0,0,,,0,,,,,
𱩶,11,0,0,,,0,,,,,
𱩷,11,0,0,,,0,,,,,
𱩸,11,0,0,,,0,,,,,
𱩹,11,0,0,,,0,,,,,
𱩺,11,0,0,,,0,,,,,
𱩻,11,0,0,,,0,,,,,
𱩼,11,0,0,,,0,,,,,
𱩽,11,0,0,,,0,,,,,
𱩾,11,0,0,,,0,,,,,
𱩿,11,0,0,,,0,,,,,
𱪀,11,0,0,,,0,,,,,
𱪁,11,0,0,,,0,,,,,
𱪂,11,0,0,,,0,,,,,
𱪃,11,0,0,,,0,,,,,
𱪄,11,0,0,,,0,,,,,
𱪅,11,0,0,,,0,,,,,
𱪆,11,0,0,,,0,,,,,
𱪇,11,0,0,,,0,,,,,
𱪈,11,0,0,,,0,,,,,
𱪉,11,0,0,,,0,,,,,
𱪊,11,0,0,,,0,,,,,
𱪋,11,0,0,,,0,,,,,
𱪌,11,0,0,,,0,,,,,
𱪍,11,0,0,,,0,,,,,
𱪎,11,0,0,,,0,,,,,
𱪏,11,0,0,,,0,,,,,
𱪐,11,0,0,,,0,,,,,
𱪑,11,0,0,,,0,,,,,
𱪒,11,0,0,,,0,,,,,
𱪓,11,0,0,,,0,,,,,
𱪔,11,0,0,,,0,,,,,
𱪕,11,0,0,,,0,,,,,
𱪖,11,0,0,,,0,,,,,
𱪗,11,0,0,,,0,,,,,
𱪘,11,0,0,,,0,,,,,
𱪙,11,0,0,,,0,,,,,
𱪚,11,0,0,,,0,,,,,
𱪛,11,0,0,,,0,,,,,
𱪜,11,0,0,,,0,,,,,
𱪝,11,0,0,,,0,,,,,
𱪞,11,0,0,,,0,,,,,
𱪟,11,0,0,,,0,,,,,
𱪠,11,0,0,,,0,,,,,
𱪡,11,0,0,,,0,,,,,
𱪢,11,0,0,,,0,,,,,
𱪣,11,0,0,,,0,,,,,
𱪤,11,0,0,,,0,,,,,
𱪥,11,0,0,,,0,,,,,
𱪦,11,0,0,,,0,,,,,
𱪧,11,0,0,,,0,,,,,
𱪨,11,0,0,,,0,,,,,
𱪩,11,0,0,,,0,,,,,
𱪪,11,0,0,,,0,,,,,
𱪫,11,0,0,,,0,,,,,
𱪬,11,0,0,,,0,,,,,
𱪭,11,0,0,,,0,,,,,
𱪮,11,0,0,,,0,,,,,
𱪯,11,0,0,,,0,,,,,
𱪰,11,0,0,,,0,,,,,
𱪱,11,0,0,,,0,,,,,
𱪲,11,0,0,,,0,,,,,
𱪳,11,0,0,,,0,,,,,
𱪴,11,0,0,,,0,,,,,
𱪵,11,0,0,,,0,,,,,
𱪶,11,0,0,,,0,,,,,
𱪷,11,0,0,,,0,,,,,
𱪸,11,0,0,,,0,,,,,
𱪹,11,0,0,,,0,,,,,
𱪺,11,0,0,,,0,,,,,
𱪻,11,0,0,,,0,,,,,
𱪼,11,0,0,,,0,,,,,
𱪽,11,0,0,,,0,,,,,
𱪾,11,0,0,,,0,,,,,
𱪿,11,0,0,,,0,,,,,
𱫀,11,0,0,,,0,,,,,
𱫁,11,0,0,,,0,,,,,
𱫂,11,0,0,,,0,,,,,
𱫃,11,0,0,,,0,,,,,
𱫄,11,0,0,,,0,,,,,
𱫅,11,0,0,,,0,,,,,
𱫆,11,0,0,,,0,,,,,
𱫇,11,0,0,,,0,,,,,
𱫈,11,0,0,,,0,,,,,
𱫉,11,0,0,,,0,,,,,
𱫊,11,0,0,,,0,,,,,
𱫋,11,0,0,,,0,,,,,
𱫌,11,0,0,,,0,,,,,
𱫍,11,0,0,,,0,,,,,
𱫎,11,0,0,,,0,,,,,
𱫏,11,0,0,,,0,,,,,
𱫐,11,0,0,,,0,,,,,
𱫑,11,0,0,,,0,,,,,
𱫒,11,0,0,,,0,,,,,
𱫓,11,0,0,,,0,,,,,
𱫔,11,0,0,,,0,,,,,
𱫕,11,0,0,,,0,,,,,
𱫖,11,0,0,,,0,,,,,
𱫗,11,0,0,,,0,,,,,
𱫘,11,0,0,,,0,,,,,
𱫙,11,0,0,,,0,,,,,
𱫚,11,0,0,,,0,,,,,
𱫛,11,0,0,,,0,,,,,
𱫜,11,0,0,,,0,,,,,
𱫝,11,0,0,,,0,,,,,
𱫞,11,0,0,,,0,,,,,
𱫟,11,0,0,,,0,,,,,
𱫠,11,0,0,,,0,,,,,
𱫡,11,0,0,,,0,,,,,
𱫢,11,0,0,,,0,,,,,
𱫣,11,0,0,,,0,,,,,
𱫤,11,0,0,,,0,,,,,
𱫥,11,0,0,,,0,,,,,
𱫦,11,0,0,,,0,,,,,
𱫧,11,0,0,,,0,,,,,
𱫨,11,0,0,,,0,,,,,
𱫩,11,0,0,,,0,,,,,
𱫪,11,0,0,,,0,,,,,
𱫫,11,0,0,,,0,,,,,
𱫬,11,0,0,,,0,,,,,
𱫭,11,0,0,,,0,,,,,
𱫮,11,0,0,,,0,,,,,
𱫯,11,0,0,,,0,,,,,
𱫰,11,0,0,,,0,,,,,
𱫱,11,0,0,,,0,,,,,
𱫲,11,0,0,,,0,,,,,
𱫳,11,0,0,,,0,,,,,
𱫴,11,0,0,,,0,,,,,
𱫵,11,0,0,,,0,,,,,
𱫶,11,0,0,,,0,,,,,
𱫷,11,0,0,,,0,,,,,
𱫸,11,0,0,,,0,,,,,
𱫹,11,0,0,,,0,,,,,
𱫺,11,0,0,,,0,,,,,
𱫻,11,0,0,,,0,,,,,
𱫼,11,0,0,,,0,,,,,
𱫽,11,0,0,,,0,,,,,
𱫾,11,0,0,,,0,,,,,
𱫿,11,0,0,,,0,,,,,
𱬀,11,0,0,,,0,,,,,
𱬁,11,0,0,,,0,,,,,
𱬂,11,0,0,,,0,,,,,
𱬃,11,0,0,,,0,,,,,
𱬄,11,0,0,,,0,,,,,
𱬅,11,0,0,,,0,,,,,
𱬆,11,0,0,,,0,,,,,
𱬇,11,0,0,,,0,,,,,
𱬈,11,0,0,,,0,,,,,
𱬉,11,0,0,,,0,,,,,
𱬊,11,0,0,,,0,,,,,
𱬋,11,0,0,,,0,,,,,
𱬌,11,0,0,,,0,,,,,
𱬍,11,0,0,,,0,,,,,
𱬎,11,0,0,,,0,,,,,
𱬏,11,0,0,,,0,,,,,
𱬐,11,0,0,,,0,,,,,
𱬑,11,0,0,,,0,,,,,
𱬒,11,0,0,,,0,,,,,
𱬓,11,0,0,,,0,,,,,
𱬔,11,0,0,,,0,,,,,
𱬕,11,0,0,,,0,,,,,
𱬖,11,0,0,,,0,,,,,
𱬗,11,0,0,,,0,,,,,
𱬘,11,0,0,,,0,,,,,
𱬙,11,0,0,,,0,,,,,
𱬚,11,0,0,,,0,,,,,
𱬛,11,0,0,,,0,,,,,
𱬜,11,0,0,,,0,,,,,
𱬝,11,0,0,,,0,,,,,
𱬞,11,0,0,,,0,,,,,
𱬟,11,0,0,,,0,,,,,
𱬠,11,0,0,,,0,,,,,
𱬡,11,0,0,,,0,,,,,
𱬢,11,0,0,,,0,,,,,
𱬣,11,0,0,,,0,,,,,
𱬤,11,0,0,,,0,,,,,
𱬥,11,0,0,,,0,,,,,
𱬦,11,0,0,,,0,,,,,
𱬧,11,0,0,,,0,,,,,
𱬨,11,0,0,,,0,,,,,
𱬩,11,0,0,,,0,,,,,
𱬪,11,0,0,,,0,,,,,
𱬫,11,0,0,,,0,,,,,
𱬬,11,0,0,,,0,,,,,
𱬭,11,0,0,,,0,,,,,
𱬮,11,0,0,,,0,,,,,
𱬯,11,0,0,,,0,,,,,
𱬰,11,0,0,,,0,,,,,
𱬱,11,0,0,,,0,,,,,
𱬲,11,0,0,,,0,,,,,
𱬳,11,0,0,,,0,,,,,
𱬴,11,0,0,,,0,,,,,
𱬵,11,0,0,,,0,,,,,
𱬶,11,0,0,,,0,,,,,
𱬷,11,0,0,,,0,,,,,
𱬸,11,0,0,,,0,,,,,
𱬹,11,0,0,,,0,,,,,
𱬺,11,0,0,,,0,,,,,
𱬻,11,0,0,,,0,,,,,
𱬼,11,0,0,,,0,,,,,
𱬽,11,0,0,,,0,,,,,
𱬾,11,0,0,,,0,,,,,
𱬿,11,0,0,,,0,,,,,
𱭀,11,0,0,,,0,,,,,
𱭁,11,0,0,,,0,,,,,
𱭂,11,0,0,,,0,,,,,
𱭃,11,0,0,,,0,,,,,
𱭄,11,0,0,,,0,,,,,
𱭅,11,0,0,,,0,,,,,
𱭆,11,0,0,,,0,,,,,
𱭇,11,0,0,,,0,,,,,
𱭈,11,0,0,,,0,,,,,
𱭉,11,0,0,,,0,,,,,
𱭊,11,0,0,,,0,,,,,
𱭋,11,0,0,,,0,,,,,
𱭌,11,0,0,,,0,,,,,
𱭍,11,0,0,,,0,,,,,
𱭎,11,0,0,,,0,,,,,
𱭏,11,0,0,,,0,,,,,
𱭐,11,0,0,,,0,,,,,
𱭑,11,0,0,,,0,,,,,
𱭒,11,0,0,,,0,,,,,
𱭓,11,0,0,,,0,,,,,
𱭔,11,0,0,,,0,,,,,
𱭕,11,0,0,,,0,,,,,
𱭖,11,0,0,,,0,,,,,
𱭗,11,0,0,,,0,,,,,
𱭘,11,0,0,,,0,,,,,
𱭙,11,0,0,,,0,,,,,
𱭚,11,0,0,,,0,,,,,
𱭛,11,0,0,,,0,,,,,
𱭜,11,0,0,,,0,,,,,
𱭝,11,0,0,,,0,,,,,
𱭞,11,0,0,,,0,,,,,
𱭟,11,0,0,,,0,,,,,
𱭠,11,0,0,,,0,,,,,
𱭡,11,0,0,,,0,,,,,
𱭢,11,0,0,,,0,,,,,
𱭣,11,0,0,,,0,,,,,
𱭤,11,0,0,,,0,,,,,
𱭥,11,0,0,,,0,,,,,
𱭦,11,0,0,,,0,,,,,
𱭧,11,0,0,,,0,,,,,
𱭨,11,0,0,,,0,,,,,
𱭩,11,0,0,,,0,,,,,
𱭪,11,0,0,,,0,,,,,
𱭫,11,0,0,,,0,,,,,
𱭬,11,0,0,,,0,,,,,
𱭭,11,0,0,,,0,,,,,
𱭮,11,0,0,,,0,,,,,
𱭯,11,0,0,,,0,,,,,
𱭰,11,0,0,,,0,,,,,
𱭱,11,0,0,,,0,,,,,
𱭲,11,0,0,,,0,,,,,
𱭳,11,0,0,,,0,,,,,
𱭴,11,0,0,,,0,,,,,
𱭵,11,0,0,,,0,,,,,
𱭶,11,0,0,,,0,,,,,
𱭷,11,0,0,,,0,,,,,
𱭸,11,0,0,,,0,,,,,
𱭹,11,0,0,,,0,,,,,
𱭺,11,0,0,,,0,,,,,
𱭻,11,0,0,,,0,,,,,
𱭼,11,0,0,,,0,,,,,
𱭽,11,0,0,,,0,,,,,
𱭾,11,0,0,,,0,,,,,
𱭿,11,0,0,,,0,,,,,
𱮀,11,0,0,,,0,,,,,
𱮁,11,0,0,,,0,,,,,
𱮂,11,0,0,,,0,,,,,
𱮃,11,0,0,,,0,,,,,
𱮄,11,0,0,,,0,,,,,
𱮅,11,0,0,,,0,,,,,
𱮆,11,0,0,,,0,,,,,
𱮇,11,0,0,,,0,,,,,
𱮈,11,0,0,,,0,,,,,
𱮉,11,0,0,,,0,,,,,
𱮊,11,0,0,,,0,,,,,
𱮋,11,0,0,,,0,,,,,
𱮌,11,0,0,,,0,,,,,
𱮍,11,0,0,,,0,,,,,
𱮎,11,0,0,,,0,,,,,
𱮏,11,0,0,,,0,,,,,
𱮐,11,0,0,,,0,,,,,
𱮑,11,0,0,,,0,,,,,
𱮒,11,0,0,,,0,,,,,
𱮓,11,0,0,,,0,,,,,
𱮔,11,0,0,,,0,,,,,
𱮕,11,0,0,,,0,,,,,
𱮖,11,0,0,,,0,,,,,
𱮗,11,0,0,,,0,,,,,
𱮘,11,0,0,,,0,,,,,
𱮙,11,0,0,,,0,,,,,
𱮚,11,0,0,,,0,,,,,
𱮛,11,0,0,,,0,,,,,
𱮜,11,0,0,,,0,,,,,
𱮝,11,0,0,,,0,,,,,
𱮞,11,0,0,,,0,,,,,
𱮟,11,0,0,,,0,,,,,
𱮠,11,0,0,,,0,,,,,
𱮡,11,0,0,,,0,,,,,
𱮢,11,0,0,,,0,,,,,
𱮣,11,0,0,,,0,,,,,
𱮤,11,0,0,,,0,,,,,
𱮥,11,0,0,,,0,,,,,
𱮦,11,0,0,,,0,,,,,
𱮧,11,0,0,,,0,,,,,
𱮨,11,0,0,,,0,,,,,
𱮩,11,0,0,,,0,,,,,
𱮪,11,0,0,,,0,,,,,
𱮫,11,0,0,,,0,,,,,
𱮬,11,0,0,,,0,,,,,
𱮭,11,0,0,,,0,,,,,
𱮮,11,0,0,,,0,,,,,
𱮯,11,0,0,,,0,,,,,
𱮰,11,0,0,,,0,,,,,
𱮱,11,0,0,,,0,,,,,
𱮲,11,0,0,,,0,,,,,
𱮳,11,0,0,,,0,,,,,
𱮴,11,0,0,,,0,,,,,
𱮵,11,0,0,,,0,,,,,
𱮶,11,0,0,,,0,,,,,
𱮷,11,0,0,,,0,,,,,
𱮸,11,0,0,,,0,,,,,
𱮹,11,0,0,,,0,,,,,
𱮺,11,0,0,,,0,,,,,
𱮻,11,0,0,,,0,,,,,
𱮼,11,0,0,,,0,,,,,
𱮽,11,0,0,,,0,,,,,
𱮾,11,0,0,,,0,,,,,
𱮿,11,0,0,,,0,,,,,
𱯀,11,0,0,,,0,,,,,
𱯁,11,0,0,,,0,,,,,
𱯂,11,0,0,,,0,,,,,
𱯃,11,0,0,,,0,,,,,
𱯄,11,0,0,,,0,,,,,
𱯅,11,0,0,,,0,,,,,
𱯆,11,0,0,,,0,,,,,
𱯇,11,0,0,,,0,,,,,
𱯈,11,0,0,,,0,,,,,
𱯉,11,0,0,,,0,,,,,
𱯊,11,0,0,,,0,,,,,
𱯋,11,0,0,,,0,,,,,
𱯌,11,0,0,,,0,,,,,
𱯍,11,0,0,,,0,,,,,
𱯎,11,0,0,,,0,,,,,
𱯏,11,0,0,,,0,,,,,
𱯐,11,0,0,,,0,,,,,
𱯑,11,0,0,,,0,,,,,
𱯒,11,0,0,,,0,,,,,
𱯓,11,0,0,,,0,,,,,
𱯔,11,0,0,,,0,,,,,
𱯕,11,0,0,,,0,,,,,
𱯖,11,0,0,,,0,,,,,
𱯗,11,0,0,,,0,,,,,
𱯘,11,0,0,,,0,,,,,
𱯙,11,0,0,,,0,,,,,
𱯚,11,0,0,,,0,,,,,
𱯛,11,0,0,,,0,,,,,
𱯜,11,0,0,,,0,,,,,
𱯝,11,0,0,,,0,,,,,
𱯞,11,0,0,,,0,,,,,
𱯟,11,0,0,,,0,,,,,
𱯠,11,0,0,,,0,,,,,
𱯡,11,0,0,,,0,,,,,
𱯢,11,0,0,,,0,,,,,
𱯣,11,0,0,,,0,,,,,
𱯤,11,0,0,,,0,,,,,
𱯥,11,0,0,,,0,,,,,
𱯦,11,0,0,,,0,,,,,
𱯧,11,0,0,,,0,,,,,
𱯨,11,0,0,,,0,,,,,
𱯩,11,0,0,,,0,,,,,
𱯪,11,0,0,,,0,,,,,
𱯫,11,0,0,,,0,,,,,
𱯬,11,0,0,,,0,,,,,
𱯭,11,0,0,,,0,,,,,
𱯮,11,0,0,,,0,,,,,
𱯯,11,0,0,,,0,,,,,
𱯰,11,0,0,,,0,,,,,
𱯱,11,0,0,,,0,,,,,
𱯲,11,0,0,,,0,,,,,
𱯳,11,0,0,,,0,,,,,
𱯴,11,0,0,,,0,,,,,
𱯵,11,0,0,,,0,,,,,
𱯶,11,0,0,,,0,,,,,
𱯷,11,0,0,,,0,,,,,
𱯸,11,0,0,,,0,,,,,
𱯹,11,0,0,,,0,,,,,
𱯺,11,0,0,,,0,,,,,
𱯻,11,0,0,,,0,,,,,
𱯼,11,0,0,,,0,,,,,
𱯽,11,0,0,,,0,,,,,
𱯾,11,0,0,,,0,,,,,
𱯿,11,0,0,,,0,,,,,
𱰀,11,0,0,,,0,,,,,
𱰁,11,0,0,,,0,,,,,
𱰂,11,0,0,,,0,,,,,
𱰃,11,0,0,,,0,,,,,
𱰄,11,0,0,,,0,,,,,
𱰅,11,0,0,,,0,,,,,
𱰆,11,0,0,,,0,,,,,
𱰇,11,0,0,,,0,,,,,
𱰈,11,0,0,,,0,,,,,
𱰉,11,0,0,,,0,,,,,
𱰊,11,0,0,,,0,,,,,
𱰋,11,0,0,,,0,,,,,
𱰌,11,0,0,,,0,,,,,
𱰍,11,0,0,,,0,,,,,
𱰎,11,0,0,,,0,,,,,
𱰏,11,0,0,,,0,,,,,
𱰐,11,0,0,,,0,,,,,
𱰑,11,0,0,,,0,,,,,
𱰒,11,0,0,,,0,,,,,
𱰓,11,0,0,,,0,,,,,
𱰔,11,0,0,,,0,,,,,
𱰕,11,0,0,,,0,,,,,
𱰖,11,0,0,,,0,,,,,
𱰗,11,0,0,,,0,,,,,
𱰘,11,0,0,,,0,,,,,
𱰙,11,0,0,,,0,,,,,
𱰚,11,0,0,,,0,,,,,
𱰛,11,0,0,,,0,,,,,
𱰜,11,0,0,,,0,,,,,
𱰝,11,0,0,,,0,,,,,
𱰞,11,0,0,,,0,,,,,
𱰟,11,0,0,,,0,,,,,
𱰠,11,0,0,,,0,,,,,
𱰡,11,0,0,,,0,,,,,
𱰢,11,0,0,,,0,,,,,
𱰣,11,0,0,,,0,,,,,
𱰤,11,0,0,,,0,,,,,
𱰥,11,0,0,,,0,,,,,
𱰦,11,0,0,,,0,,,,,
𱰧,11,0,0,,,0,,,,,
𱰨,11,0,0,,,0,,,,,
𱰩,11,0,0,,,0,,,,,
𱰪,11,0,0,,,0,,,,,
𱰫,11,0,0,,,0,,,,,
𱰬,11,0,0,,,0,,,,,
𱰭,11,0,0,,,0,,,,,
𱰮,11,0,0,,,0,,,,,
𱰯,11,0,0,,,0,,,,,
𱰰,11,0,0,,,0,,,,,
𱰱,11,0,0,,,0,,,,,
𱰲,11,0,0,,,0,,,,,
𱰳,11,0,0,,,0,,,,,
𱰴,11,0,0,,,0,,,,,
𱰵,11,0,0,,,0,,,,,
𱰶,11,0,0,,,0,,,,,
𱰷,11,0,0,,,0,,,,,
𱰸,11,0,0,,,0,,,,,
𱰹,11,0,0,,,0,,,,,
𱰺,11,0,0,,,0,,,,,
𱰻,11,0,0,,,0,,,,,
𱰼,11,0,0,,,0,,,,,
𱰽,11,0,0,,,0,,,,,
𱰾,11,0,0,,,0,,,,,
𱰿,11,0,0,,,0,,,,,
𱱀,11,0,0,,,0,,,,,
𱱁,11,0,0,,,0,,,,,
𱱂,11,0,0,,,0,,,,,
𱱃,11,0,0,,,0,,,,,
𱱄,11,0,0,,,0,,,,,
𱱅,11,0,0,,,0,,,,,
𱱆,11,0,0,,,0,,,,,
𱱇,11,0,0,,,0,,,,,
𱱈,11,0,0,,,0,,,,,
𱱉,11,0,0,,,0,,,,,
𱱊,11,0,0,,,0,,,,,
𱱋,11,0,0,,,0,,,,,
𱱌,11,0,0,,,0,,,,,
𱱍,11,0,0,,,0,,,,,
𱱎,11,0,0,,,0,,,,,
𱱏,11,0,0,,,0,,,,,
𱱐,11,0,0,,,0,,,,,
𱱑,11,0,0,,,0,,,,,
𱱒,11,0,0,,,0,,,,,
𱱓,11,0,0,,,0,,,,,
𱱔,11,0,0,,,0,,,,,
𱱕,11,0,0,,,0,,,,,
𱱖,11,0,0,,,0,,,,,
𱱗,11,0,0,,,0,,,,,
𱱘,11,0,0,,,0,,,,,
𱱙,11,0,0,,,0,,,,,
𱱚,11,0,0,,,0,,,,,
𱱛,11,0,0,,,0,,,,,
𱱜,11,0,0,,,0,,,,,
𱱝,11,0,0,,,0,,,,,
𱱞,11,0,0,,,0,,,,,
𱱟,11,0,0,,,0,,,,,
𱱠,11,0,0,,,0,,,,,
𱱡,11,0,0,,,0,,,,,
𱱢,11,0,0,,,0,,,,,
𱱣,11,0,0,,,0,,,,,
𱱤,11,0,0,,,0,,,,,
𱱥,11,0,0,,,0,,,,,
𱱦,11,0,0,,,0,,,,,
𱱧,11,0,0,,,0,,,,,
𱱨,11,0,0,,,0,,,,,
𱱩,11,0,0,,,0,,,,,
𱱪,11,0,0,,,0,,,,,
𱱫,11,0,0,,,0,,,,,
𱱬,11,0,0,,,0,,,,,
𱱭,11,0,0,,,0,,,,,
𱱮,11,0,0,,,0,,,,,
𱱯,11,0,0,,,0,,,,,
𱱰,11,0,0,,,0,,,,,
𱱱,11,0,0,,,0,,,,,
𱱲,11,0,0,,,0,,,,,
𱱳,11,0,0,,,0,,,,,
𱱴,11,0,0,,,0,,,,,
𱱵,11,0,0,,,0,,,,,
𱱶,11,0,0,,,0,,,,,
𱱷,11,0,0,,,0,,,,,
𱱸,11,0,0,,,0,,,,,
𱱹,11,0,0,,,0,,,,,
𱱺,11,0,0,,,0,,,,,
𱱻,11,0,0,,,0,,,,,
𱱼,11,0,0,,,0,,,,,
𱱽,11,0,0,,,0,,,,,
𱱾,11,0,0,,,0,,,,,
𱱿,11,0,0,,,0,,,,,
𱲀,11,0,0,,,0,,,,,
𱲁,11,0,0,,,0,,,,,
𱲂,11,0,0,,,0,,,,,
𱲃,11,0,0,,,0,,,,,
𱲄,11,0,0,,,0,,,,,
𱲅,11,0,0,,,0,,,,,
𱲆,11,0,0,,,0,,,,,
𱲇,11,0,0,,,0,,,,,
𱲈,11,0,0,,,0,,,,,
𱲉,11,0,0,,,0,,,,,
𱲊,11,0,0,,,0,,,,,
𱲋,11,0,0,,,0,,,,,
𱲌,11,0,0,,,0,,,,,
𱲍,11,0,0,,,0,,,,,
𱲎,11,0,0,,,0,,,,,
𱲏,11,0,0,,,0,,,,,
𱲐,11,0,0,,,0,,,,,
𱲑,11,0,0,,,0,,,,,
𱲒,11,0,0,,,0,,,,,
𱲓,11,0,0,,,0,,,,,
𱲔,11,0,0,,,0,,,,,
𱲕,11,0,0,,,0,,,,,
𱲖,11,0,0,,,0,,,,,
𱲗,11,0,0,,,0,,,,,
𱲘,11,0,0,,,0,,,,,
𱲙,11,0,0,,,0,,,,,
𱲚,11,0,0,,,0,,,,,
𱲛,11,0,0,,,0,,,,,
𱲜,11,0,0,,,0,,,,,
𱲝,11,0,0,,,0,,,,,
𱲞,11,0,0,,,0,,,,,
𱲟,11,0,0,,,0,,,,,
𱲠,11,0,0,,,0,,,,,
𱲡,11,0,0,,,0,,,,,
𱲢,11,0,0,,,0,,,,,
𱲣,11,0,0,,,0,,,,,
𱲤,11,0,0,,,0,,,,,
𱲥,11,0,0,,,0,,,,,
𱲦,11,0,0,,,0,,,,,
𱲧,11,0,0,,,0,,,,,
𱲨,11,0,0,,,0,,,,,
𱲩,11,0,0,,,0,,,,,
𱲪,11,0,0,,,0,,,,,
𱲫,11,0,0,,,0,,,,,
𱲬,11,0,0,,,0,,,,,
𱲭,11,0,0,,,0,,,,,
𱲮,11,0,0,,,0,,,,,
𱲯,11,0,0,,,0,,,,,
𱲰,11,0,0,,,0,,,,,
𱲱,11,0,0,,,0,,,,,
𱲲,11,0,0,,,0,,,,,
𱲳,11,0,0,,,0,,,,,
𱲴,11,0,0,,,0,,,,,
𱲵,11,0,0,,,0,,,,,
𱲶,11,0,0,,,0,,,,,
𱲷,11,0,0,,,0,,,,,
𱲸,11,0,0,,,0,,,,,
𱲹,11,0,0,,,0,,,,,
𱲺,11,0,0,,,0,,,,,
𱲻,11,0,0,,,0,,,,,
𱲼,11,0,0,,,0,,,,,
𱲽,11,0,0,,,0,,,,,
𱲾,11,0,0,,,0,,,,,
𱲿,11,0,0,,,0,,,,,
𱳀,11,0,0,,,0,,,,,
𱳁,11,0,0,,,0,,,,,
𱳂,11,0,0,,,0,,,,,
𱳃,11,0,0,,,0,,,,,
𱳄,11,0,0,,,0,,,,,
𱳅,11,0,0,,,0,,,,,
𱳆,11,0,0,,,0,,,,,
𱳇,11,0,0,,,0,,,,,
𱳈,11,0,0,,,0,,,,,
𱳉,11,0,0,,,0,,,,,
𱳊,11,0,0,,,0,,,,,
𱳋,11,0,0,,,0,,,,,
𱳌,11,0,0,,,0,,,,,
𱳍,11,0,0,,,0,,,,,
𱳎,11,0,0,,,0,,,,,
𱳏,11,0,0,,,0,,,,,
𱳐,11,0,0,,,0,,,,,
𱳑,11,0,0,,,0,,,,,
𱳒,11,0,0,,,0,,,,,
𱳓,11,0,0,,,0,,,,,
𱳔,11,0,0,,,0,,,,,
𱳕,11,0,0,,,0,,,,,
𱳖,11,0,0,,,0,,,,,
𱳗,11,0,0,,,0,,,,,
𱳘,11,0,0,,,0,,,,,
𱳙,11,0,0,,,0,,,,,
𱳚,11,0,0,,,0,,,,,
𱳛,11,0,0,,,0,,,,,
𱳜,11,0,0,,,0,,,,,
𱳝,11,0,0,,,0,,,,,
𱳞,11,0,0,,,0,,,,,
𱳟,11,0,0,,,0,,,,,
𱳠,11,0,0,,,0,,,,,
𱳡,11,0,0,,,0,,,,,
𱳢,11,0,0,,,0,,,,,
𱳣,11,0,0,,,0,,,,,
𱳤,11,0,0,,,0,,,,,
𱳥,11,0,0,,,0,,,,,
𱳦,11,0,0,,,0,,,,,
𱳧,11,0,0,,,0,,,,,
𱳨,11,0,0,,,0,,,,,
𱳩,11,0,0,,,0,,,,,
𱳪,11,0,0,,,0,,,,,
𱳫,11,0,0,,,0,,,,,
𱳬,11,0,0,,,0,,,,,
𱳭,11,0,0,,,0,,,,,
𱳮,11,0,0,,,0,,,,,
𱳯,11,0,0,,,0,,,,,
𱳰,11,0,0,,,0,,,,,
𱳱,11,0,0,,,0,,,,,
𱳲,11,0,0,,,0,,,,,
𱳳,11,0,0,,,0,,,,,
𱳴,11,0,0,,,0,,,,,
𱳵,11,0,0,,,0,,,,,
𱳶,11,0,0,,,0,,,,,
𱳷,11,0,0,,,0,,,,,
𱳸,11,0,0,,,0,,,,,
𱳹,11,0,0,,,0,,,,,
𱳺,11,0,0,,,0,,,,,
𱳻,11,0,0,,,0,,,,,
𱳼,11,0,0,,,0,,,,,
𱳽,11,0,0,,,0,,,,,
𱳾,11,0,0,,,0,,,,,
𱳿,11,0,0,,,0,,,,,
𱴀,11,0,0,,,0,,,,,
𱴁,11,0,0,,,0,,,,,
𱴂,11,0,0,,,0,,,,,
𱴃,11,0,0,,,0,,,,,
𱴄,11,0,0,,,0,,,,,
𱴅,11,0,0,,,0,,,,,
𱴆,11,0,0,,,0,,,,,
𱴇,11,0,0,,,0,,,,,
𱴈,11,0,0,,,0,,,,,
𱴉,11,0,0,,,0,,,,,
𱴊,11,0,0,,,0,,,,,
𱴋,11,0,0,,,0,,,,,
𱴌,11,0,0,,,0,,,,,
𱴍,11,0,0,,,0,,,,,
𱴎,11,0,0,,,0,,,,,
𱴏,11,0,0,,,0,,,,,
𱴐,11,0,0,,,0,,,,,
𱴑,11,0,0,,,0,,,,,
𱴒,11,0,0,,,0,,,,,
𱴓,11,0,0,,,0,,,,,
𱴔,11,0,0,,,0,,,,,
𱴕,11,0,0,,,0,,,,,
𱴖,11,0,0,,,0,,,,,
𱴗,11,0,0,,,0,,,,,
𱴘,11,0,0,,,0,,,,,
𱴙,11,0,0,,,0,,,,,
𱴚,11,0,0,,,0,,,,,
𱴛,11,0,0,,,0,,,,,
𱴜,11,0,0,,,0,,,,,
𱴝,11,0,0,,,0,,,,,
𱴞,11,0,0,,,0,,,,,
𱴟,11,0,0,,,0,,,,,
𱴠,11,0,0,,,0,,,,,
𱴡,11,0,0,,,0,,,,,
𱴢,11,0,0,,,0,,,,,
𱴣,11,0,0,,,0,,,,,
𱴤,11,0,0,,,0,,,,,
𱴥,11,0,0,,,0,,,,,
𱴦,11,0,0,,,0,,,,,
𱴧,11,0,0,,,0,,,,,
𱴨,11,0,0,,,0,,,,,
𱴩,11,0,0,,,0,,,,,
𱴪,11,0,0,,,0,,,,,
𱴫,11,0,0,,,0,,,,,
𱴬,11,0,0,,,0,,,,,
𱴭,11,0,0,,,0,,,,,
𱴮,11,0,0,,,0,,,,,
𱴯,11,0,0,,,0,,,,,
𱴰,11,0,0,,,0,,,,,
𱴱,11,0,0,,,0,,,,,
𱴲,11,0,0,,,0,,,,,
𱴳,11,0,0,,,0,,,,,
𱴴,11,0,0,,,0,,,,,
𱴵,11,0,0,,,0,,,,,
𱴶,11,0,0,,,0,,,,,
𱴷,11,0,0,,,0,,,,,
𱴸,11,0,0,,,0,,,,,
𱴹,11,0,0,,,0,,,,,
𱴺,11,0,0,,,0,,,,,
𱴻,11,0,0,,,0,,,,,
𱴼,11,0,0,,,0,,,,,
𱴽,11,0,0,,,0,,,,,
𱴾,11,0,0,,,0,,,,,
𱴿,11,0,0,,,0,,,,,
𱵀,11,0,0,,,0,,,,,
𱵁,11,0,0,,,0,,,,,
𱵂,11,0,0,,,0,,,,,
𱵃,11,0,0,,,0,,,,,
𱵄,11,0,0,,,0,,,,,
𱵅,11,0,0,,,0,,,,,
𱵆,11,0,0,,,0,,,,,
𱵇,11,0,0,,,0,,,,,
𱵈,11,0,0,,,0,,,,,
𱵉,11,0,0,,,0,,,,,
𱵊,11,0,0,,,0,,,,,
𱵋,11,0,0,,,0,,,,,
𱵌,11,0,0,,,0,,,,,
𱵍,11,0,0,,,0,,,,,
𱵎,11,0,0,,,0,,,,,
𱵏,11,0,0,,,0,,,,,
𱵐,11,0,0,,,0,,,,,
𱵑,11,0,0,,,0,,,,,
𱵒,11,0,0,,,0,,,,,
𱵓,11,0,0,,,0,,,,,
𱵔,11,0,0,,,0,,,,,
𱵕,11,0,0,,,0,,,,,
𱵖,11,0,0,,,0,,,,,
𱵗,11,0,0,,,0,,,,,
𱵘,11,0,0,,,0,,,,,
𱵙,11,0,0,,,0,,,,,
𱵚,11,0,0,,,0,,,,,
𱵛,11,0,0,,,0,,,,,
𱵜,11,0,0,,,0,,,,,
𱵝,11,0,0,,,0,,,,,
𱵞,11,0,0,,,0,,,,,
𱵟,11,0,0,,,0,,,,,
𱵠,11,0,0,,,0,,,,,
𱵡,11,0,0,,,0,,,,,
𱵢,11,0,0,,,0,,,,,
𱵣,11,0,0,,,0,,,,,
𱵤,11,0,0,,,0,,,,,
𱵥,11,0,0,,,0,,,,,
𱵦,11,0,0,,,0,,,,,
𱵧,11,0,0,,,0,,,,,
𱵨,11,0,0,,,0,,,,,
𱵩,11,0,0,,,0,,,,,
𱵪,11,0,0,,,0,,,,,
𱵫,11,0,0,,,0,,,,,
𱵬,11,0,0,,,0,,,,,
𱵭,11,0,0,,,0,,,,,
𱵮,11,0,0,,,0,,,,,
𱵯,11,0,0,,,0,,,,,
𱵰,11,0,0,,,0,,,,,
𱵱,11,0,0,,,0,,,,,
𱵲,11,0,0,,,0,,,,,
𱵳,11,0,0,,,0,,,,,
𱵴,11,0,0,,,0,,,,,
𱵵,11,0,0,,,0,,,,,
𱵶,11,0,0,,,0,,,,,
𱵷,11,0,0,,,0,,,,,
𱵸,11,0,0,,,0,,,,,
𱵹,11,0,0,,,0,,,,,
𱵺,11,0,0,,,0,,,,,
𱵻,11,0,0,,,0,,,,,
𱵼,11,0,0,,,0,,,,,
𱵽,11,0,0,,,0,,,,,
𱵾,11,0,0,,,0,,,,,
𱵿,11,0,0,,,0,,,,,
𱶀,11,0,0,,,0,,,,,
𱶁,11,0,0,,,0,,,,,
𱶂,11,0,0,,,0,,,,,
𱶃,11,0,0,,,0,,,,,
𱶄,11,0,0,,,0,,,,,
𱶅,11,0,0,,,0,,,,,
𱶆,11,0,0,,,0,,,,,
𱶇,11,0,0,,,0,,,,,
𱶈,11,0,0,,,0,,,,,
𱶉,11,0,0,,,0,,,,,
𱶊,11,0,0,,,0,,,,,
𱶋,11,0,0,,,0,,,,,
𱶌,11,0,0,,,0,,,,,
𱶍,11,0,0,,,0,,,,,
𱶎,11,0,0,,,0,,,,,
𱶏,11,0,0,,,0,,,,,
𱶐,11,0,0,,,0,,,,,
𱶑,11,0,0,,,0,,,,,
𱶒,11,0,0,,,0,,,,,
𱶓,11,0,0,,,0,,,,,
𱶔,11,0,0,,,0,,,,,
𱶕,11,0,0,,,0,,,,,
𱶖,11,0,0,,,0,,,,,
𱶗,11,0,0,,,0,,,,,
𱶘,11,0,0,,,0,,,,,
𱶙,11,0,0,,,0,,,,,
𱶚,11,0,0,,,0,,,,,
𱶛,11,0,0,,,0,,,,,
𱶜,11,0,0,,,0,,,,,
𱶝,11,0,0,,,0,,,,,
𱶞,11,0,0,,,0,,,,,
𱶟,11,0,0,,,0,,,,,
𱶠,11,0,0,,,0,,,,,
𱶡,11,0,0,,,0,,,,,
𱶢,11,0,0,,,0,,,,,
𱶣,11,0,0,,,0,,,,,
𱶤,11,0,0,,,0,,,,,
𱶥,11,0,0,,,0,,,,,
𱶦,11,0,0,,,0,,,,,
𱶧,11,0,0,,,0,,,,,
𱶨,11,0,0,,,0,,,,,
𱶩,11,0,0,,,0,,,,,
𱶪,11,0,0,,,0,,,,,
𱶫,11,0,0,,,0,,,,,
𱶬,11,0,0,,,0,,,,,
𱶭,11,0,0,,,0,,,,,
𱶮,11,0,0,,,0,,,,,
𱶯,11,0,0,,,0,,,,,
𱶰,11,0,0,,,0,,,,,
𱶱,11,0,0,,,0,,,,,
𱶲,11,0,0,,,0,,,,,
𱶳,11,0,0,,,0,,,,,
𱶴,11,0,0,,,0,,,,,
𱶵,11,0,0,,,0,,,,,
𱶶,11,0,0,,,0,,,,,
𱶷,11,0,0,,,0,,,,,
𱶸,11,0,0,,,0,,,,,
𱶹,11,0,0,,,0,,,,,
𱶺,11,0,0,,,0,,,,,
𱶻,11,0,0,,,0,,,,,
𱶼,11,0,0,,,0,,,,,
𱶽,11,0,0,,,0,,,,,
𱶾,11,0,0,,,0,,,,,
𱶿,11,0,0,,,0,,,,,
𱷀,11,0,0,,,0,,,,,
𱷁,11,0,0,,,0,,,,,
𱷂,11,0,0,,,0,,,,,
𱷃,11,0,0,,,0,,,,,
𱷄,11,0,0,,,0,,,,,
𱷅,11,0,0,,,0,,,,,
𱷆,11,0,0,,,0,,,,,
𱷇,11,0,0,,,0,,,,,
𱷈,11,0,0,,,0,,,,,
𱷉,11,0,0,,,0,,,,,
𱷊,11,0,0,,,0,,,,,
𱷋,11,0,0,,,0,,,,,
𱷌,11,0,0,,,0,,,,,
𱷍,11,0,0,,,0,,,,,
𱷎,11,0,0,,,0,,,,,
𱷏,11,0,0,,,0,,,,,
𱷐,11,0,0,,,0,,,,,
𱷑,11,0,0,,,0,,,,,
𱷒,11,0,0,,,0,,,,,
𱷓,11,0,0,,,0,,,,,
𱷔,11,0,0,,,0,,,,,
𱷕,11,0,0,,,0,,,,,
𱷖,11,0,0,,,0,,,,,
𱷗,11,0,0,,,0,,,,,
𱷘,11,0,0,,,0,,,,,
𱷙,11,0,0,,,0,,,,,
𱷚,11,0,0,,,0,,,,,
𱷛,11,0,0,,,0,,,,,
𱷜,11,0,0,,,0,,,,,
𱷝,11,0,0,,,0,,,,,
𱷞,11,0,0,,,0,,,,,
𱷟,11,0,0,,,0,,,,,
𱷠,11,0,0,,,0,,,,,
𱷡,11,0,0,,,0,,,,,
𱷢,11,0,0,,,0,,,,,
𱷣,11,0,0,,,0,,,,,
𱷤,11,0,0,,,0,,,,,
𱷥,11,0,0,,,0,,,,,
𱷦,11,0,0,,,0,,,,,
𱷧,11,0,0,,,0,,,,,
𱷨,11,0,0,,,0,,,,,
𱷩,11,0,0,,,0,,,,,
𱷪,11,0,0,,,0,,,,,
𱷫,11,0,0,,,0,,,,,
𱷬,11,0,0,,,0,,,,,
𱷭,11,0,0,,,0,,,,,
𱷮,11,0,0,,,0,,,,,
𱷯,11,0,0,,,0,,,,,
𱷰,11,0,0,,,0,,,,,
𱷱,11,0,0,,,0,,,,,
𱷲,11,0,0,,,0,,,,,
𱷳,11,0,0,,,0,,,,,
𱷴,11,0,0,,,0,,,,,
𱷵,11,0,0,,,0,,,,,
𱷶,11,0,0,,,0,,,,,
𱷷,11,0,0,,,0,,,,,
𱷸,11,0,0,,,0,,,,,
𱷹,11,0,0,,,0,,,,,
𱷺,11,0,0,,,0,,,,,
𱷻,11,0,0,,,0,,,,,
𱷼,11,0,0,,,0,,,,,
𱷽,11,0,0,,,0,,,,,
𱷾,11,0,0,,,0,,,,,
𱷿,11,0,0,,,0,,,,,
𱸀,11,0,0,,,0,,,,,
𱸁,11,0,0,,,0,,,,,
𱸂,11,0,0,,,0,,,,,
𱸃,11,0,0,,,0,,,,,
𱸄,11,0,0,,,0,,,,,
𱸅,11,0,0,,,0,,,,,
𱸆,11,0,0,,,0,,,,,
𱸇,11,0,0,,,0,,,,,
𱸈,11,0,0,,,0,,,,,
𱸉,11,0,0,,,0,,,,,
𱸊,11,0,0,,,0,,,,,
𱸋,11,0,0,,,0,,,,,
𱸌,11,0,0,,,0,,,,,
𱸍,11,0,0,,,0,,,,,
𱸎,11,0,0,,,0,,,,,
𱸏,11,0,0,,,0,,,,,
𱸐,11,0,0,,,0,,,,,
𱸑,11,0,0,,,0,,,,,
𱸒,11,0,0,,,0,,,,,
𱸓,11,0,0,,,0,,,,,
𱸔,11,0,0,,,0,,,,,
𱸕,11,0,0,,,0,,,,,
𱸖,11,0,0,,,0,,,,,
𱸗,11,0,0,,,0,,,,,
𱸘,11,0,0,,,0,,,,,
𱸙,11,0,0,,,0,,,,,
𱸚,11,0,0,,,0,,,,,
𱸛,11,0,0,,,0,,,,,
𱸜,11,0,0,,,0,,,,,
𱸝,11,0,0,,,0,,,,,
𱸞,11,0,0,,,0,,,,,
𱸟,11,0,0,,,0,,,,,
𱸠,11,0,0,,,0,,,,,
𱸡,11,0,0,,,0,,,,,
𱸢,11,0,0,,,0,,,,,
𱸣,11,0,0,,,0,,,,,
𱸤,11,0,0,,,0,,,,,
𱸥,11,0,0,,,0,,,,,
𱸦,11,0,0,,,0,,,,,
𱸧,11,0,0,,,0,,,,,
𱸨,11,0,0,,,0,,,,,
𱸩,11,0,0,,,0,,,,,
𱸪,11,0,0,,,0,,,,,
𱸫,11,0,0,,,0,,,,,
𱸬,11,0,0,,,0,,,,,
𱸭,11,0,0,,,0,,,,,
𱸮,11,0,0,,,0,,,,,
𱸯,11,0,0,,,0,,,,,
𱸰,11,0,0,,,0,,,,,
𱸱,11,0,0,,,0,,,,,
𱸲,11,0,0,,,0,,,,,
𱸳,11,0,0,,,0,,,,,
𱸴,11,0,0,,,0,,,,,
𱸵,11,0,0,,,0,,,,,
𱸶,11,0,0,,,0,,,,,
𱸷,11,0,0,,,0,,,,,
𱸸,11,0,0,,,0,,,,,
𱸹,11,0,0,,,0,,,,,
𱸺,11,0,0,,,0,,,,,
𱸻,11,0,0,,,0,,,,,
𱸼,11,0,0,,,0,,,,,
𱸽,11,0,0,,,0,,,,,
𱸾,11,0,0,,,0,,,,,
𱸿,11,0,0,,,0,,,,,
𱹀,11,0,0,,,0,,,,,
𱹁,11,0,0,,,0,,,,,
𱹂,11,0,0,,,0,,,,,
𱹃,11,0,0,,,0,,,,,
𱹄,11,0,0,,,0,,,,,
𱹅,11,0,0,,,0,,,,,
𱹆,11,0,0,,,0,,,,,
𱹇,11,0,0,,,0,,,,,
𱹈,11,0,0,,,0,,,,,
𱹉,11,0,0,,,0,,,,,
𱹊,11,0,0,,,0,,,,,
𱹋,11,0,0,,,0,,,,,
𱹌,11,0,0,,,0,,,,,
𱹍,11,0,0,,,0,,,,,
𱹎,11,0,0,,,0,,,,,
𱹏,11,0,0,,,0,,,,,
𱹐,11,0,0,,,0,,,,,
𱹑,11,0,0,,,0,,,,,
𱹒,11,0,0,,,0,,,,,
𱹓,11,0,0,,,0,,,,,
𱹔,11,0,0,,,0,,,,,
𱹕,11,0,0,,,0,,,,,
𱹖,11,0,0,,,0,,,,,
𱹗,11,0,0,,,0,,,,,
𱹘,11,0,0,,,0,,,,,
𱹙,11,0,0,,,0,,,,,
𱹚,11,0,0,,,0,,,,,
𱹛,11,0,0,,,0,,,,,
𱹜,11,0,0,,,0,,,,,
𱹝,11,0,0,,,0,,,,,
𱹞,11,0,0,,,0,,,,,
𱹟,11,0,0,,,0,,,,,
𱹠,11,0,0,,,0,,,,,
𱹡,11,0,0,,,0,,,,,
𱹢,11,0,0,,,0,,,,,
𱹣,11,0,0,,,0,,,,,
𱹤,11,0,0,,,0,,,,,
𱹥,11,0,0,,,0,,,,,
𱹦,11,0,0,,,0,,,,,
𱹧,11,0,0,,,0,,,,,
𱹨,11,0,0,,,0,,,,,
𱹩,11,0,0,,,0,,,,,
𱹪,11,0,0,,,0,,,,,
𱹫,11,0,0,,,0,,,,,
𱹬,11,0,0,,,0,,,,,
𱹭,11,0,0,,,0,,,,,
𱹮,11,0,0,,,0,,,,,
𱹯,11,0,0,,,0,,,,,
𱹰,11,0,0,,,0,,,,,
𱹱,11,0,0,,,0,,,,,
𱹲,11,0,0,,,0,,,,,
𱹳,11,0,0,,,0,,,,,
𱹴,11,0,0,,,0,,,,,
𱹵,11,0,0,,,0,,,,,
𱹶,11,0,0,,,0,,,,,
𱹷,11,0,0,,,0,,,,,
𱹸,11,0,0,,,0,,,,,
𱹹,11,0,0,,,0,,,,,
𱹺,11,0,0,,,0,,,,,
𱹻,11,0,0,,,0,,,,,
𱹼,11,0,0,,,0,,,,,
𱹽,11,0,0,,,0,,,,,
𱹾,11,0,0,,,0,,,,,
𱹿,11,0,0,,,0,,,,,
𱺀,11,0,0,,,0,,,,,
𱺁,11,0,0,,,0,,,,,
𱺂,11,0,0,,,0,,,,,
𱺃,11,0,0,,,0,,,,,
𱺄,11,0,0,,,0,,,,,
𱺅,11,0,0,,,0,,,,,
𱺆,11,0,0,,,0,,,,,
𱺇,11,0,0,,,0,,,,,
𱺈,11,0,0,,,0,,,,,
𱺉,11,0,0,,,0,,,,,
𱺊,11,0,0,,,0,,,,,
𱺋,11,0,0,,,0,,,,,
𱺌,11,0,0,,,0,,,,,
𱺍,11,0,0,,,0,,,,,
𱺎,11,0,0,,,0,,,,,
𱺏,11,0,0,,,0,,,,,
𱺐,11,0,0,,,0,,,,,
𱺑,11,0,0,,,0,,,,,
𱺒,11,0,0,,,0,,,,,
𱺓,11,0,0,,,0,,,,,
𱺔,11,0,0,,,0,,,,,
𱺕,11,0,0,,,0,,,,,
𱺖,11,0,0,,,0,,,,,
𱺗,11,0,0,,,0,,,,,
𱺘,11,0,0,,,0,,,,,
𱺙,11,0,0,,,0,,,,,
𱺚,11,0,0,,,0,,,,,
𱺛,11,0,0,,,0,,,,,
𱺜,11,0,0,,,0,,,,,
𱺝,11,0,0,,,0,,,,,
𱺞,11,0,0,,,0,,,,,
𱺟,11,0,0,,,0,,,,,
𱺠,11,0,0,,,0,,,,,
𱺡,11,0,0,,,0,,,,,
𱺢,11,0,0,,,0,,,,,
𱺣,11,0,0,,,0,,,,,
𱺤,11,0,0,,,0,,,,,
𱺥,11,0,0,,,0,,,,,
𱺦,11,0,0,,,0,,,,,
𱺧,11,0,0,,,0,,,,,
𱺨,11,0,0,,,0,,,,,
𱺩,11,0,0,,,0,,,,,
𱺪,11,0,0,,,0,,,,,
𱺫,11,0,0,,,0,,,,,
𱺬,11,0,0,,,0,,,,,
𱺭,11,0,0,,,0,,,,,
𱺮,11,0,0,,,0,,,,,
𱺯,11,0,0,,,0,,,,,
𱺰,11,0,0,,,0,,,,,
𱺱,11,0,0,,,0,,,,,
𱺲,11,0,0,,,0,,,,,
𱺳,11,0,0,,,0,,,,,
𱺴,11,0,0,,,0,,,,,
𱺵,11,0,0,,,0,,,,,
𱺶,11,0,0,,,0,,,,,
𱺷,11,0,0,,,0,,,,,
𱺸,11,0,0,,,0,,,,,
𱺹,11,0,0,,,0,,,,,
𱺺,11,0,0,,,0,,,,,
𱺻,11,0,0,,,0,,,,,
𱺼,11,0,0,,,0,,,,,
𱺽,11,0,0,,,0,,,,,
𱺾,11,0,0,,,0,,,,,
𱺿,11,0,0,,,0,,,,,
𱻀,11,0,0,,,0,,,,,
𱻁,11,0,0,,,0,,,,,
𱻂,11,0,0,,,0,,,,,
𱻃,11,0,0,,,0,,,,,
𱻄,11,0,0,,,0,,,,,
𱻅,11,0,0,,,0,,,,,
𱻆,11,0,0,,,0,,,,,
𱻇,11,0,0,,,0,,,,,
𱻈,11,0,0,,,0,,,,,
𱻉,11,0,0,,,0,,,,,
𱻊,11,0,0,,,0,,,,,
𱻋,11,0,0,,,0,,,,,
𱻌,11,0,0,,,0,,,,,
𱻍,11,0,0,,,0,,,,,
𱻎,11,0,0,,,0,,,,,
𱻏,11,0,0,,,0,,,,,
𱻐,11,0,0,,,0,,,,,
𱻑,11,0,0,,,0,,,,,
𱻒,11,0,0,,,0,,,,,
𱻓,11,0,0,,,0,,,,,
𱻔,11,0,0,,,0,,,,,
𱻕,11,0,0,,,0,,,,,
𱻖,11,0,0,,,0,,,,,
𱻗,11,0,0,,,0,,,,,
𱻘,11,0,0,,,0,,,,,
𱻙,11,0,0,,,0,,,,,
𱻚,11,0,0,,,0,,,,,
𱻛,11,0,0,,,0,,,,,
𱻜,11,0,0,,,0,,,,,
𱻝,11,0,0,,,0,,,,,
𱻞,11,0,0,,,0,,,,,
𱻟,11,0,0,,,0,,,,,
𱻠,11,0,0,,,0,,,,,
𱻡,11,0,0,,,0,,,,,
𱻢,11,0,0,,,0,,,,,
𱻣,11,0,0,,,0,,,,,
𱻤,11,0,0,,,0,,,,,
𱻥,11,0,0,,,0,,,,,
𱻦,11,0,0,,,0,,,,,
𱻧,11,0,0,,,0,,,,,
𱻨,11,0,0,,,0,,,,,
𱻩,11,0,0,,,0,,,,,
𱻪,11,0,0,,,0,,,,,
𱻫,11,0,0,,,0,,,,,
𱻬,11,0,0,,,0,,,,,
𱻭,11,0,0,,,0,,,,,
𱻮,11,0,0,,,0,,,,,
𱻯,11,0,0,,,0,,,,,
𱻰,11,0,0,,,0,,,,,
𱻱,11,0,0,,,0,,,,,
𱻲,11,0,0,,,0,,,,,
𱻳,11,0,0,,,0,,,,,
𱻴,11,0,0,,,0,,,,,
𱻵,11,0,0,,,0,,,,,
𱻶,11,0,0,,,0,,,,,
𱻷,11,0,0,,,0,,,,,
𱻸,11,0,0,,,0,,,,,
𱻹,11,0,0,,,0,,,,,
𱻺,11,0,0,,,0,,,,,
𱻻,11,0,0,,,0,,,,,
𱻼,11,0,0,,,0,,,,,
𱻽,11,0,0,,,0,,,,,
𱻾,11,0,0,,,0,,,,,
𱻿,11,0,0,,,0,,,,,
𱼀,11,0,0,,,0,,,,,
𱼁,11,0,0,,,0,,,,,
𱼂,11,0,0,,,0,,,,,
𱼃,11,0,0,,,0,,,,,
𱼄,11,0,0,,,0,,,,,
𱼅,11,0,0,,,0,,,,,
𱼆,11,0,0,,,0,,,,,
𱼇,11,0,0,,,0,,,,,
𱼈,11,0,0,,,0,,,,,
𱼉,11,0,0,,,0,,,,,
𱼊,11,0,0,,,0,,,,,
𱼋,11,0,0,,,0,,,,,
𱼌,11,0,0,,,0,,,,,
𱼍,11,0,0,,,0,,,,,
𱼎,11,0,0,,,0,,,,,
𱼏,11,0,0,,,0,,,,,
𱼐,11,0,0,,,0,,,,,
𱼑,11,0,0,,,0,,,,,
𱼒,11,0,0,,,0,,,,,
𱼓,11,0,0,,,0,,,,,
𱼔,11,0,0,,,0,,,,,
𱼕,11,0,0,,,0,,,,,
𱼖,11,0,0,,,0,,,,,
𱼗,11,0,0,,,0,,,,,
𱼘,11,0,0,,,0,,,,,
𱼙,11,0,0,,,0,,,,,
𱼚,11,0,0,,,0,,,,,
𱼛,11,0,0,,,0,,,,,
𱼜,11,0,0,,,0,,,,,
𱼝,11,0,0,,,0,,,,,
𱼞,11,0,0,,,0,,,,,
𱼟,11,0,0,,,0,,,,,
𱼠,11,0,0,,,0,,,,,
𱼡,11,0,0,,,0,,,,,
𱼢,11,0,0,,,0,,,,,
𱼣,11,0,0,,,0,,,,,
𱼤,11,0,0,,,0,,,,,
𱼥,11,0,0,,,0,,,,,
𱼦,11,0,0,,,0,,,,,
𱼧,11,0,0,,,0,,,,,
𱼨,11,0,0,,,0,,,,,
𱼩,11,0,0,,,0,,,,,
𱼪,11,0,0,,,0,,,,,
𱼫,11,0,0,,,0,,,,,
𱼬,11,0,0,,,0,,,,,
𱼭,11,0,0,,,0,,,,,
𱼮,11,0,0,,,0,,,,,
𱼯,11,0,0,,,0,,,,,
𱼰,11,0,0,,,0,,,,,
𱼱,11,0,0,,,0,,,,,
𱼲,11,0,0,,,0,,,,,
𱼳,11,0,0,,,0,,,,,
𱼴,11,0,0,,,0,,,,,
𱼵,11,0,0,,,0,,,,,
𱼶,11,0,0,,,0,,,,,
𱼷,11,0,0,,,0,,,,,
𱼸,11,0,0,,,0,,,,,
𱼹,11,0,0,,,0,,,,,
𱼺,11,0,0,,,0,,,,,
𱼻,11,0,0,,,0,,,,,
𱼼,11,0,0,,,0,,,,,
𱼽,11,0,0,,,0,,,,,
𱼾,11,0,0,,,0,,,,,
𱼿,11,0,0,,,0,,,,,
𱽀,11,0,0,,,0,,,,,
𱽁,11,0,0,,,0,,,,,
𱽂,11,0,0,,,0,,,,,
𱽃,11,0,0,,,0,,,,,
𱽄,11,0,0,,,0,,,,,
𱽅,11,0,0,,,0,,,,,
𱽆,11,0,0,,,0,,,,,
𱽇,11,0,0,,,0,,,,,
𱽈,11,0,0,,,0,,,,,
𱽉,11,0,0,,,0,,,,,
𱽊,11,0,0,,,0,,,,,
𱽋,11,0,0,,,0,,,,,
𱽌,11,0,0,,,0,,,,,
𱽍,11,0,0,,,0,,,,,
𱽎,11,0,0,,,0,,,,,
𱽏,11,0,0,,,0,,,,,
𱽐,11,0,0,,,0,,,,,
𱽑,11,0,0,,,0,,,,,
𱽒,11,0,0,,,0,,,,,
𱽓,11,0,0,,,0,,,,,
𱽔,11,0,0,,,0,,,,,
𱽕,11,0,0,,,0,,,,,
𱽖,11,0,0,,,0,,,,,
𱽗,11,0,0,,,0,,,,,
𱽘,11,0,0,,,0,,,,,
𱽙,11,0,0,,,0,,,,,
𱽚,11,0,0,,,0,,,,,
𱽛,11,0,0,,,0,,,,,
𱽜,11,0,0,,,0,,,,,
𱽝,11,0,0,,,0,,,,,
𱽞,11,0,0,,,0,,,,,
𱽟,11,0,0,,,0,,,,,
𱽠,11,0,0,,,0,,,,,
𱽡,11,0,0,,,0,,,,,
𱽢,11,0,0,,,0,,,,,
𱽣,11,0,0,,,0,,,,,
𱽤,11,0,0,,,0,,,,,
𱽥,11,0,0,,,0,,,,,
𱽦,11,0,0,,,0,,,,,
𱽧,11,0,0,,,0,,,,,
𱽨,11,0,0,,,0,,,,,
𱽩,11,0,0,,,0,,,,,
𱽪,11,0,0,,,0,,,,,
𱽫,11,0,0,,,0,,,,,
𱽬,11,0,0,,,0,,,,,
𱽭,11,0,0,,,0,,,,,
𱽮,11,0,0,,,0,,,,,
𱽯,11,0,0,,,0,,,,,
𱽰,11,0,0,,,0,,,,,
𱽱,11,0,0,,,0,,,,,
𱽲,11,0,0,,,0,,,,,
𱽳,11,0,0,,,0,,,,,
𱽴,11,0,0,,,0,,,,,
𱽵,11,0,0,,,0,,,,,
𱽶,11,0,0,,,0,,,,,
𱽷,11,0,0,,,0,,,,,
𱽸,11,0,0,,,0,,,,,
𱽹,11,0,0,,,0,,,,,
𱽺,11,0,0,,,0,,,,,
𱽻,11,0,0,,,0,,,,,
𱽼,11,0,0,,,0,,,,,
𱽽,11,0,0,,,0,,,,,
𱽾,11,0,0,,,0,,,,,
𱽿,11,0,0,,,0,,,,,
𱾀,11,0,0,,,0,,,,,
𱾁,11,0,0,,,0,,,,,
𱾂,11,0,0,,,0,,,,,
𱾃,11,0,0,,,0,,,,,
𱾄,11,0,0,,,0,,,,,
𱾅,11,0,0,,,0,,,,,
𱾆,11,0,0,,,0,,,,,
𱾇,11,0,0,,,0,,,,,
𱾈,11,0,0,,,0,,,,,
𱾉,11,0,0,,,0,,,,,
𱾊,11,0,0,,,0,,,,,
𱾋,11,0,0,,,0,,,,,
𱾌,11,0,0,,,0,,,,,
𱾍,11,0,0,,,0,,,,,
𱾎,11,0,0,,,0,,,,,
𱾏,11,0,0,,,0,,,,,
𱾐,11,0,0,,,0,,,,,
𱾑,11,0,0,,,0,,,,,
𱾒,11,0,0,,,0,,,,,
𱾓,11,0,0,,,0,,,,,
𱾔,11,0,0,,,0,,,,,
𱾕,11,0,0,,,0,,,,,
𱾖,11,0,0,,,0,,,,,
𱾗,11,0,0,,,0,,,,,
𱾘,11,0,0,,,0,,,,,
𱾙,11,0,0,,,0,,,,,
𱾚,11,0,0,,,0,,,,,
𱾛,11,0,0,,,0,,,,,
𱾜,11,0,0,,,0,,,,,
𱾝,11,0,0,,,0,,,,,
𱾞,11,0,0,,,0,,,,,
𱾟,11,0,0,,,0,,,,,
𱾠,11,0,0,,,0,,,,,
𱾡,11,0,0,,,0,,,,,
𱾢,11,0,0,,,0,,,,,
𱾣,11,0,0,,,0,,,,,
𱾤,11,0,0,,,0,,,,,
𱾥,11,0,0,,,0,,,,,
𱾦,11,0,0,,,0,,,,,
𱾧,11,0,0,,,0,,,,,
𱾨,11,0,0,,,0,,,,,
𱾩,11,0,0,,,0,,,,,
𱾪,11,0,0,,,0,,,,,
𱾫,11,0,0,,,0,,,,,
𱾬,11,0,0,,,0,,,,,
𱾭,11,0,0,,,0,,,,,
𱾮,11,0,0,,,0,,,,,
𱾯,11,0,0,,,0,,,,,
𱾰,11,0,0,,,0,,,,,
𱾱,11,0,0,,,0,,,,,
𱾲,11,0,0,,,0,,,,,
𱾳,11,0,0,,,0,,,,,
𱾴,11,0,0,,,0,,,,,
𱾵,11,0,0,,,0,,,,,
𱾶,11,0,0,,,0,,,,,
𱾷,11,0,0,,,0,,,,,
𱾸,11,0,0,,,0,,,,,
𱾹,11,0,0,,,0,,,,,
𱾺,11,0,0,,,0,,,,,
𱾻,11,0,0,,,0,,,,,
𱾼,11,0,0,,,0,,,,,
𱾽,11,0,0,,,0,,,,,
𱾾,11,0,0,,,0,,,,,
𱾿,11,0,0,,,0,,,,,
𱿀,11,0,0,,,0,,,,,
𱿁,11,0,0,,,0,,,,,
𱿂,11,0,0,,,0,,,,,
𱿃,11,0,0,,,0,,,,,
𱿄,11,0,0,,,0,,,,,
𱿅,11,0,0,,,0,,,,,
𱿆,11,0,0,,,0,,,,,
𱿇,11,0,0,,,0,,,,,
𱿈,11,0,0,,,0,,,,,
𱿉,11,0,0,,,0,,,,,
𱿊,11,0,0,,,0,,,,,
𱿋,11,0,0,,,0,,,,,
𱿌,11,0,0,,,0,,,,,
𱿍,11,0,0,,,0,,,,,
𱿎,11,0,0,,,0,,,,,
𱿏,11,0,0,,,0,,,,,
𱿐,11,0,0,,,0,,,,,
𱿑,11,0,0,,,0,,,,,
𱿒,11,0,0,,,0,,,,,
𱿓,11,0,0,,,0,,,,,
𱿔,11,0,0,,,0,,,,,
𱿕,11,0,0,,,0,,,,,
𱿖,11,0,0,,,0,,,,,
𱿗,11,0,0,,,0,,,,,
𱿘,11,0,0,,,0,,,,,
𱿙,11,0,0,,,0,,,,,
𱿚,11,0,0,,,0,,,,,
𱿛,11,0,0,,,0,,,,,
𱿜,11,0,0,,,0,,,,,
𱿝,11,0,0,,,0,,,,,
𱿞,11,0,0,,,0,,,,,
𱿟,11,0,0,,,0,,,,,
𱿠,11,0,0,,,0,,,,,
𱿡,11,0,0,,,0,,,,,
𱿢,11,0,0,,,0,,,,,
𱿣,11,0,0,,,0,,,,,
𱿤,11,0,0,,,0,,,,,
𱿥,11,0,0,,,0,,,,,
𱿦,11,0,0,,,0,,,,,
𱿧,11,0,0,,,0,,,,,
𱿨,11,0,0,,,0,,,,,
𱿩,11,0,0,,,0,,,,,
𱿪,11,0,0,,,0,,,,,
𱿫,11,0,0,,,0,,,,,
𱿬,11,0,0,,,0,,,,,
𱿭,11,0,0,,,0,,,,,
𱿮,11,0,0,,,0,,,,,
𱿯,11,0,0,,,0,,,,,
𱿰,11,0,0,,,0,,,,,
𱿱,11,0,0,,,0,,,,,
𱿲,11,0,0,,,0,,,,,
𱿳,11,0,0,,,0,,,,,
𱿴,11,0,0,,,0,,,,,
𱿵,11,0,0,,,0,,,,,
𱿶,11,0,0,,,0,,,,,
𱿷,11,0,0,,,0,,,,,
𱿸,11,0,0,,,0,,,,,
𱿹,11,0,0,,,0,,,,,
𱿺,11,0,0,,,0,,,,,
𱿻,11,0,0,,,0,,,,,
𱿼,11,0,0,,,0,,,,,
𱿽,11,0,0,,,0,,,,,
𱿾,11,0,0,,,0,,,,,
𱿿,11,0,0,,,0,,,,,
𲀀,11,0,0,,,0,,,,,
𲀁,11,0,0,,,0,,,,,
𲀂,11,0,0,,,0,,,,,
𲀃,11,0,0,,,0,,,,,
𲀄,11,0,0,,,0,,,,,
𲀅,11,0,0,,,0,,,,,
𲀆,11,0,0,,,0,,,,,
𲀇,11,0,0,,,0,,,,,
𲀈,11,0,0,,,0,,,,,
𲀉,11,0,0,,,0,,,,,
𲀊,11,0,0,,,0,,,,,
𲀋,11,0,0,,,0,,,,,
𲀌,11,0,0,,,0,,,,,
𲀍,11,0,0,,,0,,,,,
𲀎,11,0,0,,,0,,,,,
𲀏,11,0,0,,,0,,,,,
𲀐,11,0,0,,,0,,,,,
𲀑,11,0,0,,,0,,,,,
𲀒,11,0,0,,,0,,,,,
𲀓,11,0,0,,,0,,,,,
𲀔,11,0,0,,,0,,,,,
𲀕,11,0,0,,,0,,,,,
𲀖,11,0,0,,,0,,,,,
𲀗,11,0,0,,,0,,,,,
𲀘,11,0,0,,,0,,,,,
𲀙,11,0,0,,,0,,,,,
𲀚,11,0,0,,,0,,,,,
𲀛,11,0,0,,,0,,,,,
𲀜,11,0,0,,,0,,,,,
𲀝,11,0,0,,,0,,,,,
𲀞,11,0,0,,,0,,,,,
𲀟,11,0,0,,,0,,,,,
𲀠,11,0,0,,,0,,,,,
𲀡,11,0,0,,,0,,,,,
𲀢,11,0,0,,,0,,,,,
𲀣,11,0,0,,,0,,,,,
𲀤,11,0,0,,,0,,,,,
𲀥,11,0,0,,,0,,,,,
𲀦,11,0,0,,,0,,,,,
𲀧,11,0,0,,,0,,,,,
𲀨,11,0,0,,,0,,,,,
𲀩,11,0,0,,,0,,,,,
𲀪,11,0,0,,,0,,,,,
𲀫,11,0,0,,,0,,,,,
𲀬,11,0,0,,,0,,,,,
𲀭,11,0,0,,,0,,,,,
𲀮,11,0,0,,,0,,,,,
𲀯,11,0,0,,,0,,,,,
𲀰,11,0,0,,,0,,,,,
𲀱,11,0,0,,,0,,,,,
𲀲,11,0,0,,,0,,,,,
𲀳,11,0,0,,,0,,,,,
𲀴,11,0,0,,,0,,,,,
𲀵,11,0,0,,,0,,,,,
𲀶,11,0,0,,,0,,,,,
𲀷,11,0,0,,,0,,,,,
𲀸,11,0,0,,,0,,,,,
𲀹,11,0,0,,,0,,,,,
𲀺,11,0,0,,,0,,,,,
𲀻,11,0,0,,,0,,,,,
𲀼,11,0,0,,,0,,,,,
𲀽,11,0,0,,,0,,,,,
𲀾,11,0,0,,,0,,,,,
𲀿,11,0,0,,,0,,,,,
𲁀,11,0,0,,,0,,,,,
𲁁,11,0,0,,,0,,,,,
𲁂,11,0,0,,,0,,,,,
𲁃,11,0,0,,,0,,,,,
𲁄,11,0,0,,,0,,,,,
𲁅,11,0,0,,,0,,,,,
𲁆,11,0,0,,,0,,,,,
𲁇,11,0,0,,,0,,,,,
𲁈,11,0,0,,,0,,,,,
𲁉,11,0,0,,,0,,,,,
𲁊,11,0,0,,,0,,,,,
𲁋,11,0,0,,,0,,,,,
𲁌,11,0,0,,,0,,,,,
𲁍,11,0,0,,,0,,,,,
𲁎,11,0,0,,,0,,,,,
𲁏,11,0,0,,,0,,,,,
𲁐,11,0,0,,,0,,,,,
𲁑,11,0,0,,,0,,,,,
𲁒,11,0,0,,,0,,,,,
𲁓,11,0,0,,,0,,,,,
𲁔,11,0,0,,,0,,,,,
𲁕,11,0,0,,,0,,,,,
𲁖,11,0,0,,,0,,,,,
𲁗,11,0,0,,,0,,,,,
𲁘,11,0,0,,,0,,,,,
𲁙,11,0,0,,,0,,,,,
𲁚,11,0,0,,,0,,,,,
𲁛,11,0,0,,,0,,,,,
𲁜,11,0,0,,,0,,,,,
𲁝,11,0,0,,,0,,,,,
𲁞,11,0,0,,,0,,,,,
𲁟,11,0,0,,,0,,,,,
𲁠,11,0,0,,,0,,,,,
𲁡,11,0,0,,,0,,,,,
𲁢,11,0,0,,,0,,,,,
𲁣,11,0,0,,,0,,,,,
𲁤,11,0,0,,,0,,,,,
𲁥,11,0,0,,,0,,,,,
𲁦,11,0,0,,,0,,,,,
𲁧,11,0,0,,,0,,,,,
𲁨,11,0,0,,,0,,,,,
𲁩,11,0,0,,,0,,,,,
𲁪,11,0,0,,,0,,,,,
𲁫,11,0,0,,,0,,,,,
𲁬,11,0,0,,,0,,,,,
𲁭,11,0,0,,,0,,,,,
𲁮,11,0,0,,,0,,,,,
𲁯,11,0,0,,,0,,,,,
𲁰,11,0,0,,,0,,,,,
𲁱,11,0,0,,,0,,,,,
𲁲,11,0,0,,,0,,,,,
𲁳,11,0,0,,,0,,,,,
𲁴,11,0,0,,,0,,,,,
𲁵,11,0,0,,,0,,,,,
𲁶,11,0,0,,,0,,,,,
𲁷,11,0,0,,,0,,,,,
𲁸,11,0,0,,,0,,,,,
𲁹,11,0,0,,,0,,,,,
𲁺,11,0,0,,,0,,,,,
𲁻,11,0,0,,,0,,,,,
𲁼,11,0,0,,,0,,,,,
𲁽,11,0,0,,,0,,,,,
𲁾,11,0,0,,,0,,,,,
𲁿,11,0,0,,,0,,,,,
𲂀,11,0,0,,,0,,,,,
𲂁,11,0,0,,,0,,,,,
𲂂,11,0,0,,,0,,,,,
𲂃,11,0,0,,,0,,,,,
𲂄,11,0,0,,,0,,,,,
𲂅,11,0,0,,,0,,,,,
𲂆,11,0,0,,,0,,,,,
𲂇,11,0,0,,,0,,,,,
𲂈,11,0,0,,,0,,,,,
𲂉,11,0,0,,,0,,,,,
𲂊,11,0,0,,,0,,,,,
𲂋,11,0,0,,,0,,,,,
𲂌,11,0,0,,,0,,,,,
𲂍,11,0,0,,,0,,,,,
𲂎,11,0,0,,,0,,,,,
𲂏,11,0,0,,,0,,,,,
𲂐,11,0,0,,,0,,,,,
𲂑,11,0,0,,,0,,,,,
𲂒,11,0,0,,,0,,,,,
𲂓,11,0,0,,,0,,,,,
𲂔,11,0,0,,,0,,,,,
𲂕,11,0,0,,,0,,,,,
𲂖,11,0,0,,,0,,,,,
𲂗,11,0,0,,,0,,,,,
𲂘,11,0,0,,,0,,,,,
𲂙,11,0,0,,,0,,,,,
𲂚,11,0,0,,,0,,,,,
𲂛,11,0,0,,,0,,,,,
𲂜,11,0,0,,,0,,,,,
𲂝,11,0,0,,,0,,,,,
𲂞,11,0,0,,,0,,,,,
𲂟,11,0,0,,,0,,,,,
𲂠,11,0,0,,,0,,,,,
𲂡,11,0,0,,,0,,,,,
𲂢,11,0,0,,,0,,,,,
𲂣,11,0,0,,,0,,,,,
𲂤,11,0,0,,,0,,,,,
𲂥,11,0,0,,,0,,,,,
𲂦,11,0,0,,,0,,,,,
𲂧,11,0,0,,,0,,,,,
𲂨,11,0,0,,,0,,,,,
𲂩,11,0,0,,,0,,,,,
𲂪,11,0,0,,,0,,,,,
𲂫,11,0,0,,,0,,,,,
𲂬,11,0,0,,,0,,,,,
𲂭,11,0,0,,,0,,,,,
𲂮,11,0,0,,,0,,,,,
𲂯,11,0,0,,,0,,,,,
𲂰,11,0,0,,,0,,,,,
𲂱,11,0,0,,,0,,,,,
𲂲,11,0,0,,,0,,,,,
𲂳,11,0,0,,,0,,,,,
𲂴,11,0,0,,,0,,,,,
𲂵,11,0,0,,,0,,,,,
𲂶,11,0,0,,,0,,,,,
𲂷,11,0,0,,,0,,,,,
𲂸,11,0,0,,,0,,,,,
𲂹,11,0,0,,,0,,,,,
𲂺,11,0,0,,,0,,,,,
𲂻,11,0,0,,,0,,,,,
𲂼,11,0,0,,,0,,,,,
𲂽,11,0,0,,,0,,,,,
𲂾,11,0,0,,,0,,,,,
𲂿,11,0,0,,,0,,,,,
𲃀,11,0,0,,,0,,,,,
𲃁,11,0,0,,,0,,,,,
𲃂,11,0,0,,,0,,,,,
𲃃,11,0,0,,,0,,,,,
𲃄,11,0,0,,,0,,,,,
𲃅,11,0,0,,,0,,,,,
𲃆,11,0,0,,,0,,,,,
𲃇,11,0,0,,,0,,,,,
𲃈,11,0,0,,,0,,,,,
𲃉,11,0,0,,,0,,,,,
𲃊,11,0,0,,,0,,,,,
𲃋,11,0,0,,,0,,,,,
𲃌,11,0,0,,,0,,,,,
𲃍,11,0,0,,,0,,,,,
𲃎,11,0,0,,,0,,,,,
𲃏,11,0,0,,,0,,,,,
𲃐,11,0,0,,,0,,,,,
𲃑,11,0,0,,,0,,,,,
𲃒,11,0,0,,,0,,,,,
𲃓,11,0,0,,,0,,,,,
𲃔,11,0,0,,,0,,,,,
𲃕,11,0,0,,,0,,,,,
𲃖,11,0,0,,,0,,,,,
𲃗,11,0,0,,,0,,,,,
𲃘,11,0,0,,,0,,,,,
𲃙,11,0,0,,,0,,,,,
𲃚,11,0,0,,,0,,,,,
𲃛,11,0,0,,,0,,,,,
𲃜,11,0,0,,,0,,,,,
𲃝,11,0,0,,,0,,,,,
𲃞,11,0,0,,,0,,,,,
𲃟,11,0,0,,,0,,,,,
𲃠,11,0,0,,,0,,,,,
𲃡,11,0,0,,,0,,,,,
𲃢,11,0,0,,,0,,,,,
𲃣,11,0,0,,,0,,,,,
𲃤,11,0,0,,,0,,,,,
𲃥,11,0,0,,,0,,,,,
𲃦,11,0,0,,,0,,,,,
𲃧,11,0,0,,,0,,,,,
𲃨,11,0,0,,,0,,,,,
𲃩,11,0,0,,,0,,,,,
𲃪,11,0,0,,,0,,,,,
𲃫,11,0,0,,,0,,,,,
𲃬,11,0,0,,,0,,,,,
𲃭,11,0,0,,,0,,,,,
𲃮,11,0,0,,,0,,,,,
𲃯,11,0,0,,,0,,,,,
𲃰,11,0,0,,,0,,,,,
𲃱,11,0,0,,,0,,,,,
𲃲,11,0,0,,,0,,,,,
𲃳,11,0,0,,,0,,,,,
𲃴,11,0,0,,,0,,,,,
𲃵,11,0,0,,,0,,,,,
𲃶,11,0,0,,,0,,,,,
𲃷,11,0,0,,,0,,,,,
𲃸,11,0,0,,,0,,,,,
𲃹,11,0,0,,,0,,,,,
𲃺,11,0,0,,,0,,,,,
𲃻,11,0,0,,,0,,,,,
𲃼,11,0,0,,,0,,,,,
𲃽,11,0,0,,,0,,,,,
𲃾,11,0,0,,,0,,,,,
𲃿,11,0,0,,,0,,,,,
𲄀,11,0,0,,,0,,,,,
𲄁,11,0,0,,,0,,,,,
𲄂,11,0,0,,,0,,,,,
𲄃,11,0,0,,,0,,,,,
𲄄,11,0,0,,,0,,,,,
𲄅,11,0,0,,,0,,,,,
𲄆,11,0,0,,,0,,,,,
𲄇,11,0,0,,,0,,,,,
𲄈,11,0,0,,,0,,,,,
𲄉,11,0,0,,,0,,,,,
𲄊,11,0,0,,,0,,,,,
𲄋,11,0,0,,,0,,,,,
𲄌,11,0,0,,,0,,,,,
𲄍,11,0,0,,,0,,,,,
𲄎,11,0,0,,,0,,,,,
𲄏,11,0,0,,,0,,,,,
𲄐,11,0,0,,,0,,,,,
𲄑,11,0,0,,,0,,,,,
𲄒,11,0,0,,,0,,,,,
𲄓,11,0,0,,,0,,,,,
𲄔,11,0,0,,,0,,,,,
𲄕,11,0,0,,,0,,,,,
𲄖,11,0,0,,,0,,,,,
𲄗,11,0,0,,,0,,,,,
𲄘,11,0,0,,,0,,,,,
𲄙,11,0,0,,,0,,,,,
𲄚,11,0,0,,,0,,,,,
𲄛,11,0,0,,,0,,,,,
𲄜,11,0,0,,,0,,,,,
𲄝,11,0,0,,,0,,,,,
𲄞,11,0,0,,,0,,,,,
𲄟,11,0,0,,,0,,,,,
𲄠,11,0,0,,,0,,,,,
𲄡,11,0,0,,,0,,,,,
𲄢,11,0,0,,,0,,,,,
𲄣,11,0,0,,,0,,,,,
𲄤,11,0,0,,,0,,,,,
𲄥,11,0,0,,,0,,,,,
𲄦,11,0,0,,,0,,,,,
𲄧,11,0,0,,,0,,,,,
𲄨,11,0,0,,,0,,,,,
𲄩,11,0,0,,,0,,,,,
𲄪,11,0,0,,,0,,,,,
𲄫,11,0,0,,,0,,,,,
𲄬,11,0,0,,,0,,,,,
𲄭,11,0,0,,,0,,,,,
𲄮,11,0,0,,,0,,,,,
𲄯,11,0,0,,,0,,,,,
𲄰,11,0,0,,,0,,,,,
𲄱,11,0,0,,,0,,,,,
𲄲,11,0,0,,,0,,,,,
𲄳,11,0,0,,,0,,,,,
𲄴,11,0,0,,,0,,,,,
𲄵,11,0,0,,,0,,,,,
𲄶,11,0,0,,,0,,,,,
𲄷,11,0,0,,,0,,,,,
𲄸,11,0,0,,,0,,,,,
𲄹,11,0,0,,,0,,,,,
𲄺,11,0,0,,,0,,,,,
𲄻,11,0,0,,,0,,,,,
𲄼,11,0,0,,,0,,,,,
𲄽,11,0,0,,,0,,,,,
𲄾,11,0,0,,,0,,,,,
𲄿,11,0,0,,,0,,,,,
𲅀,11,0,0,,,0,,,,,
𲅁,11,0,0,,,0,,,,,
𲅂,11,0,0,,,0,,,,,
𲅃,11,0,0,,,0,,,,,
𲅄,11,0,0,,,0,,,,,
𲅅,11,0,0,,,0,,,,,
𲅆,11,0,0,,,0,,,,,
𲅇,11,0,0,,,0,,,,,
𲅈,11,0,0,,,0,,,,,
𲅉,11,0,0,,,0,,,,,
𲅊,11,0,0,,,0,,,,,
𲅋,11,0,0,,,0,,,,,
𲅌,11,0,0,,,0,,,,,
𲅍,11,0,0,,,0,,,,,
𲅎,11,0,0,,,0,,,,,
𲅏,11,0,0,,,0,,,,,
𲅐,11,0,0,,,0,,,,,
𲅑,11,0,0,,,0,,,,,
𲅒,11,0,0,,,0,,,,,
𲅓,11,0,0,,,0,,,,,
𲅔,11,0,0,,,0,,,,,
𲅕,11,0,0,,,0,,,,,
𲅖,11,0,0,,,0,,,,,
𲅗,11,0,0,,,0,,,,,
𲅘,11,0,0,,,0,,,,,
𲅙,11,0,0,,,0,,,,,
𲅚,11,0,0,,,0,,,,,
𲅛,11,0,0,,,0,,,,,
𲅜,11,0,0,,,0,,,,,
𲅝,11,0,0,,,0,,,,,
𲅞,11,0,0,,,0,,,,,
𲅟,11,0,0,,,0,,,,,
𲅠,11,0,0,,,0,,,,,
𲅡,11,0,0,,,0,,,,,
𲅢,11,0,0,,,0,,,,,
𲅣,11,0,0,,,0,,,,,
𲅤,11,0,0,,,0,,,,,
𲅥,11,0,0,,,0,,,,,
𲅦,11,0,0,,,0,,,,,
𲅧,11,0,0,,,0,,,,,
𲅨,11,0,0,,,0,,,,,
𲅩,11,0,0,,,0,,,,,
𲅪,11,0,0,,,0,,,,,
𲅫,11,0,0,,,0,,,,,
𲅬,11,0,0,,,0,,,,,
𲅭,11,0,0,,,0,,,,,
𲅮,11,0,0,,,0,,,,,
𲅯,11,0,0,,,0,,,,,
𲅰,11,0,0,,,0,,,,,
𲅱,11,0,0,,,0,,,,,
𲅲,11,0,0,,,0,,,,,
𲅳,11,0,0,,,0,,,,,
𲅴,11,0,0,,,0,,,,,
𲅵,11,0,0,,,0,,,,,
𲅶,11,0,0,,,0,,,,,
𲅷,11,0,0,,,0,,,,,
𲅸,11,0,0,,,0,,,,,
𲅹,11,0,0,,,0,,,,,
𲅺,11,0,0,,,0,,,,,
𲅻,11,0,0,,,0,,,,,
𲅼,11,0,0,,,0,,,,,
𲅽,11,0,0,,,0,,,,,
𲅾,11,0,0,,,0,,,,,
𲅿,11,0,0,,,0,,,,,
𲆀,11,0,0,,,0,,,,,
𲆁,11,0,0,,,0,,,,,
𲆂,11,0,0,,,0,,,,,
𲆃,11,0,0,,,0,,,,,
𲆄,11,0,0,,,0,,,,,
𲆅,11,0,0,,,0,,,,,
𲆆,11,0,0,,,0,,,,,
𲆇,11,0,0,,,0,,,,,
𲆈,11,0,0,,,0,,,,,
𲆉,11,0,0,,,0,,,,,
𲆊,11,0,0,,,0,,,,,
𲆋,11,0,0,,,0,,,,,
𲆌,11,0,0,,,0,,,,,
𲆍,11,0,0,,,0,,,,,
𲆎,11,0,0,,,0,,,,,
𲆏,11,0,0,,,0,,,,,
𲆐,11,0,0,,,0,,,,,
𲆑,11,0,0,,,0,,,,,
𲆒,11,0,0,,,0,,,,,
𲆓,11,0,0,,,0,,,,,
𲆔,11,0,0,,,0,,,,,
𲆕,11,0,0,,,0,,,,,
𲆖,11,0,0,,,0,,,,,
𲆗,11,0,0,,,0,,,,,
𲆘,11,0,0,,,0,,,,,
𲆙,11,0,0,,,0,,,,,
𲆚,11,0,0,,,0,,,,,
𲆛,11,0,0,,,0,,,,,
𲆜,11,0,0,,,0,,,,,
𲆝,11,0,0,,,0,,,,,
𲆞,11,0,0,,,0,,,,,
𲆟,11,0,0,,,0,,,,,
𲆠,11,0,0,,,0,,,,,
𲆡,11,0,0,,,0,,,,,
𲆢,11,0,0,,,0,,,,,
𲆣,11,0,0,,,0,,,,,
𲆤,11,0,0,,,0,,,,,
𲆥,11,0,0,,,0,,,,,
𲆦,11,0,0,,,0,,,,,
𲆧,11,0,0,,,0,,,,,
𲆨,11,0,0,,,0,,,,,
𲆩,11,0,0,,,0,,,,,
𲆪,11,0,0,,,0,,,,,
𲆫,11,0,0,,,0,,,,,
𲆬,11,0,0,,,0,,,,,
𲆭,11,0,0,,,0,,,,,
𲆮,11,0,0,,,0,,,,,
𲆯,11,0,0,,,0,,,,,
𲆰,11,0,0,,,0,,,,,
𲆱,11,0,0,,,0,,,,,
𲆲,11,0,0,,,0,,,,,
𲆳,11,0,0,,,0,,,,,
𲆴,11,0,0,,,0,,,,,
𲆵,11,0,0,,,0,,,,,
𲆶,11,0,0,,,0,,,,,
𲆷,11,0,0,,,0,,,,,
𲆸,11,0,0,,,0,,,,,
𲆹,11,0,0,,,0,,,,,
𲆺,11,0,0,,,0,,,,,
𲆻,11,0,0,,,0,,,,,
𲆼,11,0,0,,,0,,,,,
𲆽,11,0,0,,,0,,,,,
𲆾,11,0,0,,,0,,,,,
𲆿,11,0,0,,,0,,,,,
𲇀,11,0,0,,,0,,,,,
𲇁,11,0,0,,,0,,,,,
𲇂,11,0,0,,,0,,,,,
𲇃,11,0,0,,,0,,,,,
𲇄,11,0,0,,,0,,,,,
𲇅,11,0,0,,,0,,,,,
𲇆,11,0,0,,,0,,,,,
𲇇,11,0,0,,,0,,,,,
𲇈,11,0,0,,,0,,,,,
𲇉,11,0,0,,,0,,,,,
𲇊,11,0,0,,,0,,,,,
𲇋,11,0,0,,,0,,,,,
𲇌,11,0,0,,,0,,,,,
𲇍,11,0,0,,,0,,,,,
𲇎,11,0,0,,,0,,,,,
𲇏,11,0,0,,,0,,,,,
𲇐,11,0,0,,,0,,,,,
𲇑,11,0,0,,,0,,,,,
𲇒,11,0,0,,,0,,,,,
𲇓,11,0,0,,,0,,,,,
𲇔,11,0,0,,,0,,,,,
𲇕,11,0,0,,,0,,,,,
𲇖,11,0,0,,,0,,,,,
𲇗,11,0,0,,,0,,,,,
𲇘,11,0,0,,,0,,,,,
𲇙,11,0,0,,,0,,,,,
𲇚,11,0,0,,,0,,,,,
𲇛,11,0,0,,,0,,,,,
𲇜,11,0,0,,,0,,,,,
𲇝,11,0,0,,,0,,,,,
𲇞,11,0,0,,,0,,,,,
𲇟,11,0,0,,,0,,,,,
𲇠,11,0,0,,,0,,,,,
𲇡,11,0,0,,,0,,,,,
𲇢,11,0,0,,,0,,,,,
𲇣,11,0,0,,,0,,,,,
𲇤,11,0,0,,,0,,,,,
𲇥,11,0,0,,,0,,,,,
𲇦,11,0,0,,,0,,,,,
𲇧,11,0,0,,,0,,,,,
𲇨,11,0,0,,,0,,,,,
𲇩,11,0,0,,,0,,,,,
𲇪,11,0,0,,,0,,,,,
𲇫,11,0,0,,,0,,,,,
𲇬,11,0,0,,,0,,,,,
𲇭,11,0,0,,,0,,,,,
𲇮,11,0,0,,,0,,,,,
𲇯,11,0,0,,,0,,,,,
𲇰,11,0,0,,,0,,,,,
𲇱,11,0,0,,,0,,,,,
𲇲,11,0,0,,,0,,,,,
𲇳,11,0,0,,,0,,,,,
𲇴,11,0,0,,,0,,,,,
𲇵,11,0,0,,,0,,,,,
𲇶,11,0,0,,,0,,,,,
𲇷,11,0,0,,,0,,,,,
𲇸,11,0,0,,,0,,,,,
𲇹,11,0,0,,,0,,,,,
𲇺,11,0,0,,,0,,,,,
𲇻,11,0,0,,,0,,,,,
𲇼,11,0,0,,,0,,,,,
𲇽,11,0,0,,,0,,,,,
𲇾,11,0,0,,,0,,,,,
𲇿,11,0,0,,,0,,,,,
𲈀,11,0,0,,,0,,,,,
𲈁,11,0,0,,,0,,,,,
𲈂,11,0,0,,,0,,,,,
𲈃,11,0,0,,,0,,,,,
𲈄,11,0,0,,,0,,,,,
𲈅,11,0,0,,,0,,,,,
𲈆,11,0,0,,,0,,,,,
𲈇,11,0,0,,,0,,,,,
𲈈,11,0,0,,,0,,,,,
𲈉,11,0,0,,,0,,,,,
𲈊,11,0,0,,,0,,,,,
𲈋,11,0,0,,,0,,,,,
𲈌,11,0,0,,,0,,,,,
𲈍,11,0,0,,,0,,,,,
𲈎,11,0,0,,,0,,,,,
𲈏,11,0,0,,,0,,,,,
𲈐,11,0,0,,,0,,,,,
𲈑,11,0,0,,,0,,,,,
𲈒,11,0,0,,,0,,,,,
𲈓,11,0,0,,,0,,,,,
𲈔,11,0,0,,,0,,,,,
𲈕,11,0,0,,,0,,,,,
𲈖,11,0,0,,,0,,,,,
𲈗,11,0,0,,,0,,,,,
𲈘,11,0,0,,,0,,,,,
𲈙,11,0,0,,,0,,,,,
𲈚,11,0,0,,,0,,,,,
𲈛,11,0,0,,,0,,,,,
𲈜,11,0,0,,,0,,,,,
𲈝,11,0,0,,,0,,,,,
𲈞,11,0,0,,,0,,,,,
𲈟,11,0,0,,,0,,,,,
𲈠,11,0,0,,,0,,,,,
𲈡,11,0,0,,,0,,,,,
𲈢,11,0,0,,,0,,,,,
𲈣,11,0,0,,,0,,,,,
𲈤,11,0,0,,,0,,,,,
𲈥,11,0,0,,,0,,,,,
𲈦,11,0,0,,,0,,,,,
𲈧,11,0,0,,,0,,,,,
𲈨,11,0,0,,,0,,,,,
𲈩,11,0,0,,,0,,,,,
𲈪,11,0,0,,,0,,,,,
𲈫,11,0,0,,,0,,,,,
𲈬,11,0,0,,,0,,,,,
𲈭,11,0,0,,,0,,,,,
𲈮,11,0,0,,,0,,,,,
𲈯,11,0,0,,,0,,,,,
𲈰,11,0,0,,,0,,,,,
𲈱,11,0,0,,,0,,,,,
𲈲,11,0,0,,,0,,,,,
𲈳,11,0,0,,,0,,,,,
𲈴,11,0,0,,,0,,,,,
𲈵,11,0,0,,,0,,,,,
𲈶,11,0,0,,,0,,,,,
𲈷,11,0,0,,,0,,,,,
𲈸,11,0,0,,,0,,,,,
𲈹,11,0,0,,,0,,,,,
𲈺,11,0,0,,,0,,,,,
𲈻,11,0,0,,,0,,,,,
𲈼,11,0,0,,,0,,,,,
𲈽,11,0,0,,,0,,,,,
𲈾,11,0,0,,,0,,,,,
𲈿,11,0,0,,,0,,,,,
𲉀,11,0,0,,,0,,,,,
𲉁,11,0,0,,,0,,,,,
𲉂,11,0,0,,,0,,,,,
𲉃,11,0,0,,,0,,,,,
𲉄,11,0,0,,,0,,,,,
𲉅,11,0,0,,,0,,,,,
𲉆,11,0,0,,,0,,,,,
𲉇,11,0,0,,,0,,,,,
𲉈,11,0,0,,,0,,,,,
𲉉,11,0,0,,,0,,,,,
𲉊,11,0,0,,,0,,,,,
𲉋,11,0,0,,,0,,,,,
𲉌,11,0,0,,,0,,,,,
𲉍,11,0,0,,,0,,,,,
𲉎,11,0,0,,,0,,,,,
𲉏,11,0,0,,,0,,,,,
𲉐,11,0,0,,,0,,,,,
𲉑,11,0,0,,,0,,,,,
𲉒,11,0,0,,,0,,,,,
𲉓,11,0,0,,,0,,,,,
𲉔,11,0,0,,,0,,,,,
𲉕,11,0,0,,,0,,,,,
𲉖,11,0,0,,,0,,,,,
𲉗,11,0,0,,,0,,,,,
𲉘,11,0,0,,,0,,,,,
𲉙,11,0,0,,,0,,,,,
𲉚,11,0,0,,,0,,,,,
𲉛,11,0,0,,,0,,,,,
𲉜,11,0,0,,,0,,,,,
𲉝,11,0,0,,,0,,,,,
𲉞,11,0,0,,,0,,,,,
𲉟,11,0,0,,,0,,,,,
𲉠,11,0,0,,,0,,,,,
𲉡,11,0,0,,,0,,,,,
𲉢,11,0,0,,,0,,,,,
𲉣,11,0,0,,,0,,,,,
𲉤,11,0,0,,,0,,,,,
𲉥,11,0,0,,,0,,,,,
𲉦,11,0,0,,,0,,,,,
𲉧,11,0,0,,,0,,,,,
𲉨,11,0,0,,,0,,,,,
𲉩,11,0,0,,,0,,,,,
𲉪,11,0,0,,,0,,,,,
𲉫,11,0,0,,,0,,,,,
𲉬,11,0,0,,,0,,,,,
𲉭,11,0,0,,,0,,,,,
𲉮,11,0,0,,,0,,,,,
𲉯,11,0,0,,,0,,,,,
𲉰,11,0,0,,,0,,,,,
𲉱,11,0,0,,,0,,,,,
𲉲,11,0,0,,,0,,,,,
𲉳,11,0,0,,,0,,,,,
𲉴,11,0,0,,,0,,,,,
𲉵,11,0,0,,,0,,,,,
𲉶,11,0,0,,,0,,,,,
𲉷,11,0,0,,,0,,,,,
𲉸,11,0,0,,,0,,,,,
𲉹,11,0,0,,,0,,,,,
𲉺,11,0,0,,,0,,,,,
𲉻,11,0,0,,,0,,,,,
𲉼,11,0,0,,,0,,,,,
𲉽,11,0,0,,,0,,,,,
𲉾,11,0,0,,,0,,,,,
𲉿,11,0,0,,,0,,,,,
𲊀,11,0,0,,,0,,,,,
𲊁,11,0,0,,,0,,,,,
𲊂,11,0,0,,,0,,,,,
𲊃,11,0,0,,,0,,,,,
𲊄,11,0,0,,,0,,,,,
𲊅,11,0,0,,,0,,,,,
𲊆,11,0,0,,,0,,,,,
𲊇,11,0,0,,,0,,,,,
𲊈,11,0,0,,,0,,,,,
𲊉,11,0,0,,,0,,,,,
𲊊,11,0,0,,,0,,,,,
𲊋,11,0,0,,,0,,,,,
𲊌,11,0,0,,,0,,,,,
𲊍,11,0,0,,,0,,,,,
𲊎,11,0,0,,,0,,,,,
𲊏,11,0,0,,,0,,,,,
𲊐,11,0,0,,,0,,,,,
𲊑,11,0,0,,,0,,,,,
𲊒,11,0,0,,,0,,,,,
𲊓,11,0,0,,,0,,,,,
𲊔,11,0,0,,,0,,,,,
𲊕,11,0,0,,,0,,,,,
𲊖,11,0,0,,,0,,,,,
𲊗,11,0,0,,,0,,,,,
𲊘,11,0,0,,,0,,,,,
𲊙,11,0,0,,,0,,,,,
𲊚,11,0,0,,,0,,,,,
𲊛,11,0,0,,,0,,,,,
𲊜,11,0,0,,,0,,,,,
𲊝,11,0,0,,,0,,,,,
𲊞,11,0,0,,,0,,,,,
𲊟,11,0,0,,,0,,,,,
𲊠,11,0,0,,,0,,,,,
𲊡,11,0,0,,,0,,,,,
𲊢,11,0,0,,,0,,,,,
𲊣,11,0,0,,,0,,,,,
𲊤,11,0,0,,,0,,,,,
𲊥,11,0,0,,,0,,,,,
𲊦,11,0,0,,,0,,,,,
𲊧,11,0,0,,,0,,,,,
𲊨,11,0,0,,,0,,,,,
𲊩,11,0,0,,,0,,,,,
𲊪,11,0,0,,,0,,,,,
𲊫,11,0,0,,,0,,,,,
𲊬,11,0,0,,,0,,,,,
𲊭,11,0,0,,,0,,,,,
𲊮,11,0,0,,,0,,,,,
𲊯,11,0,0,,,0,,,,,
𲊰,11,0,0,,,0,,,,,
𲊱,11,0,0,,,0,,,,,
𲊲,11,0,0,,,0,,,,,
𲊳,11,0,0,,,0,,,,,
𲊴,11,0,0,,,0,,,,,
𲊵,11,0,0,,,0,,,,,
𲊶,11,0,0,,,0,,,,,
𲊷,11,0,0,,,0,,,,,
𲊸,11,0,0,,,0,,,,,
𲊹,11,0,0,,,0,,,,,
𲊺,11,0,0,,,0,,,,,
𲊻,11,0,0,,,0,,,,,
𲊼,11,0,0,,,0,,,,,
𲊽,11,0,0,,,0,,,,,
𲊾,11,0,0,,,0,,,,,
𲊿,11,0,0,,,0,,,,,
𲋀,11,0,0,,,0,,,,,
𲋁,11,0,0,,,0,,,,,
𲋂,11,0,0,,,0,,,,,
𲋃,11,0,0,,,0,,,,,
𲋄,11,0,0,,,0,,,,,
𲋅,11,0,0,,,0,,,,,
𲋆,11,0,0,,,0,,,,,
𲋇,11,0,0,,,0,,,,,
𲋈,11,0,0,,,0,,,,,
𲋉,11,0,0,,,0,,,,,
𲋊,11,0,0,,,0,,,,,
𲋋,11,0,0,,,0,,,,,
𲋌,11,0,0,,,0,,,,,
𲋍,11,0,0,,,0,,,,,
𲋎,11,0,0,,,0,,,,,
𲋏,11,0,0,,,0,,,,,
𲋐,11,0,0,,,0,,,,,
𲋑,11,0,0,,,0,,,,,
𲋒,11,0,0,,,0,,,,,
𲋓,11,0,0,,,0,,,,,
𲋔,11,0,0,,,0,,,,,
𲋕,11,0,0,,,0,,,,,
𲋖,11,0,0,,,0,,,,,
𲋗,11,0,0,,,0,,,,,
𲋘,11,0,0,,,0,,,,,
𲋙,11,0,0,,,0,,,,,
𲋚,11,0,0,,,0,,,,,
𲋛,11,0,0,,,0,,,,,
𲋜,11,0,0,,,0,,,,,
𲋝,11,0,0,,,0,,,,,
𲋞,11,0,0,,,0,,,,,
𲋟,11,0,0,,,0,,,,,
𲋠,11,0,0,,,0,,,,,
𲋡,11,0,0,,,0,,,,,
𲋢,11,0,0,,,0,,,,,
𲋣,11,0,0,,,0,,,,,
𲋤,11,0,0,,,0,,,,,
𲋥,11,0,0,,,0,,,,,
𲋦,11,0,0,,,0,,,,,
𲋧,11,0,0,,,0,,,,,
𲋨,11,0,0,,,0,,,,,
𲋩,11,0,0,,,0,,,,,
𲋪,11,0,0,,,0,,,,,
𲋫,11,0,0,,,0,,,,,
𲋬,11,0,0,,,0,,,,,
𲋭,11,0,0,,,0,,,,,
𲋮,11,0,0,,,0,,,,,
𲋯,11,0,0,,,0,,,,,
𲋰,11,0,0,,,0,,,,,
𲋱,11,0,0,,,0,,,,,
𲋲,11,0,0,,,0,,,,,
𲋳,11,0,0,,,0,,,,,
𲋴,11,0,0,,,0,,,,,
𲋵,11,0,0,,,0,,,,,
𲋶,11,0,0,,,0,,,,,
𲋷,11,0,0,,,0,,,,,
𲋸,11,0,0,,,0,,,,,
𲋹,11,0,0,,,0,,,,,
𲋺,11,0,0,,,0,,,,,
𲋻,11,0,0,,,0,,,,,
𲋼,11,0,0,,,0,,,,,
𲋽,11,0,0,,,0,,,,,
𲋾,11,0,0,,,0,,,,,
𲋿,11,0,0,,,0,,,,,
𲌀,11,0,0,,,0,,,,,
𲌁,11,0,0,,,0,,,,,
𲌂,11,0,0,,,0,,,,,
𲌃,11,0,0,,,0,,,,,
𲌄,11,0,0,,,0,,,,,
𲌅,11,0,0,,,0,,,,,
𲌆,11,0,0,,,0,,,,,
𲌇,11,0,0,,,0,,,,,
𲌈,11,0,0,,,0,,,,,
𲌉,11,0,0,,,0,,,,,
𲌊,11,0,0,,,0,,,,,
𲌋,11,0,0,,,0,,,,,
𲌌,11,0,0,,,0,,,,,
𲌍,11,0,0,,,0,,,,,
𲌎,11,0,0,,,0,,,,,
𲌏,11,0,0,,,0,,,,,
𲌐,11,0,0,,,0,,,,,
𲌑,11,0,0,,,0,,,,,
𲌒,11,0,0,,,0,,,,,
𲌓,11,0,0,,,0,,,,,
𲌔,11,0,0,,,0,,,,,
𲌕,11,0,0,,,0,,,,,
𲌖,11,0,0,,,0,,,,,
𲌗,11,0,0,,,0,,,,,
𲌘,11,0,0,,,0,,,,,
𲌙,11,0,0,,,0,,,,,
𲌚,11,0,0,,,0,,,,,
𲌛,11,0,0,,,0,,,,,
𲌜,11,0,0,,,0,,,,,
𲌝,11,0,0,,,0,,,,,
𲌞,11,0,0,,,0,,,,,
𲌟,11,0,0,,,0,,,,,
𲌠,11,0,0,,,0,,,,,
𲌡,11,0,0,,,0,,,,,
𲌢,11,0,0,,,0,,,,,
𲌣,11,0,0,,,0,,,,,
𲌤,11,0,0,,,0,,,,,
𲌥,11,0,0,,,0,,,,,
𲌦,11,0,0,,,0,,,,,
𲌧,11,0,0,,,0,,,,,
𲌨,11,0,0,,,0,,,,,
𲌩,11,0,0,,,0,,,,,
𲌪,11,0,0,,,0,,,,,
𲌫,11,0,0,,,0,,,,,
𲌬,11,0,0,,,0,,,,,
𲌭,11,0,0,,,0,,,,,
𲌮,11,0,0,,,0,,,,,
𲌯,11,0,0,,,0,,,,,
𲌰,11,0,0,,,0,,,,,
𲌱,11,0,0,,,0,,,,,
𲌲,11,0,0,,,0,,,,,
𲌳,11,0,0,,,0,,,,,
𲌴,11,0,0,,,0,,,,,
𲌵,11,0,0,,,0,,,,,
𲌶,11,0,0,,,0,,,,,
𲌷,11,0,0,,,0,,,,,
𲌸,11,0,0,,,0,,,,,
𲌹,11,0,0,,,0,,,,,
𲌺,11,0,0,,,0,,,,,
𲌻,11,0,0,,,0,,,,,
𲌼,11,0,0,,,0,,,,,
𲌽,11,0,0,,,0,,,,,
𲌾,11,0,0,,,0,,,,,
𲌿,11,0,0,,,0,,,,,
𲍀,11,0,0,,,0,,,,,
𲍁,11,0,0,,,0,,,,,
𲍂,11,0,0,,,0,,,,,
𲍃,11,0,0,,,0,,,,,
𲍄,11,0,0,,,0,,,,,
𲍅,11,0,0,,,0,,,,,
𲍆,11,0,0,,,0,,,,,
𲍇,11,0,0,,,0,,,,,
𲍈,11,0,0,,,0,,,,,
𲍉,11,0,0,,,0,,,,,
𲍊,11,0,0,,,0,,,,,
𲍋,11,0,0,,,0,,,,,
𲍌,11,0,0,,,0,,,,,
𲍍,11,0,0,,,0,,,,,
𲍎,11,0,0,,,0,,,,,
𲍏,11,0,0,,,0,,,,,
𲍐,11,0,0,,,0,,,,,
𲍑,11,0,0,,,0,,,,,
𲍒,11,0,0,,,0,,,,,
𲍓,11,0,0,,,0,,,,,
𲍔,11,0,0,,,0,,,,,
𲍕,11,0,0,,,0,,,,,
𲍖,11,0,0,,,0,,,,,
𲍗,11,0,0,,,0,,,,,
𲍘,11,0,0,,,0,,,,,
𲍙,11,0,0,,,0,,,,,
𲍚,11,0,0,,,0,,,,,
𲍛,11,0,0,,,0,,,,,
𲍜,11,0,0,,,0,,,,,
𲍝,11,0,0,,,0,,,,,
𲍞,11,0,0,,,0,,,,,
𲍟,11,0,0,,,0,,,,,
𲍠,11,0,0,,,0,,,,,
𲍡,11,0,0,,,0,,,,,
𲍢,11,0,0,,,0,,,,,
𲍣,11,0,0,,,0,,,,,
𲍤,11,0,0,,,0,,,,,
𲍥,11,0,0,,,0,,,,,
𲍦,11,0,0,,,0,,,,,
𲍧,11,0,0,,,0,,,,,
𲍨,11,0,0,,,0,,,,,
𲍩,11,0,0,,,0,,,,,
𲍪,11,0,0,,,0,,,,,
𲍫,11,0,0,,,0,,,,,
𲍬,11,0,0,,,0,,,,,
𲍭,11,0,0,,,0,,,,,
𲍮,11,0,0,,,0,,,,,
𲍯,11,0,0,,,0,,,,,
𲍰,11,0,0,,,0,,,,,
𲍱,11,0,0,,,0,,,,,
𲍲,11,0,0,,,0,,,,,
𲍳,11,0,0,,,0,,,,,
𲍴,11,0,0,,,0,,,,,
𲍵,11,0,0,,,0,,,,,
𲍶,11,0,0,,,0,,,,,
𲍷,11,0,0,,,0,,,,,
𲍸,11,0,0,,,0,,,,,
𲍹,11,0,0,,,0,,,,,
𲍺,11,0,0,,,0,,,,,
𲍻,11,0,0,,,0,,,,,
𲍼,11,0,0,,,0,,,,,
𲍽,11,0,0,,,0,,,,,
𲍾,11,0,0,,,0,,,,,
𲍿,11,0,0,,,0,,,,,
𲎀,11,0,0,,,0,,,,,
𲎁,11,0,0,,,0,,,,,
𲎂,11,0,0,,,0,,,,,
𲎃,11,0,0,,,0,,,,,
𲎄,11,0,0,,,0,,,,,
𲎅,11,0,0,,,0,,,,,
𲎆,11,0,0,,,0,,,,,
𲎇,11,0,0,,,0,,,,,
𲎈,11,0,0,,,0,,,,,
𲎉,11,0,0,,,0,,,,,
𲎊,11,0,0,,,0,,,,,
𲎋,11,0,0,,,0,,,,,
𲎌,11,0,0,,,0,,,,,
𲎍,11,0,0,,,0,,,,,
𲎎,11,0,0,,,0,,,,,
𲎏,11,0,0,,,0,,,,,
𲎐,11,0,0,,,0,,,,,
𲎑,11,0,0,,,0,,,,,
𲎒,11,0,0,,,0,,,,,
𲎓,11,0,0,,,0,,,,,
𲎔,11,0,0,,,0,,,,,
𲎕,11,0,0,,,0,,,,,
𲎖,11,0,0,,,0,,,,,
𲎗,11,0,0,,,0,,,,,
𲎘,11,0,0,,,0,,,,,
𲎙,11,0,0,,,0,,,,,
𲎚,11,0,0,,,0,,,,,
𲎛,11,0,0,,,0,,,,,
𲎜,11,0,0,,,0,,,,,
𲎝,11,0,0,,,0,,,,,
𲎞,11,0,0,,,0,,,,,
𲎟,11,0,0,,,0,,,,,
𲎠,11,0,0,,,0,,,,,
𲎡,11,0,0,,,0,,,,,
𲎢,11,0,0,,,0,,,,,
𲎣,11,0,0,,,0,,,,,
𲎤,11,0,0,,,0,,,,,
𲎥,11,0,0,,,0,,,,,
𲎦,11,0,0,,,0,,,,,
𲎧,11,0,0,,,0,,,,,
𲎨,11,0,0,,,0,,,,,
𲎩,11,0,0,,,0,,,,,
𲎪,11,0,0,,,0,,,,,
𲎫,11,0,0,,,0,,,,,
𲎬,11,0,0,,,0,,,,,
𲎭,11,0,0,,,0,,,,,
𲎮,11,0,0,,,0,,,,,
𲎯,11,0,0,,,0,,,,,