𪜀,6,0,0,,,0,,,,,
𪜁,6,0,0,,,0,,,,,
𪜂,6,0,0,,,0,,,,,
𪜃,6,0,0,,,0,,,,,
𪜄,6,0,0,,,0,,,,,
𪜅,6,0,0,,,0,,,,,
𪜆,6,0,0,,,0,,,,,
𪜇,6,0,0,,,0,,,,,
𪜈,6,0,0,,,0,,,,,
𪜉,6,0,0,,,0,,,,,
𪜊,6,0,0,,,0,,,,,
𪜋,6,0,0,,,0,,,,,
𪜌,6,0,0,,,0,,,,,
𪜍,6,0,0,,,0,,,,,
𪜎,6,0,0,,,0,,,,,
𪜏,6,0,0,,,0,,,,,
𪜐,6,0,0,,,0,,,,,
𪜑,6,0,0,,,0,,,,,
𪜒,6,0,0,,,0,,,,,
𪜓,6,0,0,,,0,,,,,
𪜔,6,0,0,,,0,,,,,
𪜕,6,0,0,,,0,,,,,
𪜖,6,0,0,,いそぎ,0,,,,,
𪜗,6,0,0,,,0,,,,,
𪜘,6,0,0,,,0,,,,,
𪜙,6,0,0,,,0,,,,,
𪜚,6,0,0,,,0,,,,,
𪜛,6,0,0,,,0,,,,,
𪜜,6,0,0,,,0,,,,,
𪜝,6,0,0,,,0,,,,,
𪜞,6,0,0,,,0,,,,,
𪜟,6,0,0,,,0,,,,,
𪜠,6,0,0,,,0,,,,,
𪜡,6,0,0,,,0,,,,,
𪜢,6,0,0,,,0,,,,,
𪜣,6,0,0,,,0,,,,,
𪜤,6,0,0,,,0,,,,,
𪜥,6,0,0,,,0,,,,,
𪜦,6,0,0,,,0,,,,,
𪜧,6,0,0,,,0,,,,,
𪜨,6,0,0,,,0,,,,,
𪜩,6,0,0,,さぎ,0,,,,,
𪜪,6,0,0,,さぎ,0,,,,,
𪜫,6,0,0,,,0,,,,,
𪜬,6,0,0,ヨ ト,あまる,0,,,,,
𪜭,6,0,0,,,0,,,,,
𪜮,6,0,0,,,0,,,,,
𪜯,6,0,0,,,0,,,,,
𪜰,6,0,0,,,0,,,,,
𪜱,6,0,0,,,0,,,,,
𪜲,6,0,0,,,0,,,,,
𪜳,6,0,0,,,0,,,,,
𪜴,6,0,0,,,0,,,,,
𪜵,6,0,0,,,0,,,,,
𪜶,6,0,0,,,0,,,,,
𪜷,6,0,0,,,0,,,,,
𪜸,6,0,0,,とねりこ,0,,,,,
𪜹,6,0,0,,,0,,,,,
𪜺,6,0,0,,,0,,,,,
𪜻,6,0,0,,,0,,,,,
𪜼,6,0,0,,,0,,,,,
𪜽,6,0,0,,かつ,0,,,,,
𪜾,6,0,0,,,0,,,,,
𪜿,6,0,0,,,0,,,,,
𪝀,6,0,0,,,0,,,,,
𪝁,6,0,0,,,0,,,,,
𪝂,6,0,0,,,0,,,,,
𪝃,6,0,0,,,0,,,,,
𪝄,6,0,0,,,0,,,,,
𪝅,6,0,0,,,0,,,,,
𪝆,6,0,0,,か,0,,,,,
𪝇,6,0,0,,,0,,,,,
𪝈,6,0,0,,,0,,,,,
𪝉,6,0,0,,,0,,,,,
𪝊,6,0,0,,,0,,,,,
𪝋,6,0,0,,,0,,,,,
𪝌,6,0,0,,,0,,,,,
𪝍,6,0,0,,,0,,,,,
𪝎,6,0,0,,,0,,,,,
𪝏,6,0,0,,,0,,,,,
𪝐,6,0,0,,,0,,,,,
𪝑,6,0,0,,,0,,,,,
𪝒,6,0,0,カ,,0,,,,,
𪝓,6,0,0,,,0,,,,,
𪝔,6,0,0,,,0,,,,,
𪝕,6,0,0,,,0,,,,,
𪝖,6,0,0,,,0,,,,,
𪝗,6,0,0,,,0,,,,,
𪝘,6,0,0,,くつがえす,0,,,,,
𪝙,6,0,0,,,0,,,,,
𪝚,6,0,0,,,0,,,,,
𪝛,6,0,0,,,0,,,,,
𪝜,6,0,0,,,0,,,,,
𪝝,6,0,0,,,0,,,,,
𪝞,6,0,0,,,0,,,,,
𪝟,6,0,0,,いましめる,0,,,,,
𪝠,6,0,0,,,0,,,,,
𪝡,6,0,0,,,0,,,,,
𪝢,6,0,0,,,0,,,,,
𪝣,6,0,0,,,0,,,,,
𪝤,6,0,0,,,0,,,,,
𪝥,6,0,0,,,0,,,,,
𪝦,6,0,0,,,0,,,,,
𪝧,6,0,0,,,0,,,,,
𪝨,6,0,0,,,0,,,,,
𪝩,6,0,0,,,0,,,,,
𪝪,6,0,0,,,0,,,,,
𪝫,6,0,0,,,0,,,,,
𪝬,6,0,0,,,0,,,,,
𪝭,6,0,0,,,0,,,,,
𪝮,6,0,0,,,0,,,,,
𪝯,6,0,0,,,0,,,,,
𪝰,6,0,0,,,0,,,,,
𪝱,6,0,0,,,0,,,,,
𪝲,6,0,0,,,0,,,,,
𪝳,6,0,0,,,0,,,,,
𪝴,6,0,0,,,0,,,,,
𪝵,6,0,0,,,0,,,,,
𪝶,6,0,0,,,0,,,,,
𪝷,6,0,0,,,0,,,,,
𪝸,6,0,0,,,0,,,,,
𪝹,6,0,0,,,0,,,,,
𪝺,6,0,0,,,0,,,,,
𪝻,6,0,0,,,0,,,,,
𪝼,6,0,0,,,0,,,,,
𪝽,6,0,0,,,0,,,,,
𪝾,6,0,0,,,0,,,,,
𪝿,6,0,0,,,0,,,,,
𪞀,6,0,0,,,0,,,,,
𪞁,6,0,0,,,0,,,,,
𪞂,6,0,0,,,0,,,,,
𪞃,6,0,0,,,0,,,,,
𪞄,6,0,0,,,0,,,,,
𪞅,6,0,0,,,0,,,,,
𪞆,6,0,0,,,0,,,,,
𪞇,6,0,0,,,0,,,,,
𪞈,6,0,0,,,0,,,,,
𪞉,6,0,0,,,0,,,,,
𪞊,6,0,0,,,0,,,,,
𪞋,6,0,0,,,0,,,,,
𪞌,6,0,0,,,0,,,,,
𪞍,6,0,0,,,0,,,,,
𪞎,6,0,0,,,0,,,,,
𪞏,6,0,0,,,0,,,,,
𪞐,6,0,0,,,0,,,,,
𪞑,6,0,0,,,0,,,,,
𪞒,6,0,0,,,0,,,,,
𪞓,6,0,0,,,0,,,,,
𪞔,6,0,0,,,0,,,,,
𪞕,6,0,0,,,0,,,,,
𪞖,6,0,0,ハン,ただよう,0,,,,,
𪞗,6,0,0,ネイ,,0,,,,,
𪞘,6,0,0,,,0,,,,,
𪞙,6,0,0,ブン,,0,,,,,
𪞚,6,0,0,,,0,,,,,
𪞛,6,0,0,,,0,,,,,
𪞜,6,0,0,,,0,,,,,
𪞝,6,0,0,,,0,,,,,
𪞞,6,0,0,,,0,,,,,
𪞟,6,0,0,,,0,,,,,
𪞠,6,0,0,,,0,,,,,
𪞡,6,0,0,,,0,,,,,
𪞢,6,0,0,,,0,,,,,
𪞣,6,0,0,,,0,,,,,
𪞤,6,0,0,,,0,,,,,
𪞥,6,0,0,,,0,,,,,
𪞦,6,0,0,,,0,,,,,
𪞧,6,0,0,,,0,,,,,
𪞨,6,0,0,,,0,,,,,
𪞩,6,0,0,,,0,,,,,
𪞪,6,0,0,,,0,,,,,
𪞫,6,0,0,,,0,,,,,
𪞬,6,0,0,,,0,,,,,
𪞭,6,0,0,,,0,,,,,
𪞮,6,0,0,レイ,,0,,,,,
𪞯,6,0,0,,,0,,,,,
𪞰,6,0,0,,,0,,,,,
𪞱,6,0,0,,,0,,,,,
𪞲,6,0,0,,,0,,,,,
𪞳,6,0,0,,,0,,,,,
𪞴,6,0,0,,,0,,,,,
𪞵,6,0,0,,ふぶき,0,,,,,
𪞶,6,0,0,,,0,,,,,
𪞷,6,0,0,,,0,,,,,
𪞸,6,0,0,,,0,,,,,
𪞹,6,0,0,,,0,,,,,
𪞺,6,0,0,,,0,,,,,
𪞻,6,0,0,,,0,,,,,
𪞼,6,0,0,,,0,,,,,
𪞽,6,0,0,,,0,,,,,
𪞾,6,0,0,,,0,,,,,
𪞿,6,0,0,,,0,,,,,
𪟀,6,0,0,,,0,,,,,
𪟁,6,0,0,,,0,,,,,
𪟂,6,0,0,,,0,,,,,
𪟃,6,0,0,,,0,,,,,
𪟄,6,0,0,サク,,0,,,,,
𪟅,6,0,0,,,0,,,,,
𪟆,6,0,0,,,0,,,,,
𪟇,6,0,0,,くじりえる,0,,,,,
𪟈,6,0,0,,,0,,,,,
𪟉,6,0,0,,,0,,,,,
𪟊,6,0,0,,,0,,,,,
𪟋,6,0,0,,,0,,,,,
𪟌,6,0,0,,,0,,,,,
𪟍,6,0,0,,,0,,,,,
𪟎,6,0,0,,,0,,,,,
𪟏,6,0,0,,,0,,,,,
𪟐,6,0,0,,,0,,,,,
𪟑,6,0,0,,,0,,,,,
𪟒,6,0,0,,,0,,,,,
𪟓,6,0,0,,,0,,,,,
𪟔,6,0,0,,,0,,,,,
𪟕,6,0,0,,,0,,,,,
𪟖,6,0,0,,,0,,,,,
𪟗,6,0,0,,かなり,0,,,,,
𪟘,6,0,0,,,0,,,,,
𪟙,6,0,0,,,0,,,,,
𪟚,6,0,0,,,0,,,,,
𪟛,6,0,0,,,0,,,,,
𪟜,6,0,0,,,0,,,,,
𪟝,6,0,0,,,0,,,,,
𪟞,6,0,0,,,0,,,,,
𪟟,6,0,0,,,0,,,,,
𪟠,6,0,0,,,0,,,,,
𪟡,6,0,0,,,0,,,,,
𪟢,6,0,0,,,0,,,,,
𪟣,6,0,0,,,0,,,,,
𪟤,6,0,0,,,0,,,,,
𪟥,6,0,0,,,0,,,,,
𪟦,6,0,0,,,0,,,,,
𪟧,6,0,0,,たばかる,0,,,,,
𪟨,6,0,0,,,0,,,,,
𪟩,6,0,0,,,0,,,,,
𪟪,6,0,0,,,0,,,,,
𪟫,6,0,0,,,0,,,,,
𪟬,6,0,0,,,0,,,,,
𪟭,6,0,0,,,0,,,,,
𪟮,6,0,0,,,0,,,,,
𪟯,6,0,0,,,0,,,,,
𪟰,6,0,0,,,0,,,,,
𪟱,6,0,0,,,0,,,,,
𪟲,6,0,0,,,0,,,,,
𪟳,6,0,0,,,0,,,,,
𪟴,6,0,0,,,0,,,,,
𪟵,6,0,0,,,0,,,,,
𪟶,6,0,0,,,0,,,,,
𪟷,6,0,0,,うちかう,0,,,,,
𪟸,6,0,0,,,0,,,,,
𪟹,6,0,0,,,0,,,,,
𪟺,6,0,0,,,0,,,,,
𪟻,6,0,0,,,0,,,,,
𪟼,6,0,0,,,0,,,,,
𪟽,6,0,0,,,0,,,,,
𪟾,6,0,0,,,0,,,,,
𪟿,6,0,0,,,0,,,,,
𪠀,6,0,0,,,0,,,,,
𪠁,6,0,0,,,0,,,,,
𪠂,6,0,0,,,0,,,,,
𪠃,6,0,0,,,0,,,,,
𪠄,6,0,0,,,0,,,,,
𪠅,6,0,0,,,0,,,,,
𪠆,6,0,0,,,0,,,,,
𪠇,6,0,0,,,0,,,,,
𪠈,6,0,0,,,0,,,,,
𪠉,6,0,0,,,0,,,,,
𪠊,6,0,0,,,0,,,,,
𪠋,6,0,0,,,0,,,,,
𪠌,6,0,0,,,0,,,,,
𪠍,6,0,0,,,0,,,,,
𪠎,6,0,0,,,0,,,,,
𪠏,6,0,0,,,0,,,,,
𪠐,6,0,0,,,0,,,,,
𪠑,6,0,0,,,0,,,,,
𪠒,6,0,0,,,0,,,,,
𪠓,6,0,0,,,0,,,,,
𪠔,6,0,0,,,0,,,,,
𪠕,6,0,0,,,0,,,,,
𪠖,6,0,0,,,0,,,,,
𪠗,6,0,0,,,0,,,,,
𪠘,6,0,0,カイ,,0,,,,,
𪠙,6,0,0,,,0,,,,,
𪠚,6,0,0,,,0,,,,,
𪠛,6,0,0,,,0,,,,,
𪠜,6,0,0,,,0,,,,,
𪠝,6,0,0,,,0,,,,,
𪠞,6,0,0,,,0,,,,,
𪠟,6,0,0,,,0,,,,,
𪠠,6,0,0,,,0,,,,,
𪠡,6,0,0,,,0,,,,,
𪠢,6,0,0,,,0,,,,,
𪠣,6,0,0,,,0,,,,,
𪠤,6,0,0,,,0,,,,,
𪠥,6,0,0,,,0,,,,,
𪠦,6,0,0,,,0,,,,,
𪠧,6,0,0,,,0,,,,,
𪠨,6,0,0,,,0,,,,,
𪠩,6,0,0,,,0,,,,,
𪠪,6,0,0,,,0,,,,,
𪠫,6,0,0,,,0,,,,,
𪠬,6,0,0,,,0,,,,,
𪠭,6,0,0,,,0,,,,,
𪠮,6,0,0,,,0,,,,,
𪠯,6,0,0,,,0,,,,,
𪠰,6,0,0,,,0,,,,,
𪠱,6,0,0,,,0,,,,,
𪠲,6,0,0,ボツ シュ,ほこ,0,,,,,
𪠳,6,0,0,,,0,,,,,
𪠴,6,0,0,,,0,,,,,
𪠵,6,0,0,,,0,,,,,
𪠶,6,0,0,,,0,,,,,
𪠷,6,0,0,,,0,,,,,
𪠸,6,0,0,,,0,,,,,
𪠹,6,0,0,,,0,,,,,
𪠺,6,0,0,,,0,,,,,
𪠻,6,0,0,,,0,,,,,
𪠼,6,0,0,,,0,,,,,
𪠽,6,0,0,,,0,,,,,
𪠾,6,0,0,,,0,,,,,
𪠿,6,0,0,,,0,,,,,
𪡀,6,0,0,,,0,,,,,
𪡁,6,0,0,,,0,,,,,
𪡂,6,0,0,,,0,,,,,
𪡃,6,0,0,,,0,,,,,
𪡄,6,0,0,,,0,,,,,
𪡅,6,0,0,,わに,0,,,,,
𪡆,6,0,0,,,0,,,,,
𪡇,6,0,0,,,0,,,,,
𪡈,6,0,0,,,0,,,,,
𪡉,6,0,0,,,0,,,,,
𪡊,6,0,0,,,0,,,,,
𪡋,6,0,0,,,0,,,,,
𪡌,6,0,0,,,0,,,,,
𪡍,6,0,0,,,0,,,,,
𪡎,6,0,0,,,0,,,,,
𪡏,6,0,0,,,0,,,,,
𪡐,6,0,0,,,0,,,,,
𪡑,6,0,0,,,0,,,,,
𪡒,6,0,0,,,0,,,,,
𪡓,6,0,0,,,0,,,,,
𪡔,6,0,0,,,0,,,,,
𪡕,6,0,0,,,0,,,,,
𪡖,6,0,0,,,0,,,,,
𪡗,6,0,0,,,0,,,,,
𪡘,6,0,0,,,0,,,,,
𪡙,6,0,0,,,0,,,,,
𪡚,6,0,0,,,0,,,,,
𪡛,6,0,0,,,0,,,,,
𪡜,6,0,0,,,0,,,,,
𪡝,6,0,0,,,0,,,,,
𪡞,6,0,0,,,0,,,,,
𪡟,6,0,0,,,0,,,,,
𪡠,6,0,0,,せん,0,,,,,
𪡡,6,0,0,,にげかむ,0,,,,,
𪡢,6,0,0,,,0,,,,,
𪡣,6,0,0,,,0,,,,,
𪡤,6,0,0,,,0,,,,,
𪡥,6,0,0,,,0,,,,,
𪡦,6,0,0,,,0,,,,,
𪡧,6,0,0,,,0,,,,,
𪡨,6,0,0,,なげく,0,,,,,
𪡩,6,0,0,,,0,,,,,
𪡪,6,0,0,,,0,,,,,
𪡫,6,0,0,,,0,,,,,
𪡬,6,0,0,,,0,,,,,
𪡭,6,0,0,,,0,,,,,
𪡮,6,0,0,,,0,,,,,
𪡯,6,0,0,,,0,,,,,
𪡰,6,0,0,,,0,,,,,
𪡱,6,0,0,,,0,,,,,
𪡲,6,0,0,,,0,,,,,
𪡳,6,0,0,,,0,,,,,
𪡴,6,0,0,,,0,,,,,
𪡵,6,0,0,,,0,,,,,
𪡶,6,0,0,,,0,,,,,
𪡷,6,0,0,,,0,,,,,
𪡸,6,0,0,,,0,,,,,
𪡹,6,0,0,,ひかえる,0,,,,,
𪡺,6,0,0,,,0,,,,,
𪡻,6,0,0,,,0,,,,,
𪡼,6,0,0,,,0,,,,,
𪡽,6,0,0,,,0,,,,,
𪡾,6,0,0,,,0,,,,,
𪡿,6,0,0,,,0,,,,,
𪢀,6,0,0,,,0,,,,,
𪢁,6,0,0,,,0,,,,,
𪢂,6,0,0,,つくづく,0,,,,,
𪢃,6,0,0,,,0,,,,,
𪢄,6,0,0,,,0,,,,,
𪢅,6,0,0,,,0,,,,,
𪢆,6,0,0,,,0,,,,,
𪢇,6,0,0,,,0,,,,,
𪢈,6,0,0,,,0,,,,,
𪢉,6,0,0,,,0,,,,,
𪢊,6,0,0,,かまびすしい,0,,,,,
𪢋,6,0,0,,,0,,,,,
𪢌,6,0,0,,,0,,,,,
𪢍,6,0,0,,,0,,,,,
𪢎,6,0,0,,,0,,,,,
𪢏,6,0,0,,,0,,,,,
𪢐,6,0,0,,,0,,,,,
𪢑,6,0,0,,,0,,,,,
𪢒,6,0,0,,,0,,,,,
𪢓,6,0,0,,,0,,,,,
𪢔,6,0,0,,,0,,,,,
𪢕,6,0,0,,,0,,,,,
𪢖,6,0,0,,,0,,,,,
𪢗,6,0,0,,,0,,,,,
𪢘,6,0,0,,,0,,,,,
𪢙,6,0,0,,,0,,,,,
𪢚,6,0,0,,,0,,,,,
𪢛,6,0,0,,,0,,,,,
𪢜,6,0,0,,,0,,,,,
𪢝,6,0,0,,,0,,,,,
𪢞,6,0,0,,,0,,,,,
𪢟,6,0,0,,,0,,,,,
𪢠,6,0,0,,,0,,,,,
𪢡,6,0,0,,,0,,,,,
𪢢,6,0,0,,,0,,,,,
𪢣,6,0,0,,,0,,,,,
𪢤,6,0,0,,,0,,,,,
𪢥,6,0,0,,,0,,,,,
𪢦,6,0,0,,,0,,,,,
𪢧,6,0,0,,,0,,,,,
𪢨,6,0,0,,,0,,,,,
𪢩,6,0,0,,,0,,,,,
𪢪,6,0,0,,,0,,,,,
𪢫,6,0,0,,,0,,,,,
𪢬,6,0,0,,,0,,,,,
𪢭,6,0,0,,,0,,,,,
𪢮,6,0,0,,,0,,,,,
𪢯,6,0,0,,,0,,,,,
𪢰,6,0,0,,,0,,,,,
𪢱,6,0,0,,,0,,,,,
𪢲,6,0,0,,,0,,,,,
𪢳,6,0,0,,,0,,,,,
𪢴,6,0,0,,,0,,,,,
𪢵,6,0,0,,,0,,,,,
𪢶,6,0,0,,,0,,,,,
𪢷,6,0,0,,,0,,,,,
𪢸,6,0,0,,,0,,,,,
𪢹,6,0,0,,,0,,,,,
𪢺,6,0,0,,,0,,,,,
𪢻,6,0,0,,,0,,,,,
𪢼,6,0,0,,,0,,,,,
𪢽,6,0,0,,,0,,,,,
𪢾,6,0,0,,,0,,,,,
𪢿,6,0,0,,,0,,,,,
𪣀,6,0,0,,,0,,,,,
𪣁,6,0,0,,,0,,,,,
𪣂,6,0,0,,,0,,,,,
𪣃,6,0,0,,,0,,,,,
𪣄,6,0,0,,,0,,,,,
𪣅,6,0,0,,,0,,,,,
𪣆,6,0,0,,,0,,,,,
𪣇,6,0,0,,,0,,,,,
𪣈,6,0,0,,,0,,,,,
𪣉,6,0,0,,,0,,,,,
𪣊,6,0,0,,,0,,,,,
𪣋,6,0,0,,,0,,,,,
𪣌,6,0,0,,,0,,,,,
𪣍,6,0,0,,,0,,,,,
𪣎,6,0,0,,,0,,,,,
𪣏,6,0,0,,,0,,,,,
𪣐,6,0,0,,,0,,,,,
𪣑,6,0,0,,,0,,,,,
𪣒,6,0,0,,,0,,,,,
𪣓,6,0,0,,,0,,,,,
𪣔,6,0,0,,,0,,,,,
𪣕,6,0,0,,,0,,,,,
𪣖,6,0,0,,,0,,,,,
𪣗,6,0,0,,,0,,,,,
𪣘,6,0,0,,,0,,,,,
𪣙,6,0,0,,,0,,,,,
𪣚,6,0,0,,,0,,,,,
𪣛,6,0,0,,,0,,,,,
𪣜,6,0,0,,,0,,,,,
𪣝,6,0,0,,,0,,,,,
𪣞,6,0,0,,,0,,,,,
𪣟,6,0,0,,,0,,,,,
𪣠,6,0,0,,,0,,,,,
𪣡,6,0,0,,,0,,,,,
𪣢,6,0,0,,,0,,,,,
𪣣,6,0,0,,,0,,,,,
𪣤,6,0,0,,,0,,,,,
𪣥,6,0,0,,ほとぎ,0,,,,,
𪣦,6,0,0,,,0,,,,,
𪣧,6,0,0,,,0,,,,,
𪣨,6,0,0,,さま,0,,,,,
𪣩,6,0,0,,,0,,,,,
𪣪,6,0,0,,,0,,,,,
𪣫,6,0,0,,,0,,,,,
𪣬,6,0,0,,,0,,,,,
𪣭,6,0,0,,,0,,,,,
𪣮,6,0,0,,,0,,,,,
𪣯,6,0,0,,,0,,,,,
𪣰,6,0,0,,,0,,,,,
𪣱,6,0,0,,,0,,,,,
𪣲,6,0,0,,,0,,,,,
𪣳,6,0,0,,,0,,,,,
𪣴,6,0,0,,,0,,,,,
𪣵,6,0,0,,,0,,,,,
𪣶,6,0,0,,,0,,,,,
𪣷,6,0,0,,,0,,,,,
𪣸,6,0,0,,,0,,,,,
𪣹,6,0,0,,,0,,,,,
𪣺,6,0,0,,,0,,,,,
𪣻,6,0,0,,,0,,,,,
𪣼,6,0,0,,,0,,,,,
𪣽,6,0,0,,,0,,,,,
𪣾,6,0,0,,,0,,,,,
𪣿,6,0,0,,,0,,,,,
𪤀,6,0,0,,,0,,,,,
𪤁,6,0,0,,,0,,,,,
𪤂,6,0,0,,,0,,,,,
𪤃,6,0,0,,,0,,,,,
𪤄,6,0,0,,,0,,,,,
𪤅,6,0,0,,,0,,,,,
𪤆,6,0,0,,,0,,,,,
𪤇,6,0,0,,,0,,,,,
𪤈,6,0,0,,,0,,,,,
𪤉,6,0,0,,,0,,,,,
𪤊,6,0,0,,,0,,,,,
𪤋,6,0,0,,,0,,,,,
𪤌,6,0,0,,,0,,,,,
𪤍,6,0,0,,,0,,,,,
𪤎,6,0,0,,,0,,,,,
𪤏,6,0,0,,,0,,,,,
𪤐,6,0,0,,,0,,,,,
𪤑,6,0,0,,,0,,,,,
𪤒,6,0,0,,,0,,,,,
𪤓,6,0,0,,,0,,,,,
𪤔,6,0,0,,,0,,,,,
𪤕,6,0,0,,,0,,,,,
𪤖,6,0,0,,,0,,,,,
𪤗,6,0,0,,,0,,,,,
𪤘,6,0,0,,,0,,,,,
𪤙,6,0,0,,,0,,,,,
𪤚,6,0,0,,,0,,,,,
𪤛,6,0,0,,,0,,,,,
𪤜,6,0,0,,,0,,,,,
𪤝,6,0,0,,,0,,,,,
𪤞,6,0,0,,,0,,,,,
𪤟,6,0,0,,,0,,,,,
𪤠,6,0,0,,,0,,,,,
𪤡,6,0,0,,,0,,,,,
𪤢,6,0,0,,,0,,,,,
𪤣,6,0,0,,,0,,,,,
𪤤,6,0,0,,,0,,,,,
𪤥,6,0,0,,,0,,,,,
𪤦,6,0,0,,,0,,,,,
𪤧,6,0,0,,,0,,,,,
𪤨,6,0,0,,,0,,,,,
𪤩,6,0,0,,,0,,,,,
𪤪,6,0,0,,,0,,,,,
𪤫,6,0,0,,,0,,,,,
𪤬,6,0,0,,,0,,,,,
𪤭,6,0,0,,,0,,,,,
𪤮,6,0,0,,,0,,,,,
𪤯,6,0,0,,,0,,,,,
𪤰,6,0,0,,,0,,,,,
𪤱,6,0,0,,,0,,,,,
𪤲,6,0,0,,,0,,,,,
𪤳,6,0,0,,,0,,,,,
𪤴,6,0,0,,,0,,,,,
𪤵,6,0,0,,,0,,,,,
𪤶,6,0,0,,,0,,,,,
𪤷,6,0,0,,,0,,,,,
𪤸,6,0,0,,,0,,,,,
𪤹,6,0,0,,,0,,,,,
𪤺,6,0,0,,,0,,,,,
𪤻,6,0,0,,,0,,,,,
𪤼,6,0,0,,,0,,,,,
𪤽,6,0,0,,,0,,,,,
𪤾,6,0,0,,,0,,,,,
𪤿,6,0,0,,,0,,,,,
𪥀,6,0,0,,,0,,,,,
𪥁,6,0,0,,,0,,,,,
𪥂,6,0,0,,,0,,,,,
𪥃,6,0,0,,,0,,,,,
𪥄,6,0,0,テイ ダイ タ ダ,かぢ,0,,,,,
𪥅,6,0,0,,,0,,,,,
𪥆,6,0,0,,,0,,,,,
𪥇,6,0,0,,,0,,,,,
𪥈,6,0,0,,,0,,,,,
𪥉,6,0,0,,,0,,,,,
𪥊,6,0,0,,,0,,,,,
𪥋,6,0,0,,,0,,,,,
𪥌,6,0,0,,,0,,,,,
𪥍,6,0,0,,,0,,,,,
𪥎,6,0,0,,,0,,,,,
𪥏,6,0,0,,,0,,,,,
𪥐,6,0,0,,,0,,,,,
𪥑,6,0,0,,,0,,,,,
𪥒,6,0,0,,,0,,,,,
𪥓,6,0,0,,,0,,,,,
𪥔,6,0,0,,,0,,,,,
𪥕,6,0,0,,,0,,,,,
𪥖,6,0,0,,,0,,,,,
𪥗,6,0,0,,,0,,,,,
𪥘,6,0,0,,,0,,,,,
𪥙,6,0,0,,,0,,,,,
𪥚,6,0,0,,,0,,,,,
𪥛,6,0,0,,,0,,,,,
𪥜,6,0,0,,,0,,,,,
𪥝,6,0,0,,,0,,,,,
𪥞,6,0,0,,,0,,,,,
𪥟,6,0,0,,,0,,,,,
𪥠,6,0,0,,,0,,,,,
𪥡,6,0,0,,,0,,,,,
𪥢,6,0,0,,,0,,,,,
𪥣,6,0,0,,あら,0,,,,,
𪥤,6,0,0,,,0,,,,,
𪥥,6,0,0,,,0,,,,,
𪥦,6,0,0,,,0,,,,,
𪥧,6,0,0,,,0,,,,,
𪥨,6,0,0,,,0,,,,,
𪥩,6,0,0,,,0,,,,,
𪥪,6,0,0,,,0,,,,,
𪥫,6,0,0,,,0,,,,,
𪥬,6,0,0,,,0,,,,,
𪥭,6,0,0,,,0,,,,,
𪥮,6,0,0,,しゅうとめ,0,,,,,
𪥯,6,0,0,,,0,,,,,
𪥰,6,0,0,,,0,,,,,
𪥱,6,0,0,,,0,,,,,
𪥲,6,0,0,,かんなぎ,0,,,,,
𪥳,6,0,0,,,0,,,,,
𪥴,6,0,0,,,0,,,,,
𪥵,6,0,0,,,0,,,,,
𪥶,6,0,0,,,0,,,,,
𪥷,6,0,0,,,0,,,,,
𪥸,6,0,0,,,0,,,,,
𪥹,6,0,0,,,0,,,,,
𪥺,6,0,0,,,0,,,,,
𪥻,6,0,0,,,0,,,,,
𪥼,6,0,0,,,0,,,,,
𪥽,6,0,0,,おみな,0,,,,,
𪥾,6,0,0,,,0,,,,,
𪥿,6,0,0,,,0,,,,,
𪦀,6,0,0,,,0,,,,,
𪦁,6,0,0,,,0,,,,,
𪦂,6,0,0,,,0,,,,,
𪦃,6,0,0,,,0,,,,,
𪦄,6,0,0,,,0,,,,,
𪦅,6,0,0,,,0,,,,,
𪦆,6,0,0,,,0,,,,,
𪦇,6,0,0,,,0,,,,,
𪦈,6,0,0,,,0,,,,,
𪦉,6,0,0,,,0,,,,,
𪦊,6,0,0,,なまめく,0,,,,,
𪦋,6,0,0,,,0,,,,,
𪦌,6,0,0,,,0,,,,,
𪦍,6,0,0,,,0,,,,,
𪦎,6,0,0,,,0,,,,,
𪦏,6,0,0,,きさき,0,,,,,
𪦐,6,0,0,,,0,,,,,
𪦑,6,0,0,,,0,,,,,
𪦒,6,0,0,,,0,,,,,
𪦓,6,0,0,,,0,,,,,
𪦔,6,0,0,,,0,,,,,
𪦕,6,0,0,,,0,,,,,
𪦖,6,0,0,,,0,,,,,
𪦗,6,0,0,,,0,,,,,
𪦘,6,0,0,,,0,,,,,
𪦙,6,0,0,,,0,,,,,
𪦚,6,0,0,,,0,,,,,
𪦛,6,0,0,,,0,,,,,
𪦜,6,0,0,,,0,,,,,
𪦝,6,0,0,,,0,,,,,
𪦞,6,0,0,,,0,,,,,
𪦟,6,0,0,,,0,,,,,
𪦠,6,0,0,,,0,,,,,
𪦡,6,0,0,,,0,,,,,
𪦢,6,0,0,,,0,,,,,
𪦣,6,0,0,,,0,,,,,
𪦤,6,0,0,,,0,,,,,
𪦥,6,0,0,,,0,,,,,
𪦦,6,0,0,,よめ,0,,,,,
𪦧,6,0,0,,,0,,,,,
𪦨,6,0,0,,やもめ,0,,,,,
𪦩,6,0,0,,,0,,,,,
𪦪,6,0,0,,,0,,,,,
𪦫,6,0,0,,,0,,,,,
𪦬,6,0,0,,,0,,,,,
𪦭,6,0,0,,,0,,,,,
𪦮,6,0,0,,うば,0,,,,,
𪦯,6,0,0,,,0,,,,,
𪦰,6,0,0,,,0,,,,,
𪦱,6,0,0,,,0,,,,,
𪦲,6,0,0,,,0,,,,,
𪦳,6,0,0,,,0,,,,,
𪦴,6,0,0,,,0,,,,,
𪦵,6,0,0,,,0,,,,,
𪦶,6,0,0,,,0,,,,,
𪦷,6,0,0,,,0,,,,,
𪦸,6,0,0,,,0,,,,,
𪦹,6,0,0,,,0,,,,,
𪦺,6,0,0,,かせ,0,,,,,
𪦻,6,0,0,,,0,,,,,
𪦼,6,0,0,,,0,,,,,
𪦽,6,0,0,,,0,,,,,
𪦾,6,0,0,,,0,,,,,
𪦿,6,0,0,,,0,,,,,
𪧀,6,0,0,,,0,,,,,
𪧁,6,0,0,,,0,,,,,
𪧂,6,0,0,,,0,,,,,
𪧃,6,0,0,,,0,,,,,
𪧄,6,0,0,,,0,,,,,
𪧅,6,0,0,,,0,,,,,
𪧆,6,0,0,,,0,,,,,
𪧇,6,0,0,,,0,,,,,
𪧈,6,0,0,,,0,,,,,
𪧉,6,0,0,,,0,,,,,
𪧊,6,0,0,,,0,,,,,
𪧋,6,0,0,,,0,,,,,
𪧌,6,0,0,,,0,,,,,
𪧍,6,0,0,,,0,,,,,
𪧎,6,0,0,,,0,,,,,
𪧏,6,0,0,,,0,,,,,
𪧐,6,0,0,,,0,,,,,
𪧑,6,0,0,,,0,,,,,
𪧒,6,0,0,,,0,,,,,
𪧓,6,0,0,,,0,,,,,
𪧔,6,0,0,,,0,,,,,
𪧕,6,0,0,,,0,,,,,
𪧖,6,0,0,,,0,,,,,
𪧗,6,0,0,,,0,,,,,
𪧘,6,0,0,,,0,,,,,
𪧙,6,0,0,,,0,,,,,
𪧚,6,0,0,,,0,,,,,
𪧛,6,0,0,,,0,,,,,
𪧜,6,0,0,,,0,,,,,
𪧝,6,0,0,,,0,,,,,
𪧞,6,0,0,,,0,,,,,
𪧟,6,0,0,ネイ,やすい むしろ,0,,,,,
𪧠,6,0,0,,,0,,,,,
𪧡,6,0,0,,,0,,,,,
𪧢,6,0,0,,,0,,,,,
𪧣,6,0,0,,,0,,,,,
𪧤,6,0,0,,,0,,,,,
𪧥,6,0,0,,,0,,,,,
𪧦,6,0,0,,,0,,,,,
𪧧,6,0,0,,,0,,,,,
𪧨,6,0,0,,,0,,,,,
𪧩,6,0,0,,,0,,,,,
𪧪,6,0,0,,,0,,,,,
𪧫,6,0,0,,,0,,,,,
𪧬,6,0,0,,,0,,,,,
𪧭,6,0,0,,,0,,,,,
𪧮,6,0,0,,,0,,,,,
𪧯,6,0,0,,,0,,,,,
𪧰,6,0,0,,,0,,,,,
𪧱,6,0,0,,,0,,,,,
𪧲,6,0,0,,,0,,,,,
𪧳,6,0,0,,,0,,,,,
𪧴,6,0,0,,,0,,,,,
𪧵,6,0,0,,,0,,,,,
𪧶,6,0,0,,,0,,,,,
𪧷,6,0,0,,,0,,,,,
𪧸,6,0,0,,,0,,,,,
𪧹,6,0,0,,,0,,,,,
𪧺,6,0,0,,,0,,,,,
𪧻,6,0,0,,,0,,,,,
𪧼,6,0,0,,,0,,,,,
𪧽,6,0,0,,,0,,,,,
𪧾,6,0,0,,,0,,,,,
𪧿,6,0,0,,,0,,,,,
𪨀,6,0,0,,,0,,,,,
𪨁,6,0,0,,,0,,,,,
𪨂,6,0,0,,,0,,,,,
𪨃,6,0,0,,,0,,,,,
𪨄,6,0,0,,,0,,,,,
𪨅,6,0,0,,,0,,,,,
𪨆,6,0,0,,,0,,,,,
𪨇,6,0,0,,,0,,,,,
𪨈,6,0,0,,,0,,,,,
𪨉,6,0,0,,,0,,,,,
𪨊,6,0,0,,,0,,,,,
𪨋,6,0,0,,,0,,,,,
𪨌,6,0,0,,,0,,,,,
𪨍,6,0,0,,,0,,,,,
𪨎,6,0,0,,しゃか,0,,,,,
𪨏,6,0,0,,,0,,,,,
𪨐,6,0,0,,,0,,,,,
𪨑,6,0,0,,,0,,,,,
𪨒,6,0,0,,,0,,,,,
𪨓,6,0,0,,,0,,,,,
𪨔,6,0,0,,,0,,,,,
𪨕,6,0,0,,,0,,,,,
𪨖,6,0,0,,,0,,,,,
𪨗,6,0,0,,,0,,,,,
𪨘,6,0,0,,,0,,,,,
𪨙,6,0,0,,,0,,,,,
𪨚,6,0,0,,,0,,,,,
𪨛,6,0,0,,,0,,,,,
𪨜,6,0,0,,,0,,,,,
𪨝,6,0,0,,,0,,,,,
𪨞,6,0,0,,,0,,,,,
𪨟,6,0,0,,,0,,,,,
𪨠,6,0,0,,,0,,,,,
𪨡,6,0,0,,ふむ,0,,,,,
𪨢,6,0,0,,あらし,0,,,,,
𪨣,6,0,0,,,0,,,,,
𪨤,6,0,0,,,0,,,,,
𪨥,6,0,0,,,0,,,,,
𪨦,6,0,0,,,0,,,,,
𪨧,6,0,0,,,0,,,,,
𪨨,6,0,0,,,0,,,,,
𪨩,6,0,0,,,0,,,,,
𪨪,6,0,0,,,0,,,,,
𪨫,6,0,0,,,0,,,,,
𪨬,6,0,0,,は,0,,,,,
𪨭,6,0,0,,,0,,,,,
𪨮,6,0,0,,,0,,,,,
𪨯,6,0,0,,,0,,,,,
𪨰,6,0,0,,,0,,,,,
𪨱,6,0,0,,,0,,,,,
𪨲,6,0,0,,,0,,,,,
𪨳,6,0,0,,,0,,,,,
𪨴,6,0,0,,,0,,,,,
𪨵,6,0,0,,,0,,,,,
𪨶,6,0,0,,,0,,,,,
𪨷,6,0,0,,,0,,,,,
𪨸,6,0,0,,,0,,,,,
𪨹,6,0,0,,,0,,,,,
𪨺,6,0,0,,,0,,,,,
𪨻,6,0,0,,,0,,,,,
𪨼,6,0,0,,,0,,,,,
𪨽,6,0,0,,,0,,,,,
𪨾,6,0,0,,,0,,,,,
𪨿,6,0,0,,,0,,,,,
𪩀,6,0,0,,,0,,,,,
𪩁,6,0,0,,,0,,,,,
𪩂,6,0,0,,,0,,,,,
𪩃,6,0,0,,,0,,,,,
𪩄,6,0,0,,,0,,,,,
𪩅,6,0,0,,,0,,,,,
𪩆,6,0,0,,,0,,,,,
𪩇,6,0,0,,,0,,,,,
𪩈,6,0,0,,,0,,,,,
𪩉,6,0,0,,,0,,,,,
𪩊,6,0,0,,,0,,,,,
𪩋,6,0,0,,,0,,,,,
𪩌,6,0,0,,,0,,,,,
𪩍,6,0,0,,,0,,,,,
𪩎,6,0,0,,,0,,,,,
𪩏,6,0,0,,,0,,,,,
𪩐,6,0,0,,,0,,,,,
𪩑,6,0,0,,,0,,,,,
𪩒,6,0,0,,,0,,,,,
𪩓,6,0,0,,,0,,,,,
𪩔,6,0,0,,,0,,,,,
𪩕,6,0,0,,,0,,,,,
𪩖,6,0,0,,,0,,,,,
𪩗,6,0,0,,,0,,,,,
𪩘,6,0,0,,,0,,,,,
𪩙,6,0,0,,,0,,,,,
𪩚,6,0,0,,,0,,,,,
𪩛,6,0,0,,,0,,,,,
𪩜,6,0,0,,,0,,,,,
𪩝,6,0,0,,,0,,,,,
𪩞,6,0,0,,,0,,,,,
𪩟,6,0,0,,,0,,,,,
𪩠,6,0,0,,,0,,,,,
𪩡,6,0,0,,,0,,,,,
𪩢,6,0,0,,,0,,,,,
𪩣,6,0,0,,,0,,,,,
𪩤,6,0,0,,,0,,,,,
𪩥,6,0,0,,,0,,,,,
𪩦,6,0,0,,,0,,,,,
𪩧,6,0,0,,,0,,,,,
𪩨,6,0,0,,,0,,,,,
𪩩,6,0,0,,いち,0,,,,,
𪩪,6,0,0,,,0,,,,,
𪩫,6,0,0,,,0,,,,,
𪩬,6,0,0,,,0,,,,,
𪩭,6,0,0,,,0,,,,,
𪩮,6,0,0,,,0,,,,,
𪩯,6,0,0,,,0,,,,,
𪩰,6,0,0,,,0,,,,,
𪩱,6,0,0,,,0,,,,,
𪩲,6,0,0,,,0,,,,,
𪩳,6,0,0,,,0,,,,,
𪩴,6,0,0,,,0,,,,,
𪩵,6,0,0,,,0,,,,,
𪩶,6,0,0,,,0,,,,,
𪩷,6,0,0,,,0,,,,,
𪩸,6,0,0,,,0,,,,,
𪩹,6,0,0,,,0,,,,,
𪩺,6,0,0,,,0,,,,,
𪩻,6,0,0,,,0,,,,,
𪩼,6,0,0,,,0,,,,,
𪩽,6,0,0,,,0,,,,,
𪩾,6,0,0,,,0,,,,,
𪩿,6,0,0,,,0,,,,,
𪪀,6,0,0,,,0,,,,,
𪪁,6,0,0,,,0,,,,,
𪪂,6,0,0,,,0,,,,,
𪪃,6,0,0,,,0,,,,,
𪪄,6,0,0,,,0,,,,,
𪪅,6,0,0,,,0,,,,,
𪪆,6,0,0,,,0,,,,,
𪪇,6,0,0,,,0,,,,,
𪪈,6,0,0,,,0,,,,,
𪪉,6,0,0,,,0,,,,,
𪪊,6,0,0,,,0,,,,,
𪪋,6,0,0,,,0,,,,,
𪪌,6,0,0,,,0,,,,,
𪪍,6,0,0,,,0,,,,,
𪪎,6,0,0,,,0,,,,,
𪪏,6,0,0,,,0,,,,,
𪪐,6,0,0,,,0,,,,,
𪪑,6,0,0,,,0,,,,,
𪪒,6,0,0,,,0,,,,,
𪪓,6,0,0,,,0,,,,,
𪪔,6,0,0,,,0,,,,,
𪪕,6,0,0,,,0,,,,,
𪪖,6,0,0,,,0,,,,,
𪪗,6,0,0,,,0,,,,,
𪪘,6,0,0,,,0,,,,,
𪪙,6,0,0,,,0,,,,,
𪪚,6,0,0,,,0,,,,,
𪪛,6,0,0,,,0,,,,,
𪪜,6,0,0,,,0,,,,,
𪪝,6,0,0,,,0,,,,,
𪪞,6,0,0,,,0,,,,,
𪪟,6,0,0,,,0,,,,,
𪪠,6,0,0,,,0,,,,,
𪪡,6,0,0,,,0,,,,,
𪪢,6,0,0,,,0,,,,,
𪪣,6,0,0,,,0,,,,,
𪪤,6,0,0,,,0,,,,,
𪪥,6,0,0,,,0,,,,,
𪪦,6,0,0,,,0,,,,,
𪪧,6,0,0,,,0,,,,,
𪪨,6,0,0,,,0,,,,,
𪪩,6,0,0,,,0,,,,,
𪪪,6,0,0,,,0,,,,,
𪪫,6,0,0,,,0,,,,,
𪪬,6,0,0,,,0,,,,,
𪪭,6,0,0,,,0,,,,,
𪪮,6,0,0,,,0,,,,,
𪪯,6,0,0,,,0,,,,,
𪪰,6,0,0,,,0,,,,,
𪪱,6,0,0,,,0,,,,,
𪪲,6,0,0,,,0,,,,,
𪪳,6,0,0,,,0,,,,,
𪪴,6,0,0,,,0,,,,,
𪪵,6,0,0,,,0,,,,,
𪪶,6,0,0,,,0,,,,,
𪪷,6,0,0,,,0,,,,,
𪪸,6,0,0,,,0,,,,,
𪪹,6,0,0,,,0,,,,,
𪪺,6,0,0,コウ グ,ひろい ひろめる,0,,,,,
𪪻,6,0,0,,,0,,,,,
𪪼,6,0,0,,,0,,,,,
𪪽,6,0,0,,,0,,,,,
𪪾,6,0,0,,,0,,,,,
𪪿,6,0,0,,ゆずか,0,,,,,
𪫀,6,0,0,,,0,,,,,
𪫁,6,0,0,,,0,,,,,
𪫂,6,0,0,,,0,,,,,
𪫃,6,0,0,,,0,,,,,
𪫄,6,0,0,,にちょうのゆみ,0,,,,,
𪫅,6,0,0,,,0,,,,,
𪫆,6,0,0,,,0,,,,,
𪫇,6,0,0,,,0,,,,,
𪫈,6,0,0,,,0,,,,,
𪫉,6,0,0,,,0,,,,,
𪫊,6,0,0,,,0,,,,,
𪫋,6,0,0,,,0,,,,,
𪫌,6,0,0,,,0,,,,,
𪫍,6,0,0,,,0,,,,,
𪫎,6,0,0,,,0,,,,,
𪫏,6,0,0,,,0,,,,,
𪫐,6,0,0,,,0,,,,,
𪫑,6,0,0,,,0,,,,,
𪫒,6,0,0,,,0,,,,,
𪫓,6,0,0,,,0,,,,,
𪫔,6,0,0,,,0,,,,,
𪫕,6,0,0,,,0,,,,,
𪫖,6,0,0,,,0,,,,,
𪫗,6,0,0,,,0,,,,,
𪫘,6,0,0,,,0,,,,,
𪫙,6,0,0,,,0,,,,,
𪫚,6,0,0,,,0,,,,,
𪫛,6,0,0,,,0,,,,,
𪫜,6,0,0,,,0,,,,,
𪫝,6,0,0,,,0,,,,,
𪫞,6,0,0,,,0,,,,,
𪫟,6,0,0,,,0,,,,,
𪫠,6,0,0,,,0,,,,,
𪫡,6,0,0,,,0,,,,,
𪫢,6,0,0,,,0,,,,,
𪫣,6,0,0,,,0,,,,,
𪫤,6,0,0,,,0,,,,,
𪫥,6,0,0,,,0,,,,,
𪫦,6,0,0,,,0,,,,,
𪫧,6,0,0,,おもしろい,0,,,,,
𪫨,6,0,0,,,0,,,,,
𪫩,6,0,0,,,0,,,,,
𪫪,6,0,0,,,0,,,,,
𪫫,6,0,0,,,0,,,,,
𪫬,6,0,0,,ねんごろ,0,,,,,
𪫭,6,0,0,,,0,,,,,
𪫮,6,0,0,,,0,,,,,
𪫯,6,0,0,,,0,,,,,
𪫰,6,0,0,,,0,,,,,
𪫱,6,0,0,,,0,,,,,
𪫲,6,0,0,,,0,,,,,
𪫳,6,0,0,,,0,,,,,
𪫴,6,0,0,,,0,,,,,
𪫵,6,0,0,,,0,,,,,
𪫶,6,0,0,,,0,,,,,
𪫷,6,0,0,,,0,,,,,
𪫸,6,0,0,,おびやかす,0,,,,,
𪫹,6,0,0,,,0,,,,,
𪫺,6,0,0,,,0,,,,,
𪫻,6,0,0,,,0,,,,,
𪫼,6,0,0,,,0,,,,,
𪫽,6,0,0,,,0,,,,,
𪫾,6,0,0,,,0,,,,,
𪫿,6,0,0,,,0,,,,,
𪬀,6,0,0,,,0,,,,,
𪬁,6,0,0,,,0,,,,,
𪬂,6,0,0,,,0,,,,,
𪬃,6,0,0,ケン カン セン,よし,0,,,,,
𪬄,6,0,0,,,0,,,,,
𪬅,6,0,0,,あこがれる,0,,,,,
𪬆,6,0,0,,,0,,,,,
𪬇,6,0,0,,,0,,,,,
𪬈,6,0,0,,,0,,,,,
𪬉,6,0,0,,,0,,,,,
𪬊,6,0,0,,,0,,,,,
𪬋,6,0,0,,,0,,,,,
𪬌,6,0,0,,,0,,,,,
𪬍,6,0,0,,,0,,,,,
𪬎,6,0,0,,,0,,,,,
𪬏,6,0,0,,,0,,,,,
𪬐,6,0,0,,,0,,,,,
𪬑,6,0,0,,,0,,,,,
𪬒,6,0,0,,,0,,,,,
𪬓,6,0,0,,,0,,,,,
𪬔,6,0,0,,,0,,,,,
𪬕,6,0,0,,,0,,,,,
𪬖,6,0,0,,,0,,,,,
𪬗,6,0,0,,,0,,,,,
𪬘,6,0,0,,,0,,,,,
𪬙,6,0,0,,,0,,,,,
𪬚,6,0,0,,,0,,,,,
𪬛,6,0,0,,,0,,,,,
𪬜,6,0,0,,,0,,,,,
𪬝,6,0,0,,,0,,,,,
𪬞,6,0,0,,,0,,,,,
𪬟,6,0,0,,,0,,,,,
𪬠,6,0,0,,,0,,,,,
𪬡,6,0,0,,,0,,,,,
𪬢,6,0,0,,,0,,,,,
𪬣,6,0,0,,,0,,,,,
𪬤,6,0,0,,,0,,,,,
𪬥,6,0,0,,,0,,,,,
𪬦,6,0,0,,,0,,,,,
𪬧,6,0,0,,,0,,,,,
𪬨,6,0,0,,,0,,,,,
𪬩,6,0,0,,,0,,,,,
𪬪,6,0,0,,,0,,,,,
𪬫,6,0,0,,,0,,,,,
𪬬,6,0,0,,,0,,,,,
𪬭,6,0,0,,,0,,,,,
𪬮,6,0,0,,,0,,,,,
𪬯,6,0,0,,,0,,,,,
𪬰,6,0,0,,,0,,,,,
𪬱,6,0,0,,,0,,,,,
𪬲,6,0,0,,,0,,,,,
𪬳,6,0,0,,,0,,,,,
𪬴,6,0,0,,,0,,,,,
𪬵,6,0,0,,,0,,,,,
𪬶,6,0,0,,,0,,,,,
𪬷,6,0,0,,,0,,,,,
𪬸,6,0,0,,,0,,,,,
𪬹,6,0,0,,,0,,,,,
𪬺,6,0,0,,,0,,,,,
𪬻,6,0,0,,,0,,,,,
𪬼,6,0,0,,,0,,,,,
𪬽,6,0,0,,,0,,,,,
𪬾,6,0,0,,,0,,,,,
𪬿,6,0,0,,すずろに,0,,,,,
𪭀,6,0,0,,,0,,,,,
𪭁,6,0,0,,,0,,,,,
𪭂,6,0,0,,,0,,,,,
𪭃,6,0,0,,,0,,,,,
𪭄,6,0,0,,,0,,,,,
𪭅,6,0,0,,,0,,,,,
𪭆,6,0,0,,,0,,,,,
𪭇,6,0,0,,,0,,,,,
𪭈,6,0,0,,,0,,,,,
𪭉,6,0,0,,あらわす,0,,,,,
𪭊,6,0,0,,,0,,,,,
𪭋,6,0,0,,,0,,,,,
𪭌,6,0,0,,,0,,,,,
𪭍,6,0,0,,,0,,,,,
𪭎,6,0,0,,,0,,,,,
𪭏,6,0,0,,,0,,,,,
𪭐,6,0,0,,,0,,,,,
𪭑,6,0,0,,,0,,,,,
𪭒,6,0,0,,,0,,,,,
𪭓,6,0,0,,,0,,,,,
𪭔,6,0,0,,,0,,,,,
𪭕,6,0,0,,,0,,,,,
𪭖,6,0,0,,,0,,,,,
𪭗,6,0,0,,,0,,,,,
𪭘,6,0,0,,,0,,,,,
𪭙,6,0,0,,,0,,,,,
𪭚,6,0,0,,,0,,,,,
𪭛,6,0,0,,,0,,,,,
𪭜,6,0,0,,,0,,,,,
𪭝,6,0,0,,,0,,,,,
𪭞,6,0,0,,,0,,,,,
𪭟,6,0,0,,,0,,,,,
𪭠,6,0,0,,,0,,,,,
𪭡,6,0,0,,,0,,,,,
𪭢,6,0,0,,,0,,,,,
𪭣,6,0,0,,,0,,,,,
𪭤,6,0,0,,,0,,,,,
𪭥,6,0,0,,,0,,,,,
𪭦,6,0,0,,,0,,,,,
𪭧,6,0,0,,,0,,,,,
𪭨,6,0,0,,,0,,,,,
𪭩,6,0,0,,,0,,,,,
𪭪,6,0,0,,,0,,,,,
𪭫,6,0,0,,,0,,,,,
𪭬,6,0,0,,,0,,,,,
𪭭,6,0,0,,,0,,,,,
𪭮,6,0,0,,,0,,,,,
𪭯,6,0,0,,,0,,,,,
𪭰,6,0,0,,,0,,,,,
𪭱,6,0,0,,さがす,0,,,,,
𪭲,6,0,0,,,0,,,,,
𪭳,6,0,0,,,0,,,,,
𪭴,6,0,0,,,0,,,,,
𪭵,6,0,0,,,0,,,,,
𪭶,6,0,0,,,0,,,,,
𪭷,6,0,0,,たぐり,0,,,,,
𪭸,6,0,0,,,0,,,,,
𪭹,6,0,0,,,0,,,,,
𪭺,6,0,0,ラツ ラチ レツ レチ,とる,0,,,,,
𪭻,6,0,0,,,0,,,,,
𪭼,6,0,0,,つむる,0,,,,,
𪭽,6,0,0,,,0,,,,,
𪭾,6,0,0,,,0,,,,,
𪭿,6,0,0,,,0,,,,,
𪮀,6,0,0,,,0,,,,,
𪮁,6,0,0,,,0,,,,,
𪮂,6,0,0,,,0,,,,,
𪮃,6,0,0,,,0,,,,,
𪮄,6,0,0,,,0,,,,,
𪮅,6,0,0,,,0,,,,,
𪮆,6,0,0,,,0,,,,,
𪮇,6,0,0,,ら,0,,,,,
𪮈,6,0,0,,,0,,,,,
𪮉,6,0,0,,,0,,,,,
𪮊,6,0,0,,,0,,,,,
𪮋,6,0,0,,,0,,,,,
𪮌,6,0,0,,,0,,,,,
𪮍,6,0,0,,,0,,,,,
𪮎,6,0,0,,,0,,,,,
𪮏,6,0,0,,,0,,,,,
𪮐,6,0,0,,,0,,,,,
𪮑,6,0,0,,,0,,,,,
𪮒,6,0,0,,,0,,,,,
𪮓,6,0,0,,,0,,,,,
𪮔,6,0,0,,,0,,,,,
𪮕,6,0,0,,,0,,,,,
𪮖,6,0,0,,,0,,,,,
𪮗,6,0,0,,,0,,,,,
𪮘,6,0,0,,,0,,,,,
𪮙,6,0,0,,,0,,,,,
𪮚,6,0,0,,,0,,,,,
𪮛,6,0,0,,,0,,,,,
𪮜,6,0,0,,,0,,,,,
𪮝,6,0,0,,,0,,,,,
𪮞,6,0,0,,,0,,,,,
𪮟,6,0,0,,,0,,,,,
𪮠,6,0,0,,,0,,,,,
𪮡,6,0,0,,,0,,,,,
𪮢,6,0,0,,,0,,,,,
𪮣,6,0,0,,,0,,,,,
𪮤,6,0,0,,,0,,,,,
𪮥,6,0,0,,,0,,,,,
𪮦,6,0,0,,,0,,,,,
𪮧,6,0,0,,,0,,,,,
𪮨,6,0,0,,,0,,,,,
𪮩,6,0,0,,,0,,,,,
𪮪,6,0,0,,,0,,,,,
𪮫,6,0,0,,,0,,,,,
𪮬,6,0,0,,,0,,,,,
𪮭,6,0,0,,,0,,,,,
𪮮,6,0,0,,,0,,,,,
𪮯,6,0,0,,,0,,,,,
𪮰,6,0,0,,,0,,,,,
𪮱,6,0,0,,,0,,,,,
𪮲,6,0,0,ショウ ゾウ ヨウ,さま,0,,,,,
𪮳,6,0,0,,,0,,,,,
𪮴,6,0,0,,,0,,,,,
𪮵,6,0,0,,,0,,,,,
𪮶,6,0,0,,,0,,,,,
𪮷,6,0,0,,さ は,0,,,,,
𪮸,6,0,0,,,0,,,,,
𪮹,6,0,0,,,0,,,,,
𪮺,6,0,0,,,0,,,,,
𪮻,6,0,0,,,0,,,,,
𪮼,6,0,0,,,0,,,,,
𪮽,6,0,0,,,0,,,,,
𪮾,6,0,0,,,0,,,,,
𪮿,6,0,0,,,0,,,,,
𪯀,6,0,0,,,0,,,,,
𪯁,6,0,0,,,0,,,,,
𪯂,6,0,0,,,0,,,,,
𪯃,6,0,0,,,0,,,,,
𪯄,6,0,0,,,0,,,,,
𪯅,6,0,0,,,0,,,,,
𪯆,6,0,0,,えと,0,,,,,
𪯇,6,0,0,,,0,,,,,
𪯈,6,0,0,,,0,,,,,
𪯉,6,0,0,,,0,,,,,
𪯊,6,0,0,,,0,,,,,
𪯋,6,0,0,,,0,,,,,
𪯌,6,0,0,,,0,,,,,
𪯍,6,0,0,,,0,,,,,
𪯎,6,0,0,,,0,,,,,
𪯏,6,0,0,,,0,,,,,
𪯐,6,0,0,,,0,,,,,
𪯑,6,0,0,,,0,,,,,
𪯒,6,0,0,,,0,,,,,
𪯓,6,0,0,,,0,,,,,
𪯔,6,0,0,,,0,,,,,
𪯕,6,0,0,,,0,,,,,
𪯖,6,0,0,,,0,,,,,
𪯗,6,0,0,,,0,,,,,
𪯘,6,0,0,,,0,,,,,
𪯙,6,0,0,テキ,かたき,0,,,,,
𪯚,6,0,0,,,0,,,,,
𪯛,6,0,0,,,0,,,,,
𪯜,6,0,0,,,0,,,,,
𪯝,6,0,0,,,0,,,,,
𪯞,6,0,0,,,0,,,,,
𪯟,6,0,0,,,0,,,,,
𪯠,6,0,0,,,0,,,,,
𪯡,6,0,0,,,0,,,,,
𪯢,6,0,0,,,0,,,,,
𪯣,6,0,0,,,0,,,,,
𪯤,6,0,0,,,0,,,,,
𪯥,6,0,0,,,0,,,,,
𪯦,6,0,0,,,0,,,,,
𪯧,6,0,0,,,0,,,,,
𪯨,6,0,0,,,0,,,,,
𪯩,6,0,0,,,0,,,,,
𪯪,6,0,0,,,0,,,,,
𪯫,6,0,0,,,0,,,,,
𪯬,6,0,0,,,0,,,,,
𪯭,6,0,0,,,0,,,,,
𪯮,6,0,0,,,0,,,,,
𪯯,6,0,0,,,0,,,,,
𪯰,6,0,0,,,0,,,,,
𪯱,6,0,0,,,0,,,,,
𪯲,6,0,0,,,0,,,,,
𪯳,6,0,0,,,0,,,,,
𪯴,6,0,0,,,0,,,,,
𪯵,6,0,0,,,0,,,,,
𪯶,6,0,0,,,0,,,,,
𪯷,6,0,0,,,0,,,,,
𪯸,6,0,0,,,0,,,,,
𪯹,6,0,0,,,0,,,,,
𪯺,6,0,0,,,0,,,,,
𪯻,6,0,0,,,0,,,,,
𪯼,6,0,0,,,0,,,,,
𪯽,6,0,0,,,0,,,,,
𪯾,6,0,0,,,0,,,,,
𪯿,6,0,0,,,0,,,,,
𪰀,6,0,0,,,0,,,,,
𪰁,6,0,0,,,0,,,,,
𪰂,6,0,0,,,0,,,,,
𪰃,6,0,0,,,0,,,,,
𪰄,6,0,0,,,0,,,,,
𪰅,6,0,0,,,0,,,,,
𪰆,6,0,0,,,0,,,,,
𪰇,6,0,0,,,0,,,,,
𪰈,6,0,0,,,0,,,,,
𪰉,6,0,0,,,0,,,,,
𪰊,6,0,0,,,0,,,,,
𪰋,6,0,0,,,0,,,,,
𪰌,6,0,0,,,0,,,,,
𪰍,6,0,0,,,0,,,,,
𪰎,6,0,0,,,0,,,,,
𪰏,6,0,0,,,0,,,,,
𪰐,6,0,0,,,0,,,,,
𪰑,6,0,0,,,0,,,,,
𪰒,6,0,0,,さる,0,,,,,
𪰓,6,0,0,,,0,,,,,
𪰔,6,0,0,,,0,,,,,
𪰕,6,0,0,,,0,,,,,
𪰖,6,0,0,,,0,,,,,
𪰗,6,0,0,,,0,,,,,
𪰘,6,0,0,,,0,,,,,
𪰙,6,0,0,,,0,,,,,
𪰚,6,0,0,,,0,,,,,
𪰛,6,0,0,,,0,,,,,
𪰜,6,0,0,,,0,,,,,
𪰝,6,0,0,,,0,,,,,
𪰞,6,0,0,,,0,,,,,
𪰟,6,0,0,,,0,,,,,
𪰠,6,0,0,,,0,,,,,
𪰡,6,0,0,,,0,,,,,
𪰢,6,0,0,,,0,,,,,
𪰣,6,0,0,,,0,,,,,
𪰤,6,0,0,,,0,,,,,
𪰥,6,0,0,,,0,,,,,
𪰦,6,0,0,,,0,,,,,
𪰧,6,0,0,コウ,,0,,,,,
𪰨,6,0,0,,,0,,,,,
𪰩,6,0,0,,,0,,,,,
𪰪,6,0,0,,あさぼらけ,0,,,,,
𪰫,6,0,0,,,0,,,,,
𪰬,6,0,0,,,0,,,,,
𪰭,6,0,0,,,0,,,,,
𪰮,6,0,0,,,0,,,,,
𪰯,6,0,0,,,0,,,,,
𪰰,6,0,0,,,0,,,,,
𪰱,6,0,0,,,0,,,,,
𪰲,6,0,0,,,0,,,,,
𪰳,6,0,0,,,0,,,,,
𪰴,6,0,0,,,0,,,,,
𪰵,6,0,0,,,0,,,,,
𪰶,6,0,0,,,0,,,,,
𪰷,6,0,0,,,0,,,,,
𪰸,6,0,0,,,0,,,,,
𪰹,6,0,0,,,0,,,,,
𪰺,6,0,0,,,0,,,,,
𪰻,6,0,0,,,0,,,,,
𪰼,6,0,0,,,0,,,,,
𪰽,6,0,0,,,0,,,,,
𪰾,6,0,0,,,0,,,,,
𪰿,6,0,0,,,0,,,,,
𪱀,6,0,0,,しぼむ,0,,,,,
𪱁,6,0,0,,,0,,,,,
𪱂,6,0,0,,,0,,,,,
𪱃,6,0,0,,,0,,,,,
𪱄,6,0,0,,,0,,,,,
𪱅,6,0,0,,,0,,,,,
𪱆,6,0,0,,,0,,,,,
𪱇,6,0,0,,,0,,,,,
𪱈,6,0,0,,,0,,,,,
𪱉,6,0,0,,,0,,,,,
𪱊,6,0,0,,,0,,,,,
𪱋,6,0,0,,,0,,,,,
𪱌,6,0,0,,,0,,,,,
𪱍,6,0,0,,,0,,,,,
𪱎,6,0,0,,,0,,,,,
𪱏,6,0,0,,,0,,,,,
𪱐,6,0,0,,,0,,,,,
𪱑,6,0,0,,,0,,,,,
𪱒,6,0,0,,,0,,,,,
𪱓,6,0,0,,,0,,,,,
𪱔,6,0,0,,,0,,,,,
𪱕,6,0,0,,,0,,,,,
𪱖,6,0,0,,,0,,,,,
𪱗,6,0,0,,,0,,,,,
𪱘,6,0,0,,,0,,,,,
𪱙,6,0,0,,,0,,,,,
𪱚,6,0,0,,,0,,,,,
𪱛,6,0,0,,,0,,,,,
𪱜,6,0,0,,,0,,,,,
𪱝,6,0,0,,,0,,,,,
𪱞,6,0,0,,,0,,,,,
𪱟,6,0,0,,,0,,,,,
𪱠,6,0,0,,,0,,,,,
𪱡,6,0,0,,,0,,,,,
𪱢,6,0,0,,,0,,,,,
𪱣,6,0,0,,,0,,,,,
𪱤,6,0,0,,むつまじい,0,,,,,
𪱥,6,0,0,,,0,,,,,
𪱦,6,0,0,,,0,,,,,
𪱧,6,0,0,,,0,,,,,
𪱨,6,0,0,,おぼろ,0,,,,,
𪱩,6,0,0,,めく,0,,,,,
𪱪,6,0,0,,,0,,,,,
𪱫,6,0,0,,,0,,,,,
𪱬,6,0,0,,,0,,,,,
𪱭,6,0,0,,,0,,,,,
𪱮,6,0,0,,,0,,,,,
𪱯,6,0,0,,,0,,,,,
𪱰,6,0,0,,,0,,,,,
𪱱,6,0,0,,きね,0,,,,,
𪱲,6,0,0,,むねのき,0,,,,,
𪱳,6,0,0,,むく,0,,,,,
𪱴,6,0,0,,,0,,,,,
𪱵,6,0,0,,,0,,,,,
𪱶,6,0,0,,ざんぶと,0,,,,,
𪱷,6,0,0,,,0,,,,,
𪱸,6,0,0,,,0,,,,,
𪱹,6,0,0,,もちのき,0,,,,,
𪱺,6,0,0,,,0,,,,,
𪱻,6,0,0,,えのき,0,,,,,
𪱼,6,0,0,,,0,,,,,
𪱽,6,0,0,,,0,,,,,
𪱾,6,0,0,,,0,,,,,
𪱿,6,0,0,,,0,,,,,
𪲀,6,0,0,,,0,,,,,
𪲁,6,0,0,,,0,,,,,
𪲂,6,0,0,,,0,,,,,
𪲃,6,0,0,,,0,,,,,
𪲄,6,0,0,,,0,,,,,
𪲅,6,0,0,,,0,,,,,
𪲆,6,0,0,,はじき,0,,,,,
𪲇,6,0,0,,ふし,0,,,,,
𪲈,6,0,0,,,0,,,,,
𪲉,6,0,0,,,0,,,,,
𪲊,6,0,0,,,0,,,,,
𪲋,6,0,0,,,0,,,,,
𪲌,6,0,0,,,0,,,,,
𪲍,6,0,0,,,0,,,,,
𪲎,6,0,0,,,0,,,,,
𪲏,6,0,0,,,0,,,,,
𪲐,6,0,0,,,0,,,,,
𪲑,6,0,0,,,0,,,,,
𪲒,6,0,0,,もみじ,0,,,,,
𪲓,6,0,0,,やつぼ,0,,,,,
𪲔,6,0,0,,,0,,,,,
𪲕,6,0,0,,,0,,,,,
𪲖,6,0,0,,はしら,0,,,,,
𪲗,6,0,0,,,0,,,,,
𪲘,6,0,0,,,0,,,,,
𪲙,6,0,0,,,0,,,,,
𪲚,6,0,0,,,0,,,,,
𪲛,6,0,0,,,0,,,,,
𪲜,6,0,0,,,0,,,,,
𪲝,6,0,0,,,0,,,,,
𪲞,6,0,0,,,0,,,,,
𪲟,6,0,0,,,0,,,,,
𪲠,6,0,0,,,0,,,,,
𪲡,6,0,0,,,0,,,,,
𪲢,6,0,0,,さかき,0,,,,,
𪲣,6,0,0,,,0,,,,,
𪲤,6,0,0,,,0,,,,,
𪲥,6,0,0,,,0,,,,,
𪲦,6,0,0,,うだち,0,,,,,
𪲧,6,0,0,ショウ,,0,,,,,
𪲨,6,0,0,,かき,0,,,,,
𪲩,6,0,0,,,0,,,,,
𪲪,6,0,0,,,0,,,,,
𪲫,6,0,0,,,0,,,,,
𪲬,6,0,0,,,0,,,,,
𪲭,6,0,0,,,0,,,,,
𪲮,6,0,0,,,0,,,,,
𪲯,6,0,0,,,0,,,,,
𪲰,6,0,0,,,0,,,,,
𪲱,6,0,0,,,0,,,,,
𪲲,6,0,0,,,0,,,,,
𪲳,6,0,0,,かき,0,,,,,
𪲴,6,0,0,,,0,,,,,
𪲵,6,0,0,,,0,,,,,
𪲶,6,0,0,,,0,,,,,
𪲷,6,0,0,,,0,,,,,
𪲸,6,0,0,,,0,,,,,
𪲹,6,0,0,,,0,,,,,
𪲺,6,0,0,,,0,,,,,
𪲻,6,0,0,,,0,,,,,
𪲼,6,0,0,,まき,0,,,,,
𪲽,6,0,0,,,0,,,,,
𪲾,6,0,0,,,0,,,,,
𪲿,6,0,0,,,0,,,,,
𪳀,6,0,0,,,0,,,,,
𪳁,6,0,0,,,0,,,,,
𪳂,6,0,0,,ぬる,0,,,,,
𪳃,6,0,0,,のりくら,0,,,,,
𪳄,6,0,0,,,0,,,,,
𪳅,6,0,0,,,0,,,,,
𪳆,6,0,0,,しで,0,,,,,
𪳇,6,0,0,,,0,,,,,
𪳈,6,0,0,,,0,,,,,
𪳉,6,0,0,,すぎ,0,,,,,
𪳊,6,0,0,,すぎのき,0,,,,,
𪳋,6,0,0,,,0,,,,,
𪳌,6,0,0,,,0,,,,,
𪳍,6,0,0,,,0,,,,,
𪳎,6,0,0,,,0,,,,,
𪳏,6,0,0,リョウ ロウ,かど,0,,,,,
𪳐,6,0,0,,,0,,,,,
𪳑,6,0,0,,,0,,,,,
𪳒,6,0,0,,くるみ,0,,,,,
𪳓,6,0,0,,てらつつき,0,,,,,
𪳔,6,0,0,,,0,,,,,
𪳕,6,0,0,,,0,,,,,
𪳖,6,0,0,,ひ,0,,,,,
𪳗,6,0,0,,,0,,,,,
𪳘,6,0,0,,,0,,,,,
𪳙,6,0,0,,,0,,,,,
𪳚,6,0,0,,,0,,,,,
𪳛,6,0,0,,,0,,,,,
𪳜,6,0,0,,,0,,,,,
𪳝,6,0,0,,,0,,,,,
𪳞,6,0,0,,,0,,,,,
𪳟,6,0,0,,,0,,,,,
𪳠,6,0,0,,,0,,,,,
𪳡,6,0,0,,ついくし,0,,,,,
𪳢,6,0,0,,させぶ,0,,,,,
𪳣,6,0,0,,,0,,,,,
𪳤,6,0,0,,みやつこぎ,0,,,,,
𪳥,6,0,0,,,0,,,,,
𪳦,6,0,0,,,0,,,,,
𪳧,6,0,0,,はいのき,0,,,,,
𪳨,6,0,0,,,0,,,,,
𪳩,6,0,0,,,0,,,,,
𪳪,6,0,0,,,0,,,,,
𪳫,6,0,0,,,0,,,,,
𪳬,6,0,0,,,0,,,,,
𪳭,6,0,0,,,0,,,,,
𪳮,6,0,0,,,0,,,,,
𪳯,6,0,0,,,0,,,,,
𪳰,6,0,0,,,0,,,,,
𪳱,6,0,0,,つきさい,0,,,,,
𪳲,6,0,0,,,0,,,,,
𪳳,6,0,0,,すぎ,0,,,,,
𪳴,6,0,0,,,0,,,,,
𪳵,6,0,0,,,0,,,,,
𪳶,6,0,0,,,0,,,,,
𪳷,6,0,0,,,0,,,,,
𪳸,6,0,0,,,0,,,,,
𪳹,6,0,0,,,0,,,,,
𪳺,6,0,0,,こがのき,0,,,,,
𪳻,6,0,0,,,0,,,,,
𪳼,6,0,0,,,0,,,,,
𪳽,6,0,0,,,0,,,,,
𪳾,6,0,0,,,0,,,,,
𪳿,6,0,0,,,0,,,,,
𪴀,6,0,0,,はり,0,,,,,
𪴁,6,0,0,,,0,,,,,
𪴂,6,0,0,,,0,,,,,
𪴃,6,0,0,,,0,,,,,
𪴄,6,0,0,,,0,,,,,
𪴅,6,0,0,,,0,,,,,
𪴆,6,0,0,,むろのき,0,,,,,
𪴇,6,0,0,,したぐら,0,,,,,
𪴈,6,0,0,,,0,,,,,
𪴉,6,0,0,,,0,,,,,
𪴊,6,0,0,,,0,,,,,
𪴋,6,0,0,,,0,,,,,
𪴌,6,0,0,,,0,,,,,
𪴍,6,0,0,,,0,,,,,
𪴎,6,0,0,,ゆやなぎ,0,,,,,
𪴏,6,0,0,,,0,,,,,
𪴐,6,0,0,,せつ,0,,,,,
𪴑,6,0,0,,,0,,,,,
𪴒,6,0,0,,,0,,,,,
𪴓,6,0,0,,なしのき,0,,,,,
𪴔,6,0,0,,,0,,,,,
𪴕,6,0,0,,こしき,0,,,,,
𪴖,6,0,0,,,0,,,,,
𪴗,6,0,0,,,0,,,,,
𪴘,6,0,0,,,0,,,,,
𪴙,6,0,0,,,0,,,,,
𪴚,6,0,0,,,0,,,,,
𪴛,6,0,0,,,0,,,,,
𪴜,6,0,0,,,0,,,,,
𪴝,6,0,0,,,0,,,,,
𪴞,6,0,0,,,0,,,,,
𪴟,6,0,0,,,0,,,,,
𪴠,6,0,0,,じゅ,0,,,,,
𪴡,6,0,0,,もちのき,0,,,,,
𪴢,6,0,0,,,0,,,,,
𪴣,6,0,0,,,0,,,,,
𪴤,6,0,0,,,0,,,,,
𪴥,6,0,0,,,0,,,,,
𪴦,6,0,0,,,0,,,,,
𪴧,6,0,0,,,0,,,,,
𪴨,6,0,0,,,0,,,,,
𪴩,6,0,0,,,0,,,,,
𪴪,6,0,0,,,0,,,,,
𪴫,6,0,0,,,0,,,,,
𪴬,6,0,0,,,0,,,,,
𪴭,6,0,0,,,0,,,,,
𪴮,6,0,0,,,0,,,,,
𪴯,6,0,0,,,0,,,,,
𪴰,6,0,0,,,0,,,,,
𪴱,6,0,0,,,0,,,,,
𪴲,6,0,0,,,0,,,,,
𪴳,6,0,0,,,0,,,,,
𪴴,6,0,0,,,0,,,,,
𪴵,6,0,0,,,0,,,,,
𪴶,6,0,0,,,0,,,,,
𪴷,6,0,0,,,0,,,,,
𪴸,6,0,0,,,0,,,,,
𪴹,6,0,0,,,0,,,,,
𪴺,6,0,0,,,0,,,,,
𪴻,6,0,0,,,0,,,,,
𪴼,6,0,0,,,0,,,,,
𪴽,6,0,0,,,0,,,,,
𪴾,6,0,0,,,0,,,,,
𪴿,6,0,0,,,0,,,,,
𪵀,6,0,0,,,0,,,,,
𪵁,6,0,0,,,0,,,,,
𪵂,6,0,0,,,0,,,,,
𪵃,6,0,0,,,0,,,,,
𪵄,6,0,0,,,0,,,,,
𪵅,6,0,0,,,0,,,,,
𪵆,6,0,0,,,0,,,,,
𪵇,6,0,0,,,0,,,,,
𪵈,6,0,0,,,0,,,,,
𪵉,6,0,0,,,0,,,,,
𪵊,6,0,0,,,0,,,,,
𪵋,6,0,0,,,0,,,,,
𪵌,6,0,0,,,0,,,,,
𪵍,6,0,0,,,0,,,,,
𪵎,6,0,0,,,0,,,,,
𪵏,6,0,0,,,0,,,,,
𪵐,6,0,0,,,0,,,,,
𪵑,6,0,0,,,0,,,,,
𪵒,6,0,0,,,0,,,,,
𪵓,6,0,0,,,0,,,,,
𪵔,6,0,0,,,0,,,,,
𪵕,6,0,0,,,0,,,,,
𪵖,6,0,0,,,0,,,,,
𪵗,6,0,0,,,0,,,,,
𪵘,6,0,0,,,0,,,,,
𪵙,6,0,0,,,0,,,,,
𪵚,6,0,0,,,0,,,,,
𪵛,6,0,0,,,0,,,,,
𪵜,6,0,0,,,0,,,,,
𪵝,6,0,0,,,0,,,,,
𪵞,6,0,0,,,0,,,,,
𪵟,6,0,0,,,0,,,,,
𪵠,6,0,0,,,0,,,,,
𪵡,6,0,0,,,0,,,,,
𪵢,6,0,0,,,0,,,,,
𪵣,6,0,0,,,0,,,,,
𪵤,6,0,0,,,0,,,,,
𪵥,6,0,0,,,0,,,,,
𪵦,6,0,0,,,0,,,,,
𪵧,6,0,0,,,0,,,,,
𪵨,6,0,0,,,0,,,,,
𪵩,6,0,0,,,0,,,,,
𪵪,6,0,0,,,0,,,,,
𪵫,6,0,0,,,0,,,,,
𪵬,6,0,0,,,0,,,,,
𪵭,6,0,0,,,0,,,,,
𪵮,6,0,0,,,0,,,,,
𪵯,6,0,0,,,0,,,,,
𪵰,6,0,0,,,0,,,,,
𪵱,6,0,0,,,0,,,,,
𪵲,6,0,0,,,0,,,,,
𪵳,6,0,0,,,0,,,,,
𪵴,6,0,0,,,0,,,,,
𪵵,6,0,0,,,0,,,,,
𪵶,6,0,0,,,0,,,,,
𪵷,6,0,0,,,0,,,,,
𪵸,6,0,0,,,0,,,,,
𪵹,6,0,0,,,0,,,,,
𪵺,6,0,0,,,0,,,,,
𪵻,6,0,0,,,0,,,,,
𪵼,6,0,0,,,0,,,,,
𪵽,6,0,0,,,0,,,,,
𪵾,6,0,0,,,0,,,,,
𪵿,6,0,0,,,0,,,,,
𪶀,6,0,0,,,0,,,,,
𪶁,6,0,0,,,0,,,,,
𪶂,6,0,0,,,0,,,,,
𪶃,6,0,0,,,0,,,,,
𪶄,6,0,0,,,0,,,,,
𪶅,6,0,0,,,0,,,,,
𪶆,6,0,0,,,0,,,,,
𪶇,6,0,0,,,0,,,,,
𪶈,6,0,0,,,0,,,,,
𪶉,6,0,0,,はま,0,,,,,
𪶊,6,0,0,,,0,,,,,
𪶋,6,0,0,,,0,,,,,
𪶌,6,0,0,,,0,,,,,
𪶍,6,0,0,,,0,,,,,
𪶎,6,0,0,,,0,,,,,
𪶏,6,0,0,,,0,,,,,
𪶐,6,0,0,,,0,,,,,
𪶑,6,0,0,,,0,,,,,
𪶒,6,0,0,,,0,,,,,
𪶓,6,0,0,,,0,,,,,
𪶔,6,0,0,,,0,,,,,
𪶕,6,0,0,,,0,,,,,
𪶖,6,0,0,,,0,,,,,
𪶗,6,0,0,,,0,,,,,
𪶘,6,0,0,,,0,,,,,
𪶙,6,0,0,,,0,,,,,
𪶚,6,0,0,,,0,,,,,
𪶛,6,0,0,,,0,,,,,
𪶜,6,0,0,,,0,,,,,
𪶝,6,0,0,,,0,,,,,
𪶞,6,0,0,,,0,,,,,
𪶟,6,0,0,,,0,,,,,
𪶠,6,0,0,,,0,,,,,
𪶡,6,0,0,,,0,,,,,
𪶢,6,0,0,,,0,,,,,
𪶣,6,0,0,,,0,,,,,
𪶤,6,0,0,,,0,,,,,
𪶥,6,0,0,,,0,,,,,
𪶦,6,0,0,,,0,,,,,
𪶧,6,0,0,,,0,,,,,
𪶨,6,0,0,,,0,,,,,
𪶩,6,0,0,,,0,,,,,
𪶪,6,0,0,,,0,,,,,
𪶫,6,0,0,,,0,,,,,
𪶬,6,0,0,,,0,,,,,
𪶭,6,0,0,,,0,,,,,
𪶮,6,0,0,,,0,,,,,
𪶯,6,0,0,,,0,,,,,
𪶰,6,0,0,,,0,,,,,
𪶱,6,0,0,,,0,,,,,
𪶲,6,0,0,,,0,,,,,
𪶳,6,0,0,,,0,,,,,
𪶴,6,0,0,,,0,,,,,
𪶵,6,0,0,,,0,,,,,
𪶶,6,0,0,,,0,,,,,
𪶷,6,0,0,,,0,,,,,
𪶸,6,0,0,,,0,,,,,
𪶹,6,0,0,,,0,,,,,
𪶺,6,0,0,,,0,,,,,
𪶻,6,0,0,,,0,,,,,
𪶼,6,0,0,,,0,,,,,
𪶽,6,0,0,,,0,,,,,
𪶾,6,0,0,,,0,,,,,
𪶿,6,0,0,,,0,,,,,
𪷀,6,0,0,,,0,,,,,
𪷁,6,0,0,,,0,,,,,
𪷂,6,0,0,ボ,したう,0,,,,,
𪷃,6,0,0,,,0,,,,,
𪷄,6,0,0,,,0,,,,,
𪷅,6,0,0,,,0,,,,,
𪷆,6,0,0,,,0,,,,,
𪷇,6,0,0,,,0,,,,,
𪷈,6,0,0,,,0,,,,,
𪷉,6,0,0,,,0,,,,,
𪷊,6,0,0,,,0,,,,,
𪷋,6,0,0,,,0,,,,,
𪷌,6,0,0,,とだえ,0,,,,,
𪷍,6,0,0,,,0,,,,,
𪷎,6,0,0,,,0,,,,,
𪷏,6,0,0,,,0,,,,,
𪷐,6,0,0,,,0,,,,,
𪷑,6,0,0,,,0,,,,,
𪷒,6,0,0,,,0,,,,,
𪷓,6,0,0,,,0,,,,,
𪷔,6,0,0,,,0,,,,,
𪷕,6,0,0,,,0,,,,,
𪷖,6,0,0,,,0,,,,,
𪷗,6,0,0,,,0,,,,,
𪷘,6,0,0,,,0,,,,,
𪷙,6,0,0,,,0,,,,,
𪷚,6,0,0,,,0,,,,,
𪷛,6,0,0,,,0,,,,,
𪷜,6,0,0,,,0,,,,,
𪷝,6,0,0,,,0,,,,,
𪷞,6,0,0,,,0,,,,,
𪷟,6,0,0,,,0,,,,,
𪷠,6,0,0,,,0,,,,,
𪷡,6,0,0,,,0,,,,,
𪷢,6,0,0,,,0,,,,,
𪷣,6,0,0,,,0,,,,,
𪷤,6,0,0,リン,さむい,0,,,,,
𪷥,6,0,0,,,0,,,,,
𪷦,6,0,0,,,0,,,,,
𪷧,6,0,0,,,0,,,,,
𪷨,6,0,0,,,0,,,,,
𪷩,6,0,0,,,0,,,,,
𪷪,6,0,0,,,0,,,,,
𪷫,6,0,0,,,0,,,,,
𪷬,6,0,0,,,0,,,,,
𪷭,6,0,0,,,0,,,,,
𪷮,6,0,0,,,0,,,,,
𪷯,6,0,0,,,0,,,,,
𪷰,6,0,0,,,0,,,,,
𪷱,6,0,0,,,0,,,,,
𪷲,6,0,0,,,0,,,,,
𪷳,6,0,0,,,0,,,,,
𪷴,6,0,0,,,0,,,,,
𪷵,6,0,0,,,0,,,,,
𪷶,6,0,0,,,0,,,,,
𪷷,6,0,0,,,0,,,,,
𪷸,6,0,0,,,0,,,,,
𪷹,6,0,0,,,0,,,,,
𪷺,6,0,0,,,0,,,,,
𪷻,6,0,0,,,0,,,,,
𪷼,6,0,0,,,0,,,,,
𪷽,6,0,0,,,0,,,,,
𪷾,6,0,0,,,0,,,,,
𪷿,6,0,0,,,0,,,,,
𪸀,6,0,0,,,0,,,,,
𪸁,6,0,0,,,0,,,,,
𪸂,6,0,0,,,0,,,,,
𪸃,6,0,0,,,0,,,,,
𪸄,6,0,0,,,0,,,,,
𪸅,6,0,0,,,0,,,,,
𪸆,6,0,0,,,0,,,,,
𪸇,6,0,0,,,0,,,,,
𪸈,6,0,0,,,0,,,,,
𪸉,6,0,0,,,0,,,,,
𪸊,6,0,0,,,0,,,,,
𪸋,6,0,0,,,0,,,,,
𪸌,6,0,0,,,0,,,,,
𪸍,6,0,0,,,0,,,,,
𪸎,6,0,0,,,0,,,,,
𪸏,6,0,0,,,0,,,,,
𪸐,6,0,0,,,0,,,,,
𪸑,6,0,0,,,0,,,,,
𪸒,6,0,0,,,0,,,,,
𪸓,6,0,0,,,0,,,,,
𪸔,6,0,0,,,0,,,,,
𪸕,6,0,0,,,0,,,,,
𪸖,6,0,0,,,0,,,,,
𪸗,6,0,0,,,0,,,,,
𪸘,6,0,0,,,0,,,,,
𪸙,6,0,0,,,0,,,,,
𪸚,6,0,0,,,0,,,,,
𪸛,6,0,0,,,0,,,,,
𪸜,6,0,0,,,0,,,,,
𪸝,6,0,0,,,0,,,,,
𪸞,6,0,0,,,0,,,,,
𪸟,6,0,0,,,0,,,,,
𪸠,6,0,0,,,0,,,,,
𪸡,6,0,0,,,0,,,,,
𪸢,6,0,0,,つくろう,0,,,,,
𪸣,6,0,0,,,0,,,,,
𪸤,6,0,0,,,0,,,,,
𪸥,6,0,0,,,0,,,,,
𪸦,6,0,0,,,0,,,,,
𪸧,6,0,0,,,0,,,,,
𪸨,6,0,0,,,0,,,,,
𪸩,6,0,0,,,0,,,,,
𪸪,6,0,0,,,0,,,,,
𪸫,6,0,0,,もえくず,0,,,,,
𪸬,6,0,0,,,0,,,,,
𪸭,6,0,0,,,0,,,,,
𪸮,6,0,0,,,0,,,,,
𪸯,6,0,0,,,0,,,,,
𪸰,6,0,0,,,0,,,,,
𪸱,6,0,0,,,0,,,,,
𪸲,6,0,0,,,0,,,,,
𪸳,6,0,0,,,0,,,,,
𪸴,6,0,0,,,0,,,,,
𪸵,6,0,0,,,0,,,,,
𪸶,6,0,0,,,0,,,,,
𪸷,6,0,0,,,0,,,,,
𪸸,6,0,0,,,0,,,,,
𪸹,6,0,0,,,0,,,,,
𪸺,6,0,0,,,0,,,,,
𪸻,6,0,0,,,0,,,,,
𪸼,6,0,0,,,0,,,,,
𪸽,6,0,0,,,0,,,,,
𪸾,6,0,0,,,0,,,,,
𪸿,6,0,0,,,0,,,,,
𪹀,6,0,0,,,0,,,,,
𪹁,6,0,0,,,0,,,,,
𪹂,6,0,0,,,0,,,,,
𪹃,6,0,0,,,0,,,,,
𪹄,6,0,0,,,0,,,,,
𪹅,6,0,0,,,0,,,,,
𪹆,6,0,0,,,0,,,,,
𪹇,6,0,0,,,0,,,,,
𪹈,6,0,0,,,0,,,,,
𪹉,6,0,0,,,0,,,,,
𪹊,6,0,0,,,0,,,,,
𪹋,6,0,0,,,0,,,,,
𪹌,6,0,0,,,0,,,,,
𪹍,6,0,0,,,0,,,,,
𪹎,6,0,0,,,0,,,,,
𪹏,6,0,0,,,0,,,,,
𪹐,6,0,0,,,0,,,,,
𪹑,6,0,0,,,0,,,,,
𪹒,6,0,0,,,0,,,,,
𪹓,6,0,0,,,0,,,,,
𪹔,6,0,0,,,0,,,,,
𪹕,6,0,0,,,0,,,,,
𪹖,6,0,0,,,0,,,,,
𪹗,6,0,0,,,0,,,,,
𪹘,6,0,0,,,0,,,,,
𪹙,6,0,0,,,0,,,,,
𪹚,6,0,0,,,0,,,,,
𪹛,6,0,0,,,0,,,,,
𪹜,6,0,0,,,0,,,,,
𪹝,6,0,0,,,0,,,,,
𪹞,6,0,0,,,0,,,,,
𪹟,6,0,0,,,0,,,,,
𪹠,6,0,0,,,0,,,,,
𪹡,6,0,0,,,0,,,,,
𪹢,6,0,0,,,0,,,,,
𪹣,6,0,0,,,0,,,,,
𪹤,6,0,0,,,0,,,,,
𪹥,6,0,0,,はためく,0,,,,,
𪹦,6,0,0,,,0,,,,,
𪹧,6,0,0,,,0,,,,,
𪹨,6,0,0,,,0,,,,,
𪹩,6,0,0,,,0,,,,,
𪹪,6,0,0,,,0,,,,,
𪹫,6,0,0,,,0,,,,,
𪹬,6,0,0,,,0,,,,,
𪹭,6,0,0,,,0,,,,,
𪹮,6,0,0,,,0,,,,,
𪹯,6,0,0,,,0,,,,,
𪹰,6,0,0,,,0,,,,,
𪹱,6,0,0,,,0,,,,,
𪹲,6,0,0,,,0,,,,,
𪹳,6,0,0,,,0,,,,,
𪹴,6,0,0,,,0,,,,,
𪹵,6,0,0,,,0,,,,,
𪹶,6,0,0,,あくたび,0,,,,,
𪹷,6,0,0,,,0,,,,,
𪹸,6,0,0,,,0,,,,,
𪹹,6,0,0,,,0,,,,,
𪹺,6,0,0,,,0,,,,,
𪹻,6,0,0,,,0,,,,,
𪹼,6,0,0,,,0,,,,,
𪹽,6,0,0,,,0,,,,,
𪹾,6,0,0,,,0,,,,,
𪹿,6,0,0,,,0,,,,,
𪺀,6,0,0,,,0,,,,,
𪺁,6,0,0,,,0,,,,,
𪺂,6,0,0,,,0,,,,,
𪺃,6,0,0,,,0,,,,,
𪺄,6,0,0,,,0,,,,,
𪺅,6,0,0,,,0,,,,,
𪺆,6,0,0,,,0,,,,,
𪺇,6,0,0,,,0,,,,,
𪺈,6,0,0,,,0,,,,,
𪺉,6,0,0,,,0,,,,,
𪺊,6,0,0,,えい,0,,,,,
𪺋,6,0,0,,,0,,,,,
𪺌,6,0,0,,,0,,,,,
𪺍,6,0,0,,,0,,,,,
𪺎,6,0,0,,,0,,,,,
𪺏,6,0,0,,,0,,,,,
𪺐,6,0,0,,つかむ,0,,,,,
𪺑,6,0,0,,,0,,,,,
𪺒,6,0,0,,,0,,,,,
𪺓,6,0,0,,,0,,,,,
𪺔,6,0,0,,,0,,,,,
𪺕,6,0,0,,,0,,,,,
𪺖,6,0,0,,,0,,,,,
𪺗,6,0,0,,,0,,,,,
𪺘,6,0,0,,,0,,,,,
𪺙,6,0,0,,,0,,,,,
𪺚,6,0,0,,,0,,,,,
𪺛,6,0,0,,,0,,,,,
𪺜,6,0,0,,,0,,,,,
𪺝,6,0,0,,,0,,,,,
𪺞,6,0,0,,,0,,,,,
𪺟,6,0,0,,,0,,,,,
𪺠,6,0,0,,,0,,,,,
𪺡,6,0,0,,,0,,,,,
𪺢,6,0,0,,,0,,,,,
𪺣,6,0,0,,,0,,,,,
𪺤,6,0,0,,,0,,,,,
𪺥,6,0,0,,,0,,,,,
𪺦,6,0,0,,,0,,,,,
𪺧,6,0,0,,,0,,,,,
𪺨,6,0,0,,,0,,,,,
𪺩,6,0,0,,,0,,,,,
𪺪,6,0,0,,,0,,,,,
𪺫,6,0,0,,,0,,,,,
𪺬,6,0,0,,,0,,,,,
𪺭,6,0,0,,,0,,,,,
𪺮,6,0,0,,,0,,,,,
𪺯,6,0,0,,,0,,,,,
𪺰,6,0,0,,,0,,,,,
𪺱,6,0,0,,,0,,,,,
𪺲,6,0,0,,しろむ,0,,,,,
𪺳,6,0,0,,,0,,,,,
𪺴,6,0,0,,,0,,,,,
𪺵,6,0,0,,,0,,,,,
𪺶,6,0,0,,,0,,,,,
𪺷,6,0,0,,,0,,,,,
𪺸,6,0,0,,,0,,,,,
𪺹,6,0,0,,,0,,,,,
𪺺,6,0,0,,,0,,,,,
𪺻,6,0,0,,,0,,,,,
𪺼,6,0,0,,,0,,,,,
𪺽,6,0,0,,,0,,,,,
𪺾,6,0,0,,,0,,,,,
𪺿,6,0,0,,,0,,,,,
𪻀,6,0,0,,,0,,,,,
𪻁,6,0,0,,,0,,,,,
𪻂,6,0,0,,,0,,,,,
𪻃,6,0,0,,,0,,,,,
𪻄,6,0,0,,,0,,,,,
𪻅,6,0,0,エン,,0,,,,,
𪻆,6,0,0,,,0,,,,,
𪻇,6,0,0,,,0,,,,,
𪻈,6,0,0,,,0,,,,,
𪻉,6,0,0,,,0,,,,,
𪻊,6,0,0,,,0,,,,,
𪻋,6,0,0,,,0,,,,,
𪻌,6,0,0,,むじな,0,,,,,
𪻍,6,0,0,,,0,,,,,
𪻎,6,0,0,,,0,,,,,
𪻏,6,0,0,,,0,,,,,
𪻐,6,0,0,,,0,,,,,
𪻑,6,0,0,,,0,,,,,
𪻒,6,0,0,,,0,,,,,
𪻓,6,0,0,,よう,0,,,,,
𪻔,6,0,0,,,0,,,,,
𪻕,6,0,0,,,0,,,,,
𪻖,6,0,0,,,0,,,,,
𪻗,6,0,0,,,0,,,,,
𪻘,6,0,0,タン,,0,,,,,
𪻙,6,0,0,,,0,,,,,
𪻚,6,0,0,,,0,,,,,
𪻛,6,0,0,,,0,,,,,
𪻜,6,0,0,,,0,,,,,
𪻝,6,0,0,,,0,,,,,
𪻞,6,0,0,,,0,,,,,
𪻟,6,0,0,,,0,,,,,
𪻠,6,0,0,,,0,,,,,
𪻡,6,0,0,,,0,,,,,
𪻢,6,0,0,,,0,,,,,
𪻣,6,0,0,,,0,,,,,
𪻤,6,0,0,,,0,,,,,
𪻥,6,0,0,,,0,,,,,
𪻦,6,0,0,,,0,,,,,
𪻧,6,0,0,,,0,,,,,
𪻨,6,0,0,,,0,,,,,
𪻩,6,0,0,,,0,,,,,
𪻪,6,0,0,,,0,,,,,
𪻫,6,0,0,,,0,,,,,
𪻬,6,0,0,,,0,,,,,
𪻭,6,0,0,,,0,,,,,
𪻮,6,0,0,,,0,,,,,
𪻯,6,0,0,,,0,,,,,
𪻰,6,0,0,,,0,,,,,
𪻱,6,0,0,,,0,,,,,
𪻲,6,0,0,,,0,,,,,
𪻳,6,0,0,,,0,,,,,
𪻴,6,0,0,,,0,,,,,
𪻵,6,0,0,,,0,,,,,
𪻶,6,0,0,,,0,,,,,
𪻷,6,0,0,,,0,,,,,
𪻸,6,0,0,,,0,,,,,
𪻹,6,0,0,,,0,,,,,
𪻺,6,0,0,,,0,,,,,
𪻻,6,0,0,,,0,,,,,
𪻼,6,0,0,,,0,,,,,
𪻽,6,0,0,,,0,,,,,
𪻾,6,0,0,,,0,,,,,
𪻿,6,0,0,,,0,,,,,
𪼀,6,0,0,,,0,,,,,
𪼁,6,0,0,,,0,,,,,
𪼂,6,0,0,,,0,,,,,
𪼃,6,0,0,,,0,,,,,
𪼄,6,0,0,,,0,,,,,
𪼅,6,0,0,,,0,,,,,
𪼆,6,0,0,,,0,,,,,
𪼇,6,0,0,,,0,,,,,
𪼈,6,0,0,,,0,,,,,
𪼉,6,0,0,,,0,,,,,
𪼊,6,0,0,,,0,,,,,
𪼋,6,0,0,,,0,,,,,
𪼌,6,0,0,,,0,,,,,
𪼍,6,0,0,,,0,,,,,
𪼎,6,0,0,,,0,,,,,
𪼏,6,0,0,,,0,,,,,
𪼐,6,0,0,,,0,,,,,
𪼑,6,0,0,,かたい,0,,,,,
𪼒,6,0,0,,,0,,,,,
𪼓,6,0,0,,,0,,,,,
𪼔,6,0,0,,,0,,,,,
𪼕,6,0,0,,,0,,,,,
𪼖,6,0,0,,,0,,,,,
𪼗,6,0,0,,,0,,,,,
𪼘,6,0,0,,,0,,,,,
𪼙,6,0,0,,,0,,,,,
𪼚,6,0,0,,,0,,,,,
𪼛,6,0,0,,,0,,,,,
𪼜,6,0,0,,,0,,,,,
𪼝,6,0,0,,,0,,,,,
𪼞,6,0,0,,,0,,,,,
𪼟,6,0,0,,,0,,,,,
𪼠,6,0,0,,,0,,,,,
𪼡,6,0,0,,,0,,,,,
𪼢,6,0,0,,,0,,,,,
𪼣,6,0,0,,,0,,,,,
𪼤,6,0,0,,,0,,,,,
𪼥,6,0,0,,,0,,,,,
𪼦,6,0,0,,,0,,,,,
𪼧,6,0,0,,,0,,,,,
𪼨,6,0,0,,,0,,,,,
𪼩,6,0,0,,,0,,,,,
𪼪,6,0,0,,いわ,0,,,,,
𪼫,6,0,0,,,0,,,,,
𪼬,6,0,0,,,0,,,,,
𪼭,6,0,0,,,0,,,,,
𪼮,6,0,0,,,0,,,,,
𪼯,6,0,0,,,0,,,,,
𪼰,6,0,0,,,0,,,,,
𪼱,6,0,0,,,0,,,,,
𪼲,6,0,0,,,0,,,,,
𪼳,6,0,0,,,0,,,,,
𪼴,6,0,0,,,0,,,,,
𪼵,6,0,0,,,0,,,,,
𪼶,6,0,0,,まり,0,,,,,
𪼷,6,0,0,,みか,0,,,,,
𪼸,6,0,0,,なべ,0,,,,,
𪼹,6,0,0,,なべ,0,,,,,
𪼺,6,0,0,,,0,,,,,
𪼻,6,0,0,,つぼ,0,,,,,
𪼼,6,0,0,,よこべ,0,,,,,
𪼽,6,0,0,,,0,,,,,
𪼾,6,0,0,,,0,,,,,
𪼿,6,0,0,,,0,,,,,
𪽀,6,0,0,,,0,,,,,
𪽁,6,0,0,,,0,,,,,
𪽂,6,0,0,,,0,,,,,
𪽃,6,0,0,,,0,,,,,
𪽄,6,0,0,,,0,,,,,
𪽅,6,0,0,,,0,,,,,
𪽆,6,0,0,,,0,,,,,
𪽇,6,0,0,,,0,,,,,
𪽈,6,0,0,,,0,,,,,
𪽉,6,0,0,,,0,,,,,
𪽊,6,0,0,,,0,,,,,
𪽋,6,0,0,,あらきはり,0,,,,,
𪽌,6,0,0,,,0,,,,,
𪽍,6,0,0,,,0,,,,,
𪽎,6,0,0,,,0,,,,,
𪽏,6,0,0,,,0,,,,,
𪽐,6,0,0,,,0,,,,,
𪽑,6,0,0,,,0,,,,,
𪽒,6,0,0,,,0,,,,,
𪽓,6,0,0,,,0,,,,,
𪽔,6,0,0,,,0,,,,,
𪽕,6,0,0,,,0,,,,,
𪽖,6,0,0,,,0,,,,,
𪽗,6,0,0,,,0,,,,,
𪽘,6,0,0,,あぜ,0,,,,,
𪽙,6,0,0,,,0,,,,,
𪽚,6,0,0,,,0,,,,,
𪽛,6,0,0,,,0,,,,,
𪽜,6,0,0,,,0,,,,,
𪽝,6,0,0,,,0,,,,,
𪽞,6,0,0,,,0,,,,,
𪽟,6,0,0,,,0,,,,,
𪽠,6,0,0,,,0,,,,,
𪽡,6,0,0,,,0,,,,,
𪽢,6,0,0,,,0,,,,,
𪽣,6,0,0,,,0,,,,,
𪽤,6,0,0,,,0,,,,,
𪽥,6,0,0,,びとう,0,,,,,
𪽦,6,0,0,,,0,,,,,
𪽧,6,0,0,,,0,,,,,
𪽨,6,0,0,,,0,,,,,
𪽩,6,0,0,,,0,,,,,
𪽪,6,0,0,,,0,,,,,
𪽫,6,0,0,,,0,,,,,
𪽬,6,0,0,,,0,,,,,
𪽭,6,0,0,,,0,,,,,
𪽮,6,0,0,,,0,,,,,
𪽯,6,0,0,,,0,,,,,
𪽰,6,0,0,,,0,,,,,
𪽱,6,0,0,,,0,,,,,
𪽲,6,0,0,,,0,,,,,
𪽳,6,0,0,,,0,,,,,
𪽴,6,0,0,,,0,,,,,
𪽵,6,0,0,,,0,,,,,
𪽶,6,0,0,,,0,,,,,
𪽷,6,0,0,,,0,,,,,
𪽸,6,0,0,,,0,,,,,
𪽹,6,0,0,,,0,,,,,
𪽺,6,0,0,,あしのけ,0,,,,,
𪽻,6,0,0,,,0,,,,,
𪽼,6,0,0,,,0,,,,,
𪽽,6,0,0,,,0,,,,,
𪽾,6,0,0,,,0,,,,,
𪽿,6,0,0,,,0,,,,,
𪾀,6,0,0,,,0,,,,,
𪾁,6,0,0,,,0,,,,,
𪾂,6,0,0,,,0,,,,,
𪾃,6,0,0,,,0,,,,,
𪾄,6,0,0,,,0,,,,,
𪾅,6,0,0,,,0,,,,,
𪾆,6,0,0,,,0,,,,,
𪾇,6,0,0,,,0,,,,,
𪾈,6,0,0,,,0,,,,,
𪾉,6,0,0,,,0,,,,,
𪾊,6,0,0,,,0,,,,,
𪾋,6,0,0,,,0,,,,,
𪾌,6,0,0,,,0,,,,,
𪾍,6,0,0,,,0,,,,,
𪾎,6,0,0,,,0,,,,,
𪾏,6,0,0,,,0,,,,,
𪾐,6,0,0,,,0,,,,,
𪾑,6,0,0,,,0,,,,,
𪾒,6,0,0,,,0,,,,,
𪾓,6,0,0,,,0,,,,,
𪾔,6,0,0,,,0,,,,,
𪾕,6,0,0,,,0,,,,,
𪾖,6,0,0,,,0,,,,,
𪾗,6,0,0,,もる,0,,,,,
𪾘,6,0,0,,,0,,,,,
𪾙,6,0,0,,,0,,,,,
𪾚,6,0,0,,,0,,,,,
𪾛,6,0,0,,,0,,,,,
𪾜,6,0,0,,,0,,,,,
𪾝,6,0,0,,,0,,,,,
𪾞,6,0,0,,,0,,,,,
𪾟,6,0,0,,,0,,,,,
𪾠,6,0,0,,,0,,,,,
𪾡,6,0,0,,,0,,,,,
𪾢,6,0,0,,,0,,,,,
𪾣,6,0,0,,,0,,,,,
𪾤,6,0,0,,,0,,,,,
𪾥,6,0,0,,,0,,,,,
𪾦,6,0,0,,,0,,,,,
𪾧,6,0,0,,まなじり,0,,,,,
𪾨,6,0,0,,みる,0,,,,,
𪾩,6,0,0,,,0,,,,,
𪾪,6,0,0,,,0,,,,,
𪾫,6,0,0,,,0,,,,,
𪾬,6,0,0,,にらむ,0,,,,,
𪾭,6,0,0,,,0,,,,,
𪾮,6,0,0,,,0,,,,,
𪾯,6,0,0,,,0,,,,,
𪾰,6,0,0,,,0,,,,,
𪾱,6,0,0,,,0,,,,,
𪾲,6,0,0,,,0,,,,,
𪾳,6,0,0,,,0,,,,,
𪾴,6,0,0,,,0,,,,,
𪾵,6,0,0,,しかる,0,,,,,
𪾶,6,0,0,,,0,,,,,
𪾷,6,0,0,,,0,,,,,
𪾸,6,0,0,,,0,,,,,
𪾹,6,0,0,,,0,,,,,
𪾺,6,0,0,,,0,,,,,
𪾻,6,0,0,,とりめ,0,,,,,
𪾼,6,0,0,,めしい,0,,,,,
𪾽,6,0,0,,,0,,,,,
𪾾,6,0,0,,,0,,,,,
𪾿,6,0,0,,みる,0,,,,,
𪿀,6,0,0,,,0,,,,,
𪿁,6,0,0,,,0,,,,,
𪿂,6,0,0,,,0,,,,,
𪿃,6,0,0,,,0,,,,,
𪿄,6,0,0,,,0,,,,,
𪿅,6,0,0,,,0,,,,,
𪿆,6,0,0,,,0,,,,,
𪿇,6,0,0,,,0,,,,,
𪿈,6,0,0,,やき,0,,,,,
𪿉,6,0,0,,,0,,,,,
𪿊,6,0,0,,,0,,,,,
𪿋,6,0,0,,,0,,,,,
𪿌,6,0,0,,,0,,,,,
𪿍,6,0,0,,,0,,,,,
𪿎,6,0,0,,,0,,,,,
𪿏,6,0,0,,,0,,,,,
𪿐,6,0,0,,,0,,,,,
𪿑,6,0,0,,,0,,,,,
𪿒,6,0,0,,,0,,,,,
𪿓,6,0,0,,,0,,,,,
𪿔,6,0,0,,,0,,,,,
𪿕,6,0,0,,,0,,,,,
𪿖,6,0,0,,,0,,,,,
𪿗,6,0,0,,,0,,,,,
𪿘,6,0,0,,,0,,,,,
𪿙,6,0,0,,,0,,,,,
𪿚,6,0,0,,,0,,,,,
𪿛,6,0,0,,,0,,,,,
𪿜,6,0,0,,,0,,,,,
𪿝,6,0,0,,,0,,,,,
𪿞,6,0,0,,,0,,,,,
𪿟,6,0,0,,,0,,,,,
𪿠,6,0,0,,,0,,,,,
𪿡,6,0,0,,,0,,,,,
𪿢,6,0,0,ヒ ヘキ ビャク ビ ハク ヒャク ヘイ ミ,おきて,0,,,,,
𪿣,6,0,0,,,0,,,,,
𪿤,6,0,0,,,0,,,,,
𪿥,6,0,0,,,0,,,,,
𪿦,6,0,0,,,0,,,,,
𪿧,6,0,0,,,0,,,,,
𪿨,6,0,0,,,0,,,,,
𪿩,6,0,0,,,0,,,,,
𪿪,6,0,0,,,0,,,,,
𪿫,6,0,0,,,0,,,,,
𪿬,6,0,0,,,0,,,,,
𪿭,6,0,0,,,0,,,,,
𪿮,6,0,0,,,0,,,,,
𪿯,6,0,0,,,0,,,,,
𪿰,6,0,0,,,0,,,,,
𪿱,6,0,0,,,0,,,,,
𪿲,6,0,0,,,0,,,,,
𪿳,6,0,0,,,0,,,,,
𪿴,6,0,0,,,0,,,,,
𪿵,6,0,0,,,0,,,,,
𪿶,6,0,0,,,0,,,,,
𪿷,6,0,0,,,0,,,,,
𪿸,6,0,0,,,0,,,,,
𪿹,6,0,0,,,0,,,,,
𪿺,6,0,0,,,0,,,,,
𪿻,6,0,0,,,0,,,,,
𪿼,6,0,0,,,0,,,,,
𪿽,6,0,0,,,0,,,,,
𪿾,6,0,0,,,0,,,,,
𪿿,6,0,0,,,0,,,,,
𫀀,6,0,0,,,0,,,,,
𫀁,6,0,0,,,0,,,,,
𫀂,6,0,0,,,0,,,,,
𫀃,6,0,0,,のと,0,,,,,
𫀄,6,0,0,,,0,,,,,
𫀅,6,0,0,,,0,,,,,
𫀆,6,0,0,,,0,,,,,
𫀇,6,0,0,,,0,,,,,
𫀈,6,0,0,,,0,,,,,
𫀉,6,0,0,,,0,,,,,
𫀊,6,0,0,,,0,,,,,
𫀋,6,0,0,,,0,,,,,
𫀌,6,0,0,,,0,,,,,
𫀍,6,0,0,,,0,,,,,
𫀎,6,0,0,,,0,,,,,
𫀏,6,0,0,,,0,,,,,
𫀐,6,0,0,,,0,,,,,
𫀑,6,0,0,,,0,,,,,
𫀒,6,0,0,,,0,,,,,
𫀓,6,0,0,,,0,,,,,
𫀔,6,0,0,,,0,,,,,
𫀕,6,0,0,,,0,,,,,
𫀖,6,0,0,,,0,,,,,
𫀗,6,0,0,,,0,,,,,
𫀘,6,0,0,,,0,,,,,
𫀙,6,0,0,,,0,,,,,
𫀚,6,0,0,,,0,,,,,
𫀛,6,0,0,,,0,,,,,
𫀜,6,0,0,,,0,,,,,
𫀝,6,0,0,,,0,,,,,
𫀞,6,0,0,,,0,,,,,
𫀟,6,0,0,,,0,,,,,
𫀠,6,0,0,,,0,,,,,
𫀡,6,0,0,,,0,,,,,
𫀢,6,0,0,,,0,,,,,
𫀣,6,0,0,,,0,,,,,
𫀤,6,0,0,,,0,,,,,
𫀥,6,0,0,,,0,,,,,
𫀦,6,0,0,,,0,,,,,
𫀧,6,0,0,,むく,0,,,,,
𫀨,6,0,0,,,0,,,,,
𫀩,6,0,0,,,0,,,,,
𫀪,6,0,0,,,0,,,,,
𫀫,6,0,0,,,0,,,,,
𫀬,6,0,0,,,0,,,,,
𫀭,6,0,0,,,0,,,,,
𫀮,6,0,0,,,0,,,,,
𫀯,6,0,0,,,0,,,,,
𫀰,6,0,0,,,0,,,,,
𫀱,6,0,0,,,0,,,,,
𫀲,6,0,0,,,0,,,,,
𫀳,6,0,0,,,0,,,,,
𫀴,6,0,0,,,0,,,,,
𫀵,6,0,0,,,0,,,,,
𫀶,6,0,0,,,0,,,,,
𫀷,6,0,0,,みのる,0,,,,,
𫀸,6,0,0,,,0,,,,,
𫀹,6,0,0,,あき,0,,,,,
𫀺,6,0,0,,,0,,,,,
𫀻,6,0,0,,,0,,,,,
𫀼,6,0,0,,,0,,,,,
𫀽,6,0,0,,,0,,,,,
𫀾,6,0,0,,,0,,,,,
𫀿,6,0,0,,,0,,,,,
𫁀,6,0,0,,,0,,,,,
𫁁,6,0,0,,たがえす,0,,,,,
𫁂,6,0,0,,,0,,,,,
𫁃,6,0,0,,,0,,,,,
𫁄,6,0,0,,,0,,,,,
𫁅,6,0,0,,,0,,,,,
𫁆,6,0,0,,なりわい,0,,,,,
𫁇,6,0,0,,,0,,,,,
𫁈,6,0,0,,,0,,,,,
𫁉,6,0,0,,,0,,,,,
𫁊,6,0,0,,,0,,,,,
𫁋,6,0,0,,,0,,,,,
𫁌,6,0,0,,,0,,,,,
𫁍,6,0,0,,,0,,,,,
𫁎,6,0,0,,,0,,,,,
𫁏,6,0,0,,,0,,,,,
𫁐,6,0,0,,,0,,,,,
𫁑,6,0,0,,まど,0,,,,,
𫁒,6,0,0,,,0,,,,,
𫁓,6,0,0,,,0,,,,,
𫁔,6,0,0,,,0,,,,,
𫁕,6,0,0,,,0,,,,,
𫁖,6,0,0,,ねらう,0,,,,,
𫁗,6,0,0,,ほき,0,,,,,
𫁘,6,0,0,,,0,,,,,
𫁙,6,0,0,,,0,,,,,
𫁚,6,0,0,,,0,,,,,
𫁛,6,0,0,,,0,,,,,
𫁜,6,0,0,,,0,,,,,
𫁝,6,0,0,,,0,,,,,
𫁞,6,0,0,,,0,,,,,
𫁟,6,0,0,,,0,,,,,
𫁠,6,0,0,,,0,,,,,
𫁡,6,0,0,,,0,,,,,
𫁢,6,0,0,,,0,,,,,
𫁣,6,0,0,,,0,,,,,
𫁤,6,0,0,,,0,,,,,
𫁥,6,0,0,,,0,,,,,
𫁦,6,0,0,,,0,,,,,
𫁧,6,0,0,,,0,,,,,
𫁨,6,0,0,,,0,,,,,
𫁩,6,0,0,,,0,,,,,
𫁪,6,0,0,,,0,,,,,
𫁫,6,0,0,,,0,,,,,
𫁬,6,0,0,,,0,,,,,
𫁭,6,0,0,,,0,,,,,
𫁮,6,0,0,,,0,,,,,
𫁯,6,0,0,,,0,,,,,
𫁰,6,0,0,,,0,,,,,
𫁱,6,0,0,,,0,,,,,
𫁲,6,0,0,,,0,,,,,
𫁳,6,0,0,,,0,,,,,
𫁴,6,0,0,,,0,,,,,
𫁵,6,0,0,,,0,,,,,
𫁶,6,0,0,,,0,,,,,
𫁷,6,0,0,,,0,,,,,
𫁸,6,0,0,,,0,,,,,
𫁹,6,0,0,,,0,,,,,
𫁺,6,0,0,,,0,,,,,
𫁻,6,0,0,,,0,,,,,
𫁼,6,0,0,,,0,,,,,
𫁽,6,0,0,,,0,,,,,
𫁾,6,0,0,,,0,,,,,
𫁿,6,0,0,,,0,,,,,
𫂀,6,0,0,,,0,,,,,
𫂁,6,0,0,,,0,,,,,
𫂂,6,0,0,,,0,,,,,
𫂃,6,0,0,,,0,,,,,
𫂄,6,0,0,,,0,,,,,
𫂅,6,0,0,,あおだ,0,,,,,
𫂆,6,0,0,,,0,,,,,
𫂇,6,0,0,,,0,,,,,
𫂈,6,0,0,,,0,,,,,
𫂉,6,0,0,セチ セツ,ころ さだめ とき のっと ふし ほどあい みさお,0,,,,,
𫂊,6,0,0,,,0,,,,,
𫂋,6,0,0,,,0,,,,,
𫂌,6,0,0,,,0,,,,,
𫂍,6,0,0,,,0,,,,,
𫂎,6,0,0,,,0,,,,,
𫂏,6,0,0,,,0,,,,,
𫂐,6,0,0,,,0,,,,,
𫂑,6,0,0,,,0,,,,,
𫂒,6,0,0,,たまのすだれ,0,,,,,
𫂓,6,0,0,,,0,,,,,
𫂔,6,0,0,,,0,,,,,
𫂕,6,0,0,,,0,,,,,
𫂖,6,0,0,,,0,,,,,
𫂗,6,0,0,,,0,,,,,
𫂘,6,0,0,,,0,,,,,
𫂙,6,0,0,,,0,,,,,
𫂚,6,0,0,,,0,,,,,
𫂛,6,0,0,,,0,,,,,
𫂜,6,0,0,,,0,,,,,
𫂝,6,0,0,,,0,,,,,
𫂞,6,0,0,,,0,,,,,
𫂟,6,0,0,,,0,,,,,
𫂠,6,0,0,,,0,,,,,
𫂡,6,0,0,,,0,,,,,
𫂢,6,0,0,,,0,,,,,
𫂣,6,0,0,,しずき,0,,,,,
𫂤,6,0,0,,,0,,,,,
𫂥,6,0,0,,,0,,,,,
𫂦,6,0,0,,,0,,,,,
𫂧,6,0,0,,,0,,,,,
𫂨,6,0,0,,,0,,,,,
𫂩,6,0,0,,うつぼ,0,,,,,
𫂪,6,0,0,,,0,,,,,
𫂫,6,0,0,,,0,,,,,
𫂬,6,0,0,,,0,,,,,
𫂭,6,0,0,,,0,,,,,
𫂮,6,0,0,,,0,,,,,
𫂯,6,0,0,,,0,,,,,
𫂰,6,0,0,,,0,,,,,
𫂱,6,0,0,,,0,,,,,
𫂲,6,0,0,,もみがら,0,,,,,
𫂳,6,0,0,,,0,,,,,
𫂴,6,0,0,,,0,,,,,
𫂵,6,0,0,,,0,,,,,
𫂶,6,0,0,,,0,,,,,
𫂷,6,0,0,,,0,,,,,
𫂸,6,0,0,,,0,,,,,
𫂹,6,0,0,,,0,,,,,
𫂺,6,0,0,,,0,,,,,
𫂻,6,0,0,,,0,,,,,
𫂼,6,0,0,,,0,,,,,
𫂽,6,0,0,,,0,,,,,
𫂾,6,0,0,,,0,,,,,
𫂿,6,0,0,,,0,,,,,
𫃀,6,0,0,,,0,,,,,
𫃁,6,0,0,,,0,,,,,
𫃂,6,0,0,,,0,,,,,
𫃃,6,0,0,,,0,,,,,
𫃄,6,0,0,,ちまき,0,,,,,
𫃅,6,0,0,,,0,,,,,
𫃆,6,0,0,,,0,,,,,
𫃇,6,0,0,,くましね,0,,,,,
𫃈,6,0,0,,,0,,,,,
𫃉,6,0,0,,,0,,,,,
𫃊,6,0,0,,,0,,,,,
𫃋,6,0,0,,,0,,,,,
𫃌,6,0,0,,,0,,,,,
𫃍,6,0,0,,,0,,,,,
𫃎,6,0,0,,,0,,,,,
𫃏,6,0,0,,,0,,,,,
𫃐,6,0,0,,,0,,,,,
𫃑,6,0,0,,,0,,,,,
𫃒,6,0,0,,,0,,,,,
𫃓,6,0,0,,,0,,,,,
𫃔,6,0,0,,,0,,,,,
𫃕,6,0,0,,,0,,,,,
𫃖,6,0,0,,,0,,,,,
𫃗,6,0,0,,,0,,,,,
𫃘,6,0,0,,,0,,,,,
𫃙,6,0,0,,,0,,,,,
𫃚,6,0,0,,,0,,,,,
𫃛,6,0,0,,,0,,,,,
𫃜,6,0,0,コウ,,0,,,,,
𫃝,6,0,0,,,0,,,,,
𫃞,6,0,0,,,0,,,,,
𫃟,6,0,0,,,0,,,,,
𫃠,6,0,0,,,0,,,,,
𫃡,6,0,0,,,0,,,,,
𫃢,6,0,0,,,0,,,,,
𫃣,6,0,0,,,0,,,,,
𫃤,6,0,0,,,0,,,,,
𫃥,6,0,0,,,0,,,,,
𫃦,6,0,0,,,0,,,,,
𫃧,6,0,0,,,0,,,,,
𫃨,6,0,0,,,0,,,,,
𫃩,6,0,0,,,0,,,,,
𫃪,6,0,0,,,0,,,,,
𫃫,6,0,0,,,0,,,,,
𫃬,6,0,0,,,0,,,,,
𫃭,6,0,0,,,0,,,,,
𫃮,6,0,0,,,0,,,,,
𫃯,6,0,0,,,0,,,,,
𫃰,6,0,0,,,0,,,,,
𫃱,6,0,0,,,0,,,,,
𫃲,6,0,0,,ほころび,0,,,,,
𫃳,6,0,0,,,0,,,,,
𫃴,6,0,0,,,0,,,,,
𫃵,6,0,0,ル ロウ リュウ,いと,0,,,,,
𫃶,6,0,0,,,0,,,,,
𫃷,6,0,0,,,0,,,,,
𫃸,6,0,0,,,0,,,,,
𫃹,6,0,0,,,0,,,,,
𫃺,6,0,0,,,0,,,,,
𫃻,6,0,0,,,0,,,,,
𫃼,6,0,0,,,0,,,,,
𫃽,6,0,0,,,0,,,,,
𫃾,6,0,0,,,0,,,,,
𫃿,6,0,0,,,0,,,,,
𫄀,6,0,0,,,0,,,,,
𫄁,6,0,0,,,0,,,,,
𫄂,6,0,0,,,0,,,,,
𫄃,6,0,0,,,0,,,,,
𫄄,6,0,0,,,0,,,,,
𫄅,6,0,0,,,0,,,,,
𫄆,6,0,0,,,0,,,,,
𫄇,6,0,0,,,0,,,,,
𫄈,6,0,0,,,0,,,,,
𫄉,6,0,0,,,0,,,,,
𫄊,6,0,0,,はなづな,0,,,,,
𫄋,6,0,0,,,0,,,,,
𫄌,6,0,0,,,0,,,,,
𫄍,6,0,0,,,0,,,,,
𫄎,6,0,0,,,0,,,,,
𫄏,6,0,0,,,0,,,,,
𫄐,6,0,0,,,0,,,,,
𫄑,6,0,0,,,0,,,,,
𫄒,6,0,0,,,0,,,,,
𫄓,6,0,0,,,0,,,,,
𫄔,6,0,0,,,0,,,,,
𫄕,6,0,0,,,0,,,,,
𫄖,6,0,0,,,0,,,,,
𫄗,6,0,0,,かたほ,0,,,,,
𫄘,6,0,0,,,0,,,,,
𫄙,6,0,0,,,0,,,,,
𫄚,6,0,0,,,0,,,,,
𫄛,6,0,0,,,0,,,,,
𫄜,6,0,0,,,0,,,,,
𫄝,6,0,0,,,0,,,,,
𫄞,6,0,0,,,0,,,,,
𫄟,6,0,0,,,0,,,,,
𫄠,6,0,0,,,0,,,,,
𫄡,6,0,0,,,0,,,,,
𫄢,6,0,0,,,0,,,,,
𫄣,6,0,0,,,0,,,,,
𫄤,6,0,0,,,0,,,,,
𫄥,6,0,0,,,0,,,,,
𫄦,6,0,0,,,0,,,,,
𫄧,6,0,0,,,0,,,,,
𫄨,6,0,0,,,0,,,,,
𫄩,6,0,0,,,0,,,,,
𫄪,6,0,0,,,0,,,,,
𫄫,6,0,0,,,0,,,,,
𫄬,6,0,0,,,0,,,,,
𫄭,6,0,0,,,0,,,,,
𫄮,6,0,0,,,0,,,,,
𫄯,6,0,0,,,0,,,,,
𫄰,6,0,0,,,0,,,,,
𫄱,6,0,0,,,0,,,,,
𫄲,6,0,0,,,0,,,,,
𫄳,6,0,0,,,0,,,,,
𫄴,6,0,0,,,0,,,,,
𫄵,6,0,0,,,0,,,,,
𫄶,6,0,0,,,0,,,,,
𫄷,6,0,0,,,0,,,,,
𫄸,6,0,0,,,0,,,,,
𫄹,6,0,0,,,0,,,,,
𫄺,6,0,0,,,0,,,,,
𫄻,6,0,0,,,0,,,,,
𫄼,6,0,0,,,0,,,,,
𫄽,6,0,0,,,0,,,,,
𫄾,6,0,0,,,0,,,,,
𫄿,6,0,0,,,0,,,,,
𫅀,6,0,0,,,0,,,,,
𫅁,6,0,0,,,0,,,,,
𫅂,6,0,0,,,0,,,,,
𫅃,6,0,0,,,0,,,,,
𫅄,6,0,0,,,0,,,,,
𫅅,6,0,0,,,0,,,,,
𫅆,6,0,0,,,0,,,,,
𫅇,6,0,0,,,0,,,,,
𫅈,6,0,0,,,0,,,,,
𫅉,6,0,0,,,0,,,,,
𫅊,6,0,0,,,0,,,,,
𫅋,6,0,0,,,0,,,,,
𫅌,6,0,0,,,0,,,,,
𫅍,6,0,0,,,0,,,,,
𫅎,6,0,0,,,0,,,,,
𫅏,6,0,0,,,0,,,,,
𫅐,6,0,0,,,0,,,,,
𫅑,6,0,0,,,0,,,,,
𫅒,6,0,0,,,0,,,,,
𫅓,6,0,0,,,0,,,,,
𫅔,6,0,0,,,0,,,,,
𫅕,6,0,0,,,0,,,,,
𫅖,6,0,0,,,0,,,,,
𫅗,6,0,0,,,0,,,,,
𫅘,6,0,0,,,0,,,,,
𫅙,6,0,0,,,0,,,,,
𫅚,6,0,0,,,0,,,,,
𫅛,6,0,0,,,0,,,,,
𫅜,6,0,0,,,0,,,,,
𫅝,6,0,0,,,0,,,,,
𫅞,6,0,0,,,0,,,,,
𫅟,6,0,0,,,0,,,,,
𫅠,6,0,0,,,0,,,,,
𫅡,6,0,0,,,0,,,,,
𫅢,6,0,0,,,0,,,,,
𫅣,6,0,0,,,0,,,,,
𫅤,6,0,0,,,0,,,,,
𫅥,6,0,0,,,0,,,,,
𫅦,6,0,0,,,0,,,,,
𫅧,6,0,0,,,0,,,,,
𫅨,6,0,0,,,0,,,,,
𫅩,6,0,0,,,0,,,,,
𫅪,6,0,0,,,0,,,,,
𫅫,6,0,0,,,0,,,,,
𫅬,6,0,0,,,0,,,,,
𫅭,6,0,0,,,0,,,,,
𫅮,6,0,0,,,0,,,,,
𫅯,6,0,0,,,0,,,,,
𫅰,6,0,0,,,0,,,,,
𫅱,6,0,0,,,0,,,,,
𫅲,6,0,0,,,0,,,,,
𫅳,6,0,0,,,0,,,,,
𫅴,6,0,0,,,0,,,,,
𫅵,6,0,0,,,0,,,,,
𫅶,6,0,0,,,0,,,,,
𫅷,6,0,0,,,0,,,,,
𫅸,6,0,0,,,0,,,,,
𫅹,6,0,0,,,0,,,,,
𫅺,6,0,0,,,0,,,,,
𫅻,6,0,0,,,0,,,,,
𫅼,6,0,0,,,0,,,,,
𫅽,6,0,0,,,0,,,,,
𫅾,6,0,0,,,0,,,,,
𫅿,6,0,0,,くさぎる,0,,,,,
𫆀,6,0,0,,,0,,,,,
𫆁,6,0,0,,,0,,,,,
𫆂,6,0,0,,,0,,,,,
𫆃,6,0,0,,,0,,,,,
𫆄,6,0,0,,,0,,,,,
𫆅,6,0,0,,,0,,,,,
𫆆,6,0,0,,,0,,,,,
𫆇,6,0,0,,,0,,,,,
𫆈,6,0,0,,,0,,,,,
𫆉,6,0,0,,,0,,,,,
𫆊,6,0,0,,,0,,,,,
𫆋,6,0,0,,,0,,,,,
𫆌,6,0,0,,,0,,,,,
𫆍,6,0,0,,,0,,,,,
𫆎,6,0,0,,,0,,,,,
𫆏,6,0,0,,,0,,,,,
𫆐,6,0,0,,,0,,,,,
𫆑,6,0,0,,,0,,,,,
𫆒,6,0,0,,,0,,,,,
𫆓,6,0,0,,みみぶくろ,0,,,,,
𫆔,6,0,0,,,0,,,,,
𫆕,6,0,0,,,0,,,,,
𫆖,6,0,0,,,0,,,,,
𫆗,6,0,0,,,0,,,,,
𫆘,6,0,0,,,0,,,,,
𫆙,6,0,0,,,0,,,,,
𫆚,6,0,0,,,0,,,,,
𫆛,6,0,0,,さかやき,0,,,,,
𫆜,6,0,0,,,0,,,,,
𫆝,6,0,0,,,0,,,,,
𫆞,6,0,0,,,0,,,,,
𫆟,6,0,0,,,0,,,,,
𫆠,6,0,0,,,0,,,,,
𫆡,6,0,0,,,0,,,,,
𫆢,6,0,0,,,0,,,,,
𫆣,6,0,0,,,0,,,,,
𫆤,6,0,0,,,0,,,,,
𫆥,6,0,0,,,0,,,,,
𫆦,6,0,0,,,0,,,,,
𫆧,6,0,0,,,0,,,,,
𫆨,6,0,0,,まえ,0,,,,,
𫆩,6,0,0,,,0,,,,,
𫆪,6,0,0,,,0,,,,,
𫆫,6,0,0,,,0,,,,,
𫆬,6,0,0,,,0,,,,,
𫆭,6,0,0,,,0,,,,,
𫆮,6,0,0,,,0,,,,,
𫆯,6,0,0,,,0,,,,,
𫆰,6,0,0,,,0,,,,,
𫆱,6,0,0,,,0,,,,,
𫆲,6,0,0,,,0,,,,,
𫆳,6,0,0,,,0,,,,,
𫆴,6,0,0,,,0,,,,,
𫆵,6,0,0,,,0,,,,,
𫆶,6,0,0,,,0,,,,,
𫆷,6,0,0,,ほぞ,0,,,,,
𫆸,6,0,0,,,0,,,,,
𫆹,6,0,0,,,0,,,,,
𫆺,6,0,0,,おとがい,0,,,,,
𫆻,6,0,0,,,0,,,,,
𫆼,6,0,0,,,0,,,,,
𫆽,6,0,0,,,0,,,,,
𫆾,6,0,0,,,0,,,,,
𫆿,6,0,0,,,0,,,,,
𫇀,6,0,0,,,0,,,,,
𫇁,6,0,0,,,0,,,,,
𫇂,6,0,0,,,0,,,,,
𫇃,6,0,0,,,0,,,,,
𫇄,6,0,0,,,0,,,,,
𫇅,6,0,0,,,0,,,,,
𫇆,6,0,0,,,0,,,,,
𫇇,6,0,0,,,0,,,,,
𫇈,6,0,0,,,0,,,,,
𫇉,6,0,0,,,0,,,,,
𫇊,6,0,0,,,0,,,,,
𫇋,6,0,0,,,0,,,,,
𫇌,6,0,0,,,0,,,,,
𫇍,6,0,0,,,0,,,,,
𫇎,6,0,0,,,0,,,,,
𫇏,6,0,0,,,0,,,,,
𫇐,6,0,0,,,0,,,,,
𫇑,6,0,0,,,0,,,,,
𫇒,6,0,0,,,0,,,,,
𫇓,6,0,0,,,0,,,,,
𫇔,6,0,0,,,0,,,,,
𫇕,6,0,0,,,0,,,,,
𫇖,6,0,0,,,0,,,,,
𫇗,6,0,0,,,0,,,,,
𫇘,6,0,0,,,0,,,,,
𫇙,6,0,0,,,0,,,,,
𫇚,6,0,0,,,0,,,,,
𫇛,6,0,0,,,0,,,,,
𫇜,6,0,0,,はんにゃ,0,,,,,
𫇝,6,0,0,,,0,,,,,
𫇞,6,0,0,,,0,,,,,
𫇟,6,0,0,,,0,,,,,
𫇠,6,0,0,,たかし,0,,,,,
𫇡,6,0,0,,,0,,,,,
𫇢,6,0,0,,,0,,,,,
𫇣,6,0,0,,,0,,,,,
𫇤,6,0,0,,,0,,,,,
𫇥,6,0,0,,,0,,,,,
𫇦,6,0,0,,,0,,,,,
𫇧,6,0,0,,,0,,,,,
𫇨,6,0,0,,ははき,0,,,,,
𫇩,6,0,0,,むこ,0,,,,,
𫇪,6,0,0,,,0,,,,,
𫇫,6,0,0,,,0,,,,,
𫇬,6,0,0,,,0,,,,,
𫇭,6,0,0,,,0,,,,,
𫇮,6,0,0,,,0,,,,,
𫇯,6,0,0,,,0,,,,,
𫇰,6,0,0,,,0,,,,,
𫇱,6,0,0,,,0,,,,,
𫇲,6,0,0,,,0,,,,,
𫇳,6,0,0,,,0,,,,,
𫇴,6,0,0,,,0,,,,,
𫇵,6,0,0,,,0,,,,,
𫇶,6,0,0,,,0,,,,,
𫇷,6,0,0,,,0,,,,,
𫇸,6,0,0,,,0,,,,,
𫇹,6,0,0,,,0,,,,,
𫇺,6,0,0,,,0,,,,,
𫇻,6,0,0,,まきくさ,0,,,,,
𫇼,6,0,0,,,0,,,,,
𫇽,6,0,0,,,0,,,,,
𫇾,6,0,0,,,0,,,,,
𫇿,6,0,0,,しば,0,,,,,
𫈀,6,0,0,,,0,,,,,
𫈁,6,0,0,,,0,,,,,
𫈂,6,0,0,,たたみ,0,,,,,
𫈃,6,0,0,,,0,,,,,
𫈄,6,0,0,,たまずし,0,,,,,
𫈅,6,0,0,,,0,,,,,
𫈆,6,0,0,,きぬがさ,0,,,,,
𫈇,6,0,0,,さい,0,,,,,
𫈈,6,0,0,,,0,,,,,
𫈉,6,0,0,,,0,,,,,
𫈊,6,0,0,,,0,,,,,
𫈋,6,0,0,,,0,,,,,
𫈌,6,0,0,,,0,,,,,
𫈍,6,0,0,,,0,,,,,
𫈎,6,0,0,,,0,,,,,
𫈏,6,0,0,,,0,,,,,
𫈐,6,0,0,,,0,,,,,
𫈑,6,0,0,,,0,,,,,
𫈒,6,0,0,,,0,,,,,
𫈓,6,0,0,,えびね,0,,,,,
𫈔,6,0,0,,,0,,,,,
𫈕,6,0,0,,,0,,,,,
𫈖,6,0,0,,,0,,,,,
𫈗,6,0,0,,,0,,,,,
𫈘,6,0,0,,,0,,,,,
𫈙,6,0,0,,,0,,,,,
𫈚,6,0,0,,,0,,,,,
𫈛,6,0,0,,,0,,,,,
𫈜,6,0,0,,,0,,,,,
𫈝,6,0,0,,,0,,,,,
𫈞,6,0,0,,なめぬなわ,0,,,,,
𫈟,6,0,0,,,0,,,,,
𫈠,6,0,0,,,0,,,,,
𫈡,6,0,0,,,0,,,,,
𫈢,6,0,0,,,0,,,,,
𫈣,6,0,0,,,0,,,,,
𫈤,6,0,0,,すげ,0,,,,,
𫈥,6,0,0,,,0,,,,,
𫈦,6,0,0,,,0,,,,,
𫈧,6,0,0,,,0,,,,,
𫈨,6,0,0,,,0,,,,,
𫈩,6,0,0,,,0,,,,,
𫈪,6,0,0,,,0,,,,,
𫈫,6,0,0,,,0,,,,,
𫈬,6,0,0,,,0,,,,,
𫈭,6,0,0,,,0,,,,,
𫈮,6,0,0,,,0,,,,,
𫈯,6,0,0,,,0,,,,,
𫈰,6,0,0,,,0,,,,,
𫈱,6,0,0,,,0,,,,,
𫈲,6,0,0,,,0,,,,,
𫈳,6,0,0,,,0,,,,,
𫈴,6,0,0,ハツ ホチ ハイ,,0,,,,,
𫈵,6,0,0,,,0,,,,,
𫈶,6,0,0,,,0,,,,,
𫈷,6,0,0,,,0,,,,,
𫈸,6,0,0,,,0,,,,,
𫈹,6,0,0,,わらび,0,,,,,
𫈺,6,0,0,,,0,,,,,
𫈻,6,0,0,,,0,,,,,
𫈼,6,0,0,,,0,,,,,
𫈽,6,0,0,,きくらげ,0,,,,,
𫈾,6,0,0,,,0,,,,,
𫈿,6,0,0,,,0,,,,,
𫉀,6,0,0,,さき,0,,,,,
𫉁,6,0,0,,,0,,,,,
𫉂,6,0,0,,,0,,,,,
𫉃,6,0,0,,,0,,,,,
𫉄,6,0,0,,,0,,,,,
𫉅,6,0,0,,,0,,,,,
𫉆,6,0,0,,,0,,,,,
𫉇,6,0,0,,わ,0,,,,,
𫉈,6,0,0,,,0,,,,,
𫉉,6,0,0,,,0,,,,,
𫉊,6,0,0,,,0,,,,,
𫉋,6,0,0,,,0,,,,,
𫉌,6,0,0,,,0,,,,,
𫉍,6,0,0,,,0,,,,,
𫉎,6,0,0,,,0,,,,,
𫉏,6,0,0,,,0,,,,,
𫉐,6,0,0,,,0,,,,,
𫉑,6,0,0,,ひる,0,,,,,
𫉒,6,0,0,,なもみ,0,,,,,
𫉓,6,0,0,,,0,,,,,
𫉔,6,0,0,,,0,,,,,
𫉕,6,0,0,,,0,,,,,
𫉖,6,0,0,,,0,,,,,
𫉗,6,0,0,,,0,,,,,
𫉘,6,0,0,,,0,,,,,
𫉙,6,0,0,,ひし,0,,,,,
𫉚,6,0,0,,,0,,,,,
𫉛,6,0,0,,,0,,,,,
𫉜,6,0,0,,つらなぐさ,0,,,,,
𫉝,6,0,0,,,0,,,,,
𫉞,6,0,0,,,0,,,,,
𫉟,6,0,0,,,0,,,,,
𫉠,6,0,0,,すずみむしろ,0,,,,,
𫉡,6,0,0,,,0,,,,,
𫉢,6,0,0,,,0,,,,,
𫉣,6,0,0,,,0,,,,,
𫉤,6,0,0,,,0,,,,,
𫉥,6,0,0,,,0,,,,,
𫉦,6,0,0,,,0,,,,,
𫉧,6,0,0,,,0,,,,,
𫉨,6,0,0,,,0,,,,,
𫉩,6,0,0,,,0,,,,,
𫉪,6,0,0,,,0,,,,,
𫉫,6,0,0,,,0,,,,,
𫉬,6,0,0,カク ワク コ ゲ カ,える,0,,,,,
𫉭,6,0,0,,,0,,,,,
𫉮,6,0,0,,,0,,,,,
𫉯,6,0,0,,,0,,,,,
𫉰,6,0,0,,くぼて,0,,,,,
𫉱,6,0,0,,,0,,,,,
𫉲,6,0,0,,,0,,,,,
𫉳,6,0,0,,,0,,,,,
𫉴,6,0,0,,,0,,,,,
𫉵,6,0,0,,,0,,,,,
𫉶,6,0,0,,,0,,,,,
𫉷,6,0,0,,,0,,,,,
𫉸,6,0,0,,,0,,,,,
𫉹,6,0,0,,,0,,,,,
𫉺,6,0,0,,,0,,,,,
𫉻,6,0,0,,なもみ,0,,,,,
𫉼,6,0,0,,,0,,,,,
𫉽,6,0,0,,,0,,,,,
𫉾,6,0,0,,,0,,,,,
𫉿,6,0,0,,,0,,,,,
𫊀,6,0,0,,おり,0,,,,,
𫊁,6,0,0,,,0,,,,,
𫊂,6,0,0,,,0,,,,,
𫊃,6,0,0,,,0,,,,,
𫊄,6,0,0,,くろ,0,,,,,
𫊅,6,0,0,,,0,,,,,
𫊆,6,0,0,,,0,,,,,
𫊇,6,0,0,,,0,,,,,
𫊈,6,0,0,,,0,,,,,
𫊉,6,0,0,,,0,,,,,
𫊊,6,0,0,,,0,,,,,
𫊋,6,0,0,,,0,,,,,
𫊌,6,0,0,,,0,,,,,
𫊍,6,0,0,,,0,,,,,
𫊎,6,0,0,,,0,,,,,
𫊏,6,0,0,,,0,,,,,
𫊐,6,0,0,,,0,,,,,
𫊑,6,0,0,,,0,,,,,
𫊒,6,0,0,,,0,,,,,
𫊓,6,0,0,,,0,,,,,
𫊔,6,0,0,,,0,,,,,
𫊕,6,0,0,,,0,,,,,
𫊖,6,0,0,,,0,,,,,
𫊗,6,0,0,,,0,,,,,
𫊘,6,0,0,,したぐら,0,,,,,
𫊙,6,0,0,,,0,,,,,
𫊚,6,0,0,,,0,,,,,
𫊛,6,0,0,,,0,,,,,
𫊜,6,0,0,,てづくり,0,,,,,
𫊝,6,0,0,,,0,,,,,
𫊞,6,0,0,ギャク ガク,しいたげる,0,,,,,
𫊟,6,0,0,,,0,,,,,
𫊠,6,0,0,,,0,,,,,
𫊡,6,0,0,,,0,,,,,
𫊢,6,0,0,,,0,,,,,
𫊣,6,0,0,,,0,,,,,
𫊤,6,0,0,,,0,,,,,
𫊥,6,0,0,,,0,,,,,
𫊦,6,0,0,,じょうごむし,0,,,,,
𫊧,6,0,0,,かみきりむし,0,,,,,
𫊨,6,0,0,,,0,,,,,
𫊩,6,0,0,,,0,,,,,
𫊪,6,0,0,,,0,,,,,
𫊫,6,0,0,ソウ ショウ,のみ はやい,0,,,,,
𫊬,6,0,0,,,0,,,,,
𫊭,6,0,0,,,0,,,,,
𫊮,6,0,0,,,0,,,,,
𫊯,6,0,0,,,0,,,,,
𫊰,6,0,0,,あゆ,0,,,,,
𫊱,6,0,0,,,0,,,,,
𫊲,6,0,0,,,0,,,,,
𫊳,6,0,0,,かい,0,,,,,
𫊴,6,0,0,,,0,,,,,
𫊵,6,0,0,,,0,,,,,
𫊶,6,0,0,,,0,,,,,
𫊷,6,0,0,,,0,,,,,
𫊸,6,0,0,,,0,,,,,
𫊹,6,0,0,,,0,,,,,
𫊺,6,0,0,,きく,0,,,,,
𫊻,6,0,0,,,0,,,,,
𫊼,6,0,0,,,0,,,,,
𫊽,6,0,0,,しみ,0,,,,,
𫊾,6,0,0,,せみ,0,,,,,
𫊿,6,0,0,,,0,,,,,
𫋀,6,0,0,,,0,,,,,
𫋁,6,0,0,,,0,,,,,
𫋂,6,0,0,,さい,0,,,,,
𫋃,6,0,0,,あまびこ,0,,,,,
𫋄,6,0,0,,,0,,,,,
𫋅,6,0,0,,せみ,0,,,,,
𫋆,6,0,0,,みな,0,,,,,
𫋇,6,0,0,,,0,,,,,
𫋈,6,0,0,,,0,,,,,
𫋉,6,0,0,,きさ,0,,,,,
𫋊,6,0,0,,,0,,,,,
𫋋,6,0,0,,さかずきむし,0,,,,,
𫋌,6,0,0,,,0,,,,,
𫋍,6,0,0,,,0,,,,,
𫋎,6,0,0,,しゅ,0,,,,,
𫋏,6,0,0,,しん,0,,,,,
𫋐,6,0,0,コウ グ,,0,,,,,
𫋑,6,0,0,,,0,,,,,
𫋒,6,0,0,,,0,,,,,
𫋓,6,0,0,,,0,,,,,
𫋔,6,0,0,,,0,,,,,
𫋕,6,0,0,,はえ,0,,,,,
𫋖,6,0,0,,あわび,0,,,,,
𫋗,6,0,0,,,0,,,,,
𫋘,6,0,0,,みな,0,,,,,
𫋙,6,0,0,,,0,,,,,
𫋚,6,0,0,,あしはらがに,0,,,,,
𫋛,6,0,0,,,0,,,,,
𫋜,6,0,0,,,0,,,,,
𫋝,6,0,0,,あり,0,,,,,
𫋞,6,0,0,,,0,,,,,
𫋟,6,0,0,,,0,,,,,
𫋠,6,0,0,,,0,,,,,
𫋡,6,0,0,,,0,,,,,
𫋢,6,0,0,,きりぎりす,0,,,,,
𫋣,6,0,0,,,0,,,,,
𫋤,6,0,0,,くも,0,,,,,
𫋥,6,0,0,,,0,,,,,
𫋦,6,0,0,,,0,,,,,
𫋧,6,0,0,,,0,,,,,
𫋨,6,0,0,,,0,,,,,
𫋩,6,0,0,,,0,,,,,
𫋪,6,0,0,,,0,,,,,
𫋫,6,0,0,,,0,,,,,
𫋬,6,0,0,,,0,,,,,
𫋭,6,0,0,,,0,,,,,
𫋮,6,0,0,,,0,,,,,
𫋯,6,0,0,,すむ,0,,,,,
𫋰,6,0,0,,,0,,,,,
𫋱,6,0,0,,,0,,,,,
𫋲,6,0,0,,,0,,,,,
𫋳,6,0,0,,,0,,,,,
𫋴,6,0,0,,,0,,,,,
𫋵,6,0,0,,きぬ,0,,,,,
𫋶,6,0,0,,,0,,,,,
𫋷,6,0,0,,,0,,,,,
𫋸,6,0,0,,,0,,,,,
𫋹,6,0,0,,,0,,,,,
𫋺,6,0,0,,,0,,,,,
𫋻,6,0,0,,,0,,,,,
𫋼,6,0,0,,いとごろも,0,,,,,
𫋽,6,0,0,,,0,,,,,
𫋾,6,0,0,コ,はかま,0,,,,,
𫋿,6,0,0,,,0,,,,,
𫌀,6,0,0,,,0,,,,,
𫌁,6,0,0,,,0,,,,,
𫌂,6,0,0,,,0,,,,,
𫌃,6,0,0,,,0,,,,,
𫌄,6,0,0,,,0,,,,,
𫌅,6,0,0,,おび,0,,,,,
𫌆,6,0,0,,,0,,,,,
𫌇,6,0,0,,,0,,,,,
𫌈,6,0,0,,あこめ,0,,,,,
𫌉,6,0,0,,,0,,,,,
𫌊,6,0,0,,,0,,,,,
𫌋,6,0,0,,,0,,,,,
𫌌,6,0,0,,,0,,,,,
𫌍,6,0,0,,,0,,,,,
𫌎,6,0,0,,,0,,,,,
𫌏,6,0,0,,,0,,,,,
𫌐,6,0,0,,,0,,,,,
𫌑,6,0,0,,,0,,,,,
𫌒,6,0,0,,,0,,,,,
𫌓,6,0,0,,くつ,0,,,,,
𫌔,6,0,0,,,0,,,,,
𫌕,6,0,0,,,0,,,,,
𫌖,6,0,0,,,0,,,,,
𫌗,6,0,0,,,0,,,,,
𫌘,6,0,0,,,0,,,,,
𫌙,6,0,0,,,0,,,,,
𫌚,6,0,0,,,0,,,,,
𫌛,6,0,0,,,0,,,,,
𫌜,6,0,0,,,0,,,,,
𫌝,6,0,0,,,0,,,,,
𫌞,6,0,0,,,0,,,,,
𫌟,6,0,0,,かたみ,0,,,,,
𫌠,6,0,0,,,0,,,,,
𫌡,6,0,0,,,0,,,,,
𫌢,6,0,0,,,0,,,,,
𫌣,6,0,0,,,0,,,,,
𫌤,6,0,0,,,0,,,,,
𫌥,6,0,0,,うかがいみる,0,,,,,
𫌦,6,0,0,,,0,,,,,
𫌧,6,0,0,,かおみ,0,,,,,
𫌨,6,0,0,,,0,,,,,
𫌩,6,0,0,,,0,,,,,
𫌪,6,0,0,,,0,,,,,
𫌫,6,0,0,,,0,,,,,
𫌬,6,0,0,,,0,,,,,
𫌭,6,0,0,,,0,,,,,
𫌮,6,0,0,,,0,,,,,
𫌯,6,0,0,,,0,,,,,
𫌰,6,0,0,,,0,,,,,
𫌱,6,0,0,,,0,,,,,
𫌲,6,0,0,,,0,,,,,
𫌳,6,0,0,,,0,,,,,
𫌴,6,0,0,,,0,,,,,
𫌵,6,0,0,,,0,,,,,
𫌶,6,0,0,,,0,,,,,
𫌷,6,0,0,,でんしん,0,,,,,
𫌸,6,0,0,,,0,,,,,
𫌹,6,0,0,,,0,,,,,
𫌺,6,0,0,,,0,,,,,
𫌻,6,0,0,,,0,,,,,
𫌼,6,0,0,,,0,,,,,
𫌽,6,0,0,,,0,,,,,
𫌾,6,0,0,,,0,,,,,
𫌿,6,0,0,,,0,,,,,
𫍀,6,0,0,,,0,,,,,
𫍁,6,0,0,,,0,,,,,
𫍂,6,0,0,,,0,,,,,
𫍃,6,0,0,,,0,,,,,
𫍄,6,0,0,,はやす,0,,,,,
𫍅,6,0,0,,,0,,,,,
𫍆,6,0,0,,ことごとしい,0,,,,,
𫍇,6,0,0,,,0,,,,,
𫍈,6,0,0,,,0,,,,,
𫍉,6,0,0,,,0,,,,,
𫍊,6,0,0,,,0,,,,,
𫍋,6,0,0,,こぼす,0,,,,,
𫍌,6,0,0,,,0,,,,,
𫍍,6,0,0,,,0,,,,,
𫍎,6,0,0,,,0,,,,,
𫍏,6,0,0,,,0,,,,,
𫍐,6,0,0,,,0,,,,,
𫍑,6,0,0,,,0,,,,,
𫍒,6,0,0,,はかない,0,,,,,
𫍓,6,0,0,,,0,,,,,
𫍔,6,0,0,,,0,,,,,
𫍕,6,0,0,,,0,,,,,
𫍖,6,0,0,,,0,,,,,
𫍗,6,0,0,,,0,,,,,
𫍘,6,0,0,,,0,,,,,
𫍙,6,0,0,,,0,,,,,
𫍚,6,0,0,,,0,,,,,
𫍛,6,0,0,,,0,,,,,
𫍜,6,0,0,,,0,,,,,
𫍝,6,0,0,,,0,,,,,
𫍞,6,0,0,,,0,,,,,
𫍟,6,0,0,,,0,,,,,
𫍠,6,0,0,,,0,,,,,
𫍡,6,0,0,,,0,,,,,
𫍢,6,0,0,,,0,,,,,
𫍣,6,0,0,,,0,,,,,
𫍤,6,0,0,,,0,,,,,
𫍥,6,0,0,,,0,,,,,
𫍦,6,0,0,,,0,,,,,
𫍧,6,0,0,,,0,,,,,
𫍨,6,0,0,,,0,,,,,
𫍩,6,0,0,,,0,,,,,
𫍪,6,0,0,,,0,,,,,
𫍫,6,0,0,,,0,,,,,
𫍬,6,0,0,,,0,,,,,
𫍭,6,0,0,,,0,,,,,
𫍮,6,0,0,,,0,,,,,
𫍯,6,0,0,,,0,,,,,
𫍰,6,0,0,,,0,,,,,
𫍱,6,0,0,,,0,,,,,
𫍲,6,0,0,,,0,,,,,
𫍳,6,0,0,,,0,,,,,
𫍴,6,0,0,,,0,,,,,
𫍵,6,0,0,,,0,,,,,
𫍶,6,0,0,,,0,,,,,
𫍷,6,0,0,,,0,,,,,
𫍸,6,0,0,,,0,,,,,
𫍹,6,0,0,,,0,,,,,
𫍺,6,0,0,,,0,,,,,
𫍻,6,0,0,,,0,,,,,
𫍼,6,0,0,,,0,,,,,
𫍽,6,0,0,,,0,,,,,
𫍾,6,0,0,,,0,,,,,
𫍿,6,0,0,,,0,,,,,
𫎀,6,0,0,,,0,,,,,
𫎁,6,0,0,,やつ,0,,,,,
𫎂,6,0,0,,,0,,,,,
𫎃,6,0,0,,,0,,,,,
𫎄,6,0,0,,,0,,,,,
𫎅,6,0,0,,,0,,,,,
𫎆,6,0,0,,,0,,,,,
𫎇,6,0,0,モウ ボウ,おおう こうむる,0,,,,,
𫎈,6,0,0,,,0,,,,,
𫎉,6,0,0,,,0,,,,,
𫎊,6,0,0,,,0,,,,,
𫎋,6,0,0,,,0,,,,,
𫎌,6,0,0,,,0,,,,,
𫎍,6,0,0,,,0,,,,,
𫎎,6,0,0,,,0,,,,,
𫎏,6,0,0,,,0,,,,,
𫎐,6,0,0,,,0,,,,,
𫎑,6,0,0,,,0,,,,,
𫎒,6,0,0,,,0,,,,,
𫎓,6,0,0,,,0,,,,,
𫎔,6,0,0,,,0,,,,,
𫎕,6,0,0,,まかない,0,,,,,
𫎖,6,0,0,,,0,,,,,
𫎗,6,0,0,,,0,,,,,
𫎘,6,0,0,,,0,,,,,
𫎙,6,0,0,,,0,,,,,
𫎚,6,0,0,,,0,,,,,
𫎛,6,0,0,,,0,,,,,
𫎜,6,0,0,,,0,,,,,
𫎝,6,0,0,,,0,,,,,
𫎞,6,0,0,,,0,,,,,
𫎟,6,0,0,,,0,,,,,
𫎠,6,0,0,,,0,,,,,
𫎡,6,0,0,,,0,,,,,
𫎢,6,0,0,,,0,,,,,
𫎣,6,0,0,,,0,,,,,
𫎤,6,0,0,,,0,,,,,
𫎥,6,0,0,,,0,,,,,
𫎦,6,0,0,,,0,,,,,
𫎧,6,0,0,,,0,,,,,
𫎨,6,0,0,,,0,,,,,
𫎩,6,0,0,,,0,,,,,
𫎪,6,0,0,,,0,,,,,
𫎫,6,0,0,,,0,,,,,
𫎬,6,0,0,,,0,,,,,
𫎭,6,0,0,,,0,,,,,
𫎮,6,0,0,,に,0,,,,,
𫎯,6,0,0,,,0,,,,,
𫎰,6,0,0,,,0,,,,,
𫎱,6,0,0,,,0,,,,,
𫎲,6,0,0,,,0,,,,,
𫎳,6,0,0,,,0,,,,,
𫎴,6,0,0,,,0,,,,,
𫎵,6,0,0,,,0,,,,,
𫎶,6,0,0,,,0,,,,,
𫎷,6,0,0,,,0,,,,,
𫎸,6,0,0,,,0,,,,,
𫎹,6,0,0,,,0,,,,,
𫎺,6,0,0,,,0,,,,,
𫎻,6,0,0,,,0,,,,,
𫎼,6,0,0,,,0,,,,,
𫎽,6,0,0,,,0,,,,,
𫎾,6,0,0,,,0,,,,,
𫎿,6,0,0,,,0,,,,,
𫏀,6,0,0,,こはぎ,0,,,,,
𫏁,6,0,0,,,0,,,,,
𫏂,6,0,0,,ふるい,0,,,,,
𫏃,6,0,0,,,0,,,,,
𫏄,6,0,0,テイ エイ,,0,,,,,
𫏅,6,0,0,,,0,,,,,
𫏆,6,0,0,,,0,,,,,
𫏇,6,0,0,,,0,,,,,
𫏈,6,0,0,,,0,,,,,
𫏉,6,0,0,,あなうら,0,,,,,
𫏊,6,0,0,,,0,,,,,
𫏋,6,0,0,,,0,,,,,
𫏌,6,0,0,,,0,,,,,
𫏍,6,0,0,,,0,,,,,
𫏎,6,0,0,,,0,,,,,
𫏏,6,0,0,,たずねる,0,,,,,
𫏐,6,0,0,,,0,,,,,
𫏑,6,0,0,,,0,,,,,
𫏒,6,0,0,,,0,,,,,
𫏓,6,0,0,,,0,,,,,
𫏔,6,0,0,,くつがえりふす,0,,,,,
𫏕,6,0,0,,,0,,,,,
𫏖,6,0,0,,,0,,,,,
𫏗,6,0,0,,,0,,,,,
𫏘,6,0,0,,,0,,,,,
𫏙,6,0,0,,,0,,,,,
𫏚,6,0,0,,,0,,,,,
𫏛,6,0,0,,,0,,,,,
𫏜,6,0,0,,,0,,,,,
𫏝,6,0,0,,,0,,,,,
𫏞,6,0,0,,,0,,,,,
𫏟,6,0,0,,,0,,,,,
𫏠,6,0,0,,,0,,,,,
𫏡,6,0,0,,とな,0,,,,,
𫏢,6,0,0,,,0,,,,,
𫏣,6,0,0,,,0,,,,,
𫏤,6,0,0,,,0,,,,,
𫏥,6,0,0,,,0,,,,,
𫏦,6,0,0,,,0,,,,,
𫏧,6,0,0,,,0,,,,,
𫏨,6,0,0,,,0,,,,,
𫏩,6,0,0,,たどる,0,,,,,
𫏪,6,0,0,,,0,,,,,
𫏫,6,0,0,,,0,,,,,
𫏬,6,0,0,,,0,,,,,
𫏭,6,0,0,,,0,,,,,
𫏮,6,0,0,,ころばす,0,,,,,
𫏯,6,0,0,,,0,,,,,
𫏰,6,0,0,,,0,,,,,
𫏱,6,0,0,,,0,,,,,
𫏲,6,0,0,,,0,,,,,
𫏳,6,0,0,,,0,,,,,
𫏴,6,0,0,,,0,,,,,
𫏵,6,0,0,,,0,,,,,
𫏶,6,0,0,,,0,,,,,
𫏷,6,0,0,,,0,,,,,
𫏸,6,0,0,,,0,,,,,
𫏹,6,0,0,,,0,,,,,
𫏺,6,0,0,,,0,,,,,
𫏻,6,0,0,,,0,,,,,
𫏼,6,0,0,,,0,,,,,
𫏽,6,0,0,,,0,,,,,
𫏾,6,0,0,,,0,,,,,
𫏿,6,0,0,,,0,,,,,
𫐀,6,0,0,,,0,,,,,
𫐁,6,0,0,,,0,,,,,
𫐂,6,0,0,,,0,,,,,
𫐃,6,0,0,,,0,,,,,
𫐄,6,0,0,,,0,,,,,
𫐅,6,0,0,,,0,,,,,
𫐆,6,0,0,,,0,,,,,
𫐇,6,0,0,,,0,,,,,
𫐈,6,0,0,,,0,,,,,
𫐉,6,0,0,,,0,,,,,
𫐊,6,0,0,,,0,,,,,
𫐋,6,0,0,,,0,,,,,
𫐌,6,0,0,,,0,,,,,
𫐍,6,0,0,,,0,,,,,
𫐎,6,0,0,,,0,,,,,
𫐏,6,0,0,,,0,,,,,
𫐐,6,0,0,,,0,,,,,
𫐑,6,0,0,,,0,,,,,
𫐒,6,0,0,,,0,,,,,
𫐓,6,0,0,,,0,,,,,
𫐔,6,0,0,,,0,,,,,
𫐕,6,0,0,,,0,,,,,
𫐖,6,0,0,,,0,,,,,
𫐗,6,0,0,,,0,,,,,
𫐘,6,0,0,,,0,,,,,
𫐙,6,0,0,,,0,,,,,
𫐚,6,0,0,,,0,,,,,
𫐛,6,0,0,,,0,,,,,
𫐜,6,0,0,,,0,,,,,
𫐝,6,0,0,,,0,,,,,
𫐞,6,0,0,,おしたつ,0,,,,,
𫐟,6,0,0,,,0,,,,,
𫐠,6,0,0,,,0,,,,,
𫐡,6,0,0,,,0,,,,,
𫐢,6,0,0,,,0,,,,,
𫐣,6,0,0,,,0,,,,,
𫐤,6,0,0,,あと,0,,,,,
𫐥,6,0,0,,,0,,,,,
𫐦,6,0,0,,,0,,,,,
𫐧,6,0,0,,,0,,,,,
𫐨,6,0,0,,,0,,,,,
𫐩,6,0,0,,,0,,,,,
𫐪,6,0,0,,,0,,,,,
𫐫,6,0,0,,,0,,,,,
𫐬,6,0,0,,,0,,,,,
𫐭,6,0,0,,,0,,,,,
𫐮,6,0,0,,,0,,,,,
𫐯,6,0,0,,ゆ,0,,,,,
𫐰,6,0,0,,,0,,,,,
𫐱,6,0,0,,,0,,,,,
𫐲,6,0,0,,,0,,,,,
𫐳,6,0,0,,,0,,,,,
𫐴,6,0,0,,,0,,,,,
𫐵,6,0,0,,,0,,,,,
𫐶,6,0,0,,,0,,,,,
𫐷,6,0,0,,,0,,,,,
𫐸,6,0,0,,,0,,,,,
𫐹,6,0,0,,,0,,,,,
𫐺,6,0,0,,,0,,,,,
𫐻,6,0,0,,,0,,,,,
𫐼,6,0,0,,,0,,,,,
𫐽,6,0,0,,,0,,,,,
𫐾,6,0,0,,,0,,,,,
𫐿,6,0,0,,,0,,,,,
𫑀,6,0,0,,,0,,,,,
𫑁,6,0,0,,,0,,,,,
𫑂,6,0,0,,,0,,,,,
𫑃,6,0,0,,,0,,,,,
𫑄,6,0,0,,,0,,,,,
𫑅,6,0,0,,,0,,,,,
𫑆,6,0,0,,,0,,,,,
𫑇,6,0,0,,,0,,,,,
𫑈,6,0,0,,,0,,,,,
𫑉,6,0,0,,,0,,,,,
𫑊,6,0,0,,,0,,,,,
𫑋,6,0,0,,,0,,,,,
𫑌,6,0,0,,,0,,,,,
𫑍,6,0,0,,,0,,,,,
𫑎,6,0,0,,,0,,,,,
𫑏,6,0,0,,,0,,,,,
𫑐,6,0,0,,,0,,,,,
𫑑,6,0,0,,,0,,,,,
𫑒,6,0,0,,,0,,,,,
𫑓,6,0,0,,,0,,,,,
𫑔,6,0,0,,,0,,,,,
𫑕,6,0,0,,,0,,,,,
𫑖,6,0,0,,かたほ,0,,,,,
𫑗,6,0,0,,,0,,,,,
𫑘,6,0,0,,,0,,,,,
𫑙,6,0,0,,,0,,,,,
𫑚,6,0,0,,,0,,,,,
𫑛,6,0,0,,,0,,,,,
𫑜,6,0,0,,,0,,,,,
𫑝,6,0,0,,,0,,,,,
𫑞,6,0,0,,,0,,,,,
𫑟,6,0,0,,,0,,,,,
𫑠,6,0,0,,,0,,,,,
𫑡,6,0,0,,,0,,,,,
𫑢,6,0,0,,,0,,,,,
𫑣,6,0,0,,,0,,,,,
𫑤,6,0,0,,,0,,,,,
𫑥,6,0,0,,,0,,,,,
𫑦,6,0,0,,,0,,,,,
𫑧,6,0,0,,,0,,,,,
𫑨,6,0,0,,,0,,,,,
𫑩,6,0,0,,,0,,,,,
𫑪,6,0,0,,,0,,,,,
𫑫,6,0,0,,,0,,,,,
𫑬,6,0,0,,,0,,,,,
𫑭,6,0,0,,,0,,,,,
𫑮,6,0,0,,,0,,,,,
𫑯,6,0,0,,,0,,,,,
𫑰,6,0,0,,,0,,,,,
𫑱,6,0,0,,,0,,,,,
𫑲,6,0,0,,,0,,,,,
𫑳,6,0,0,,,0,,,,,
𫑴,6,0,0,,,0,,,,,
𫑵,6,0,0,,ますず,0,,,,,
𫑶,6,0,0,,,0,,,,,
𫑷,6,0,0,,,0,,,,,
𫑸,6,0,0,,,0,,,,,
𫑹,6,0,0,,,0,,,,,
𫑺,6,0,0,,,0,,,,,
𫑻,6,0,0,,,0,,,,,
𫑼,6,0,0,,,0,,,,,
𫑽,6,0,0,,,0,,,,,
𫑾,6,0,0,,,0,,,,,
𫑿,6,0,0,,,0,,,,,
𫒀,6,0,0,エツ オチ,ここに,0,,,,,
𫒁,6,0,0,,そとも,0,,,,,
𫒂,6,0,0,,,0,,,,,
𫒃,6,0,0,,,0,,,,,
𫒄,6,0,0,,,0,,,,,
𫒅,6,0,0,,,0,,,,,
𫒆,6,0,0,,もじきり,0,,,,,
𫒇,6,0,0,,,0,,,,,
𫒈,6,0,0,,,0,,,,,
𫒉,6,0,0,,あぶみ,0,,,,,
𫒊,6,0,0,,,0,,,,,
𫒋,6,0,0,,,0,,,,,
𫒌,6,0,0,,,0,,,,,
𫒍,6,0,0,,,0,,,,,
𫒎,6,0,0,,みずかね,0,,,,,
𫒏,6,0,0,,,0,,,,,
𫒐,6,0,0,,,0,,,,,
𫒑,6,0,0,,,0,,,,,
𫒒,6,0,0,,むね,0,,,,,
𫒓,6,0,0,,かなうす,0,,,,,
𫒔,6,0,0,,,0,,,,,
𫒕,6,0,0,,,0,,,,,
𫒖,6,0,0,,いもの,0,,,,,
𫒗,6,0,0,,,0,,,,,
𫒘,6,0,0,,,0,,,,,
𫒙,6,0,0,,,0,,,,,
𫒚,6,0,0,,うまのかみばさみ,0,,,,,
𫒛,6,0,0,,,0,,,,,
𫒜,6,0,0,,とざす,0,,,,,
𫒝,6,0,0,,,0,,,,,
𫒞,6,0,0,,,0,,,,,
𫒟,6,0,0,,,0,,,,,
𫒠,6,0,0,,,0,,,,,
𫒡,6,0,0,,,0,,,,,
𫒢,6,0,0,,,0,,,,,
𫒣,6,0,0,,,0,,,,,
𫒤,6,0,0,,,0,,,,,
𫒥,6,0,0,,,0,,,,,
𫒦,6,0,0,,たつき,0,,,,,
𫒧,6,0,0,,,0,,,,,
𫒨,6,0,0,,,0,,,,,
𫒩,6,0,0,,,0,,,,,
𫒪,6,0,0,,かぶと,0,,,,,
𫒫,6,0,0,,,0,,,,,
𫒬,6,0,0,,,0,,,,,
𫒭,6,0,0,,,0,,,,,
𫒮,6,0,0,,,0,,,,,
𫒯,6,0,0,,なた,0,,,,,
𫒰,6,0,0,,,0,,,,,
𫒱,6,0,0,,,0,,,,,
𫒲,6,0,0,,かねい,0,,,,,
𫒳,6,0,0,,,0,,,,,
𫒴,6,0,0,,ほこさき,0,,,,,
𫒵,6,0,0,,,0,,,,,
𫒶,6,0,0,,,0,,,,,
𫒷,6,0,0,,,0,,,,,
𫒸,6,0,0,,,0,,,,,
𫒹,6,0,0,,,0,,,,,
𫒺,6,0,0,,,0,,,,,
𫒻,6,0,0,,,0,,,,,
𫒼,6,0,0,,さかほこ,0,,,,,
𫒽,6,0,0,,,0,,,,,
𫒾,6,0,0,,,0,,,,,
𫒿,6,0,0,,,0,,,,,
𫓀,6,0,0,,くつわ,0,,,,,
𫓁,6,0,0,,,0,,,,,
𫓂,6,0,0,,,0,,,,,
𫓃,6,0,0,,へしくぎ,0,,,,,
𫓄,6,0,0,,,0,,,,,
𫓅,6,0,0,,,0,,,,,
𫓆,6,0,0,,,0,,,,,
𫓇,6,0,0,,,0,,,,,
𫓈,6,0,0,,,0,,,,,
𫓉,6,0,0,,,0,,,,,
𫓊,6,0,0,,かなえ,0,,,,,
𫓋,6,0,0,,,0,,,,,
𫓌,6,0,0,,,0,,,,,
𫓍,6,0,0,,ふき,0,,,,,
𫓎,6,0,0,,,0,,,,,
𫓏,6,0,0,,,0,,,,,
𫓐,6,0,0,,へらくき,0,,,,,
𫓑,6,0,0,,,0,,,,,
𫓒,6,0,0,,,0,,,,,
𫓓,6,0,0,,,0,,,,,
𫓔,6,0,0,,のこぎり,0,,,,,
𫓕,6,0,0,,,0,,,,,
𫓖,6,0,0,,,0,,,,,
𫓗,6,0,0,,,0,,,,,
𫓘,6,0,0,,さび,0,,,,,
𫓙,6,0,0,,,0,,,,,
𫓚,6,0,0,,あおつるぎ,0,,,,,
𫓛,6,0,0,,,0,,,,,
𫓜,6,0,0,,,0,,,,,
𫓝,6,0,0,,,0,,,,,
𫓞,6,0,0,,,0,,,,,
𫓟,6,0,0,,,0,,,,,
𫓠,6,0,0,,,0,,,,,
𫓡,6,0,0,,,0,,,,,
𫓢,6,0,0,,,0,,,,,
𫓣,6,0,0,,,0,,,,,
𫓤,6,0,0,,,0,,,,,
𫓥,6,0,0,,,0,,,,,
𫓦,6,0,0,,,0,,,,,
𫓧,6,0,0,,,0,,,,,
𫓨,6,0,0,,,0,,,,,
𫓩,6,0,0,,,0,,,,,
𫓪,6,0,0,,,0,,,,,
𫓫,6,0,0,,,0,,,,,
𫓬,6,0,0,,,0,,,,,
𫓭,6,0,0,,,0,,,,,
𫓮,6,0,0,,,0,,,,,
𫓯,6,0,0,,,0,,,,,
𫓰,6,0,0,,,0,,,,,
𫓱,6,0,0,,,0,,,,,
𫓲,6,0,0,,,0,,,,,
𫓳,6,0,0,,,0,,,,,
𫓴,6,0,0,,,0,,,,,
𫓵,6,0,0,,,0,,,,,
𫓶,6,0,0,,,0,,,,,
𫓷,6,0,0,,,0,,,,,
𫓸,6,0,0,,,0,,,,,
𫓹,6,0,0,,,0,,,,,
𫓺,6,0,0,,,0,,,,,
𫓻,6,0,0,,,0,,,,,
𫓼,6,0,0,,,0,,,,,
𫓽,6,0,0,,,0,,,,,
𫓾,6,0,0,,,0,,,,,
𫓿,6,0,0,,,0,,,,,
𫔀,6,0,0,,,0,,,,,
𫔁,6,0,0,,,0,,,,,
𫔂,6,0,0,,,0,,,,,
𫔃,6,0,0,,,0,,,,,
𫔄,6,0,0,,,0,,,,,
𫔅,6,0,0,,,0,,,,,
𫔆,6,0,0,,,0,,,,,
𫔇,6,0,0,,,0,,,,,
𫔈,6,0,0,,,0,,,,,
𫔉,6,0,0,,,0,,,,,
𫔊,6,0,0,,,0,,,,,
𫔋,6,0,0,,,0,,,,,
𫔌,6,0,0,,,0,,,,,
𫔍,6,0,0,,,0,,,,,
𫔎,6,0,0,,,0,,,,,
𫔏,6,0,0,,,0,,,,,
𫔐,6,0,0,,,0,,,,,
𫔑,6,0,0,,,0,,,,,
𫔒,6,0,0,,,0,,,,,
𫔓,6,0,0,,,0,,,,,
𫔔,6,0,0,,,0,,,,,
𫔕,6,0,0,,,0,,,,,
𫔖,6,0,0,,,0,,,,,
𫔗,6,0,0,,,0,,,,,
𫔘,6,0,0,,,0,,,,,
𫔙,6,0,0,,じん,0,,,,,
𫔚,6,0,0,,うつろ,0,,,,,
𫔛,6,0,0,,,0,,,,,
𫔜,6,0,0,,,0,,,,,
𫔝,6,0,0,,つぶさに,0,,,,,
𫔞,6,0,0,,ふぐり,0,,,,,
𫔟,6,0,0,バツ ハツ ボチ,,0,,,,,
𫔠,6,0,0,,,0,,,,,
𫔡,6,0,0,,,0,,,,,
𫔢,6,0,0,,,0,,,,,
𫔣,6,0,0,,,0,,,,,
𫔤,6,0,0,,,0,,,,,
𫔥,6,0,0,,,0,,,,,
𫔦,6,0,0,,,0,,,,,
𫔧,6,0,0,,,0,,,,,
𫔨,6,0,0,,,0,,,,,
𫔩,6,0,0,,,0,,,,,
𫔪,6,0,0,,あざる,0,,,,,
𫔫,6,0,0,,,0,,,,,
𫔬,6,0,0,,,0,,,,,
𫔭,6,0,0,,,0,,,,,
𫔮,6,0,0,,,0,,,,,
𫔯,6,0,0,,,0,,,,,
𫔰,6,0,0,,,0,,,,,
𫔱,6,0,0,,,0,,,,,
𫔲,6,0,0,,,0,,,,,
𫔳,6,0,0,,,0,,,,,
𫔴,6,0,0,,,0,,,,,
𫔵,6,0,0,,,0,,,,,
𫔶,6,0,0,,,0,,,,,
𫔷,6,0,0,,,0,,,,,
𫔸,6,0,0,,,0,,,,,
𫔹,6,0,0,,,0,,,,,
𫔺,6,0,0,,,0,,,,,
𫔻,6,0,0,,,0,,,,,
𫔼,6,0,0,,,0,,,,,
𫔽,6,0,0,,,0,,,,,
𫔾,6,0,0,,,0,,,,,
𫔿,6,0,0,,,0,,,,,
𫕀,6,0,0,,,0,,,,,
𫕁,6,0,0,,,0,,,,,
𫕂,6,0,0,,,0,,,,,
𫕃,6,0,0,,,0,,,,,
𫕄,6,0,0,,,0,,,,,
𫕅,6,0,0,セイ サイ シ,のぼる にじ おちる,0,,,,,
𫕆,6,0,0,,,0,,,,,
𫕇,6,0,0,,,0,,,,,
𫕈,6,0,0,,,0,,,,,
𫕉,6,0,0,,,0,,,,,
𫕊,6,0,0,,,0,,,,,
𫕋,6,0,0,,,0,,,,,
𫕌,6,0,0,,,0,,,,,
𫕍,6,0,0,,,0,,,,,
𫕎,6,0,0,,,0,,,,,
𫕏,6,0,0,,,0,,,,,
𫕐,6,0,0,,,0,,,,,
𫕑,6,0,0,,,0,,,,,
𫕒,6,0,0,,,0,,,,,
𫕓,6,0,0,,,0,,,,,
𫕔,6,0,0,,,0,,,,,
𫕕,6,0,0,,,0,,,,,
𫕖,6,0,0,,,0,,,,,
𫕗,6,0,0,,,0,,,,,
𫕘,6,0,0,,,0,,,,,
𫕙,6,0,0,,,0,,,,,
𫕚,6,0,0,,,0,,,,,
𫕛,6,0,0,,,0,,,,,
𫕜,6,0,0,,,0,,,,,
𫕝,6,0,0,,,0,,,,,
𫕞,6,0,0,,,0,,,,,
𫕟,6,0,0,,そら,0,,,,,
𫕠,6,0,0,,,0,,,,,
𫕡,6,0,0,,,0,,,,,
𫕢,6,0,0,,,0,,,,,
𫕣,6,0,0,,あられ,0,,,,,
𫕤,6,0,0,,,0,,,,,
𫕥,6,0,0,,,0,,,,,
𫕦,6,0,0,,,0,,,,,
𫕧,6,0,0,,,0,,,,,
𫕨,6,0,0,,,0,,,,,
𫕩,6,0,0,,,0,,,,,
𫕪,6,0,0,,,0,,,,,
𫕫,6,0,0,,,0,,,,,
𫕬,6,0,0,,,0,,,,,
𫕭,6,0,0,,,0,,,,,
𫕮,6,0,0,,,0,,,,,
𫕯,6,0,0,,,0,,,,,
𫕰,6,0,0,,,0,,,,,
𫕱,6,0,0,,,0,,,,,
𫕲,6,0,0,,,0,,,,,
𫕳,6,0,0,,,0,,,,,
𫕴,6,0,0,,,0,,,,,
𫕵,6,0,0,,,0,,,,,
𫕶,6,0,0,,,0,,,,,
𫕷,6,0,0,,,0,,,,,
𫕸,6,0,0,,,0,,,,,
𫕹,6,0,0,,,0,,,,,
𫕺,6,0,0,,,0,,,,,
𫕻,6,0,0,,そぞろ,0,,,,,
𫕼,6,0,0,,,0,,,,,
𫕽,6,0,0,,,0,,,,,
𫕾,6,0,0,,,0,,,,,
𫕿,6,0,0,,,0,,,,,
𫖀,6,0,0,,,0,,,,,
𫖁,6,0,0,,,0,,,,,
𫖂,6,0,0,,,0,,,,,
𫖃,6,0,0,,,0,,,,,
𫖄,6,0,0,,,0,,,,,
𫖅,6,0,0,,,0,,,,,
𫖆,6,0,0,,,0,,,,,
𫖇,6,0,0,,,0,,,,,
𫖈,6,0,0,,,0,,,,,
𫖉,6,0,0,,,0,,,,,
𫖊,6,0,0,,,0,,,,,
𫖋,6,0,0,,くつのきびす,0,,,,,
𫖌,6,0,0,,,0,,,,,
𫖍,6,0,0,,,0,,,,,
𫖎,6,0,0,,,0,,,,,
𫖏,6,0,0,,,0,,,,,
𫖐,6,0,0,,,0,,,,,
𫖑,6,0,0,,,0,,,,,
𫖒,6,0,0,,,0,,,,,
𫖓,6,0,0,,,0,,,,,
𫖔,6,0,0,,,0,,,,,
𫖕,6,0,0,,,0,,,,,
𫖖,6,0,0,,,0,,,,,
𫖗,6,0,0,,,0,,,,,
𫖘,6,0,0,,,0,,,,,
𫖙,6,0,0,,,0,,,,,
𫖚,6,0,0,,,0,,,,,
𫖛,6,0,0,,,0,,,,,
𫖜,6,0,0,,,0,,,,,
𫖝,6,0,0,,うつぶす,0,,,,,
𫖞,6,0,0,,,0,,,,,
𫖟,6,0,0,,はざま,0,,,,,
𫖠,6,0,0,,,0,,,,,
𫖡,6,0,0,,,0,,,,,
𫖢,6,0,0,ケン ゲン,あきらか あらわす あらわれる,0,,,,,
𫖣,6,0,0,,,0,,,,,
𫖤,6,0,0,,,0,,,,,
𫖥,6,0,0,,,0,,,,,
𫖦,6,0,0,,,0,,,,,
𫖧,6,0,0,,,0,,,,,
𫖨,6,0,0,,くぼし,0,,,,,
𫖩,6,0,0,,,0,,,,,
𫖪,6,0,0,,,0,,,,,
𫖫,6,0,0,,,0,,,,,
𫖬,6,0,0,,,0,,,,,
𫖭,6,0,0,,,0,,,,,
𫖮,6,0,0,,,0,,,,,
𫖯,6,0,0,,,0,,,,,
𫖰,6,0,0,,,0,,,,,
𫖱,6,0,0,,,0,,,,,
𫖲,6,0,0,,,0,,,,,
𫖳,6,0,0,,,0,,,,,
𫖴,6,0,0,,,0,,,,,
𫖵,6,0,0,,,0,,,,,
𫖶,6,0,0,,,0,,,,,
𫖷,6,0,0,,,0,,,,,
𫖸,6,0,0,,,0,,,,,
𫖹,6,0,0,,,0,,,,,
𫖺,6,0,0,,,0,,,,,
𫖻,6,0,0,,,0,,,,,
𫖼,6,0,0,,,0,,,,,
𫖽,6,0,0,,,0,,,,,
𫖾,6,0,0,,,0,,,,,
𫖿,6,0,0,,,0,,,,,
𫗀,6,0,0,,,0,,,,,
𫗁,6,0,0,,,0,,,,,
𫗂,6,0,0,,,0,,,,,
𫗃,6,0,0,,,0,,,,,
𫗄,6,0,0,,,0,,,,,
𫗅,6,0,0,,,0,,,,,
𫗆,6,0,0,,さめく,0,,,,,
𫗇,6,0,0,,,0,,,,,
𫗈,6,0,0,,,0,,,,,
𫗉,6,0,0,,,0,,,,,
𫗊,6,0,0,,,0,,,,,
𫗋,6,0,0,,,0,,,,,
𫗌,6,0,0,,,0,,,,,
𫗍,6,0,0,,,0,,,,,
𫗎,6,0,0,,,0,,,,,
𫗏,6,0,0,,,0,,,,,
𫗐,6,0,0,,,0,,,,,
𫗑,6,0,0,,,0,,,,,
𫗒,6,0,0,,,0,,,,,
𫗓,6,0,0,,,0,,,,,
𫗔,6,0,0,,,0,,,,,
𫗕,6,0,0,,,0,,,,,
𫗖,6,0,0,,,0,,,,,
𫗗,6,0,0,,,0,,,,,
𫗘,6,0,0,,,0,,,,,
𫗙,6,0,0,,,0,,,,,
𫗚,6,0,0,,,0,,,,,
𫗛,6,0,0,,,0,,,,,
𫗜,6,0,0,,,0,,,,,
𫗝,6,0,0,,,0,,,,,
𫗞,6,0,0,,,0,,,,,
𫗟,6,0,0,,,0,,,,,
𫗠,6,0,0,,,0,,,,,
𫗡,6,0,0,,,0,,,,,
𫗢,6,0,0,,,0,,,,,
𫗣,6,0,0,,,0,,,,,
𫗤,6,0,0,,,0,,,,,
𫗥,6,0,0,,,0,,,,,
𫗦,6,0,0,,,0,,,,,
𫗧,6,0,0,,,0,,,,,
𫗨,6,0,0,,,0,,,,,
𫗩,6,0,0,,,0,,,,,
𫗪,6,0,0,,,0,,,,,
𫗫,6,0,0,,,0,,,,,
𫗬,6,0,0,,,0,,,,,
𫗭,6,0,0,,,0,,,,,
𫗮,6,0,0,,,0,,,,,
𫗯,6,0,0,,,0,,,,,
𫗰,6,0,0,,,0,,,,,
𫗱,6,0,0,,,0,,,,,
𫗲,6,0,0,,,0,,,,,
𫗳,6,0,0,,,0,,,,,
𫗴,6,0,0,,,0,,,,,
𫗵,6,0,0,,,0,,,,,
𫗶,6,0,0,,,0,,,,,
𫗷,6,0,0,,,0,,,,,
𫗸,6,0,0,,,0,,,,,
𫗹,6,0,0,,,0,,,,,
𫗺,6,0,0,,,0,,,,,
𫗻,6,0,0,,,0,,,,,
𫗼,6,0,0,,,0,,,,,
𫗽,6,0,0,,,0,,,,,
𫗾,6,0,0,,,0,,,,,
𫗿,6,0,0,,,0,,,,,
𫘀,6,0,0,,,0,,,,,
𫘁,6,0,0,,,0,,,,,
𫘂,6,0,0,,,0,,,,,
𫘃,6,0,0,,,0,,,,,
𫘄,6,0,0,,,0,,,,,
𫘅,6,0,0,,,0,,,,,
𫘆,6,0,0,,,0,,,,,
𫘇,6,0,0,,ひき,0,,,,,
𫘈,6,0,0,,,0,,,,,
𫘉,6,0,0,,,0,,,,,
𫘊,6,0,0,,,0,,,,,
𫘋,6,0,0,,あお,0,,,,,
𫘌,6,0,0,,,0,,,,,
𫘍,6,0,0,,,0,,,,,
𫘎,6,0,0,,,0,,,,,
𫘏,6,0,0,,,0,,,,,
𫘐,6,0,0,,,0,,,,,
𫘑,6,0,0,,,0,,,,,
𫘒,6,0,0,,,0,,,,,
𫘓,6,0,0,,,0,,,,,
𫘔,6,0,0,,,0,,,,,
𫘕,6,0,0,,ときうま,0,,,,,
𫘖,6,0,0,,,0,,,,,
𫘗,6,0,0,,,0,,,,,
𫘘,6,0,0,,,0,,,,,
𫘙,6,0,0,,,0,,,,,
𫘚,6,0,0,,,0,,,,,
𫘛,6,0,0,,,0,,,,,
𫘜,6,0,0,,,0,,,,,
𫘝,6,0,0,,,0,,,,,
𫘞,6,0,0,,,0,,,,,
𫘟,6,0,0,,,0,,,,,
𫘠,6,0,0,,,0,,,,,
𫘡,6,0,0,,,0,,,,,
𫘢,6,0,0,,,0,,,,,
𫘣,6,0,0,,,0,,,,,
𫘤,6,0,0,,,0,,,,,
𫘥,6,0,0,,,0,,,,,
𫘦,6,0,0,,,0,,,,,
𫘧,6,0,0,,,0,,,,,
𫘨,6,0,0,,,0,,,,,
𫘩,6,0,0,,,0,,,,,
𫘪,6,0,0,,,0,,,,,
𫘫,6,0,0,,,0,,,,,
𫘬,6,0,0,,,0,,,,,
𫘭,6,0,0,,,0,,,,,
𫘮,6,0,0,,,0,,,,,
𫘯,6,0,0,,,0,,,,,
𫘰,6,0,0,,,0,,,,,
𫘱,6,0,0,,,0,,,,,
𫘲,6,0,0,,,0,,,,,
𫘳,6,0,0,,,0,,,,,
𫘴,6,0,0,,,0,,,,,
𫘵,6,0,0,,,0,,,,,
𫘶,6,0,0,,,0,,,,,
𫘷,6,0,0,,,0,,,,,
𫘸,6,0,0,,,0,,,,,
𫘹,6,0,0,,ひさし,0,,,,,
𫘺,6,0,0,,,0,,,,,
𫘻,6,0,0,,,0,,,,,
𫘼,6,0,0,,,0,,,,,
𫘽,6,0,0,,,0,,,,,
𫘾,6,0,0,,,0,,,,,
𫘿,6,0,0,,,0,,,,,
𫙀,6,0,0,,,0,,,,,
𫙁,6,0,0,,,0,,,,,
𫙂,6,0,0,,,0,,,,,
𫙃,6,0,0,,,0,,,,,
𫙄,6,0,0,,,0,,,,,
𫙅,6,0,0,,,0,,,,,
𫙆,6,0,0,,,0,,,,,
𫙇,6,0,0,,,0,,,,,
𫙈,6,0,0,,ない,0,,,,,
𫙉,6,0,0,,,0,,,,,
𫙊,6,0,0,,,0,,,,,
𫙋,6,0,0,,そぞろく,0,,,,,
𫙌,6,0,0,,,0,,,,,
𫙍,6,0,0,,,0,,,,,
𫙎,6,0,0,,,0,,,,,
𫙏,6,0,0,,すみ,0,,,,,
𫙐,6,0,0,,,0,,,,,
𫙑,6,0,0,,ごんずい,0,,,,,
𫙒,6,0,0,,このしろ,0,,,,,
𫙓,6,0,0,,,0,,,,,
𫙔,6,0,0,,,0,,,,,
𫙕,6,0,0,,あなご,0,,,,,
𫙖,6,0,0,,どじょう,0,,,,,
𫙗,6,0,0,,,0,,,,,
𫙘,6,0,0,,,0,,,,,
𫙙,6,0,0,,,0,,,,,
𫙚,6,0,0,,なまず,0,,,,,
𫙛,6,0,0,,,0,,,,,
𫙜,6,0,0,,このしろ,0,,,,,
𫙝,6,0,0,,,0,,,,,
𫙞,6,0,0,,いしもち,0,,,,,
𫙟,6,0,0,,さけ,0,,,,,
𫙠,6,0,0,,いるか,0,,,,,
𫙡,6,0,0,,さわら,0,,,,,
𫙢,6,0,0,,,0,,,,,
𫙣,6,0,0,,,0,,,,,
𫙤,6,0,0,,,0,,,,,
𫙥,6,0,0,,たなご,0,,,,,
𫙦,6,0,0,,,0,,,,,
𫙧,6,0,0,,ちか わかさぎ,0,,,,,
𫙨,6,0,0,,とど,0,,,,,
𫙩,6,0,0,,ぼら,0,,,,,
𫙪,6,0,0,,めなだ,0,,,,,
𫙫,6,0,0,,いんどたい,0,,,,,
𫙬,6,0,0,,ぎぎ,0,,,,,
𫙭,6,0,0,,,0,,,,,
𫙮,6,0,0,,あゆ,0,,,,,
𫙯,6,0,0,,はや,0,,,,,
𫙰,6,0,0,,はむ,0,,,,,
𫙱,6,0,0,,まなかつお,0,,,,,
𫙲,6,0,0,,いるか,0,,,,,
𫙳,6,0,0,,なまず,0,,,,,
𫙴,6,0,0,,,0,,,,,
𫙵,6,0,0,,やまめ,0,,,,,
𫙶,6,0,0,,きす,0,,,,,
𫙷,6,0,0,,,0,,,,,
𫙸,6,0,0,,すいたたき,0,,,,,
𫙹,6,0,0,ブリザード,,0,,,,,
𫙺,6,0,0,,,0,,,,,
𫙻,6,0,0,,ふぐ,0,,,,,
𫙼,6,0,0,,めくじら,0,,,,,
𫙽,6,0,0,,,0,,,,,
𫙾,6,0,0,,かじか,0,,,,,
𫙿,6,0,0,,,0,,,,,
𫚀,6,0,0,,わかさぎ,0,,,,,
𫚁,6,0,0,,,0,,,,,
𫚂,6,0,0,,さめ,0,,,,,
𫚃,6,0,0,,,0,,,,,
𫚄,6,0,0,,はえ はや,0,,,,,
𫚅,6,0,0,,さわら,0,,,,,
𫚆,6,0,0,,ぼら,0,,,,,
𫚇,6,0,0,,あら,0,,,,,
𫚈,6,0,0,,,0,,,,,
𫚉,6,0,0,,,0,,,,,
𫚊,6,0,0,,,0,,,,,
𫚋,6,0,0,,,0,,,,,
𫚌,6,0,0,,,0,,,,,
𫚍,6,0,0,,,0,,,,,
𫚎,6,0,0,,,0,,,,,
𫚏,6,0,0,,,0,,,,,
𫚐,6,0,0,,,0,,,,,
𫚑,6,0,0,,,0,,,,,
𫚒,6,0,0,,,0,,,,,
𫚓,6,0,0,,,0,,,,,
𫚔,6,0,0,,,0,,,,,
𫚕,6,0,0,,,0,,,,,
𫚖,6,0,0,,,0,,,,,
𫚗,6,0,0,,,0,,,,,
𫚘,6,0,0,,,0,,,,,
𫚙,6,0,0,,,0,,,,,
𫚚,6,0,0,,,0,,,,,
𫚛,6,0,0,,,0,,,,,
𫚜,6,0,0,,,0,,,,,
𫚝,6,0,0,,,0,,,,,
𫚞,6,0,0,,,0,,,,,
𫚟,6,0,0,,,0,,,,,
𫚠,6,0,0,,,0,,,,,
𫚡,6,0,0,,,0,,,,,
𫚢,6,0,0,,,0,,,,,
𫚣,6,0,0,,,0,,,,,
𫚤,6,0,0,,,0,,,,,
𫚥,6,0,0,,,0,,,,,
𫚦,6,0,0,,,0,,,,,
𫚧,6,0,0,,,0,,,,,
𫚨,6,0,0,,,0,,,,,
𫚩,6,0,0,,,0,,,,,
𫚪,6,0,0,,,0,,,,,
𫚫,6,0,0,,,0,,,,,
𫚬,6,0,0,,,0,,,,,
𫚭,6,0,0,,,0,,,,,
𫚮,6,0,0,,,0,,,,,
𫚯,6,0,0,,,0,,,,,
𫚰,6,0,0,,,0,,,,,
𫚱,6,0,0,,,0,,,,,
𫚲,6,0,0,,,0,,,,,
𫚳,6,0,0,,,0,,,,,
𫚴,6,0,0,,,0,,,,,
𫚵,6,0,0,,てらつつき,0,,,,,
𫚶,6,0,0,,,0,,,,,
𫚷,6,0,0,,,0,,,,,
𫚸,6,0,0,,,0,,,,,
𫚹,6,0,0,,,0,,,,,
𫚺,6,0,0,,,0,,,,,
𫚻,6,0,0,,みさご,0,,,,,
𫚼,6,0,0,,,0,,,,,
𫚽,6,0,0,,,0,,,,,
𫚾,6,0,0,,つばびらこ,0,,,,,
𫚿,6,0,0,,,0,,,,,
𫛀,6,0,0,,はしたか,0,,,,,
𫛁,6,0,0,,,0,,,,,
𫛂,6,0,0,,,0,,,,,
𫛃,6,0,0,,,0,,,,,
𫛄,6,0,0,,かも,0,,,,,
𫛅,6,0,0,,さぎ,0,,,,,
𫛆,6,0,0,,,0,,,,,
𫛇,6,0,0,,,0,,,,,
𫛈,6,0,0,,,0,,,,,
𫛉,6,0,0,,,0,,,,,
𫛊,6,0,0,,,0,,,,,
𫛋,6,0,0,,,0,,,,,
𫛌,6,0,0,,,0,,,,,
𫛍,6,0,0,,おおとり,0,,,,,
𫛎,6,0,0,,,0,,,,,
𫛏,6,0,0,,,0,,,,,
𫛐,6,0,0,,,0,,,,,
𫛑,6,0,0,,さぎ,0,,,,,
𫛒,6,0,0,,みなしごどり,0,,,,,
𫛓,6,0,0,,,0,,,,,
𫛔,6,0,0,,うずら,0,,,,,
𫛕,6,0,0,,,0,,,,,
𫛖,6,0,0,,たか,0,,,,,
𫛗,6,0,0,,いそどり,0,,,,,
𫛘,6,0,0,,しじゅうから,0,,,,,
𫛙,6,0,0,,くくわけなく,0,,,,,
𫛚,6,0,0,,,0,,,,,
𫛛,6,0,0,,,0,,,,,
𫛜,6,0,0,,,0,,,,,
𫛝,6,0,0,,,0,,,,,
𫛞,6,0,0,,,0,,,,,
𫛟,6,0,0,,,0,,,,,
𫛠,6,0,0,,,0,,,,,
𫛡,6,0,0,,,0,,,,,
𫛢,6,0,0,,,0,,,,,
𫛣,6,0,0,,,0,,,,,
𫛤,6,0,0,,,0,,,,,
𫛥,6,0,0,,,0,,,,,
𫛦,6,0,0,,,0,,,,,
𫛧,6,0,0,,,0,,,,,
𫛨,6,0,0,,,0,,,,,
𫛩,6,0,0,,,0,,,,,
𫛪,6,0,0,,,0,,,,,
𫛫,6,0,0,,,0,,,,,
𫛬,6,0,0,,,0,,,,,
𫛭,6,0,0,,,0,,,,,
𫛮,6,0,0,,,0,,,,,
𫛯,6,0,0,,,0,,,,,
𫛰,6,0,0,,,0,,,,,
𫛱,6,0,0,,,0,,,,,
𫛲,6,0,0,,,0,,,,,
𫛳,6,0,0,,,0,,,,,
𫛴,6,0,0,,,0,,,,,
𫛵,6,0,0,,,0,,,,,
𫛶,6,0,0,,,0,,,,,
𫛷,6,0,0,,,0,,,,,
𫛸,6,0,0,,,0,,,,,
𫛹,6,0,0,,,0,,,,,
𫛺,6,0,0,,,0,,,,,
𫛻,6,0,0,,,0,,,,,
𫛼,6,0,0,,,0,,,,,
𫛽,6,0,0,,,0,,,,,
𫛾,6,0,0,,,0,,,,,
𫛿,6,0,0,,,0,,,,,
𫜀,6,0,0,,,0,,,,,
𫜁,6,0,0,,,0,,,,,
𫜂,6,0,0,,,0,,,,,
𫜃,6,0,0,,,0,,,,,
𫜄,6,0,0,,,0,,,,,
𫜅,6,0,0,,,0,,,,,
𫜆,6,0,0,,,0,,,,,
𫜇,6,0,0,,,0,,,,,
𫜈,6,0,0,,,0,,,,,
𫜉,6,0,0,,,0,,,,,
𫜊,6,0,0,,,0,,,,,
𫜋,6,0,0,,,0,,,,,
𫜌,6,0,0,,,0,,,,,
𫜍,6,0,0,,,0,,,,,
𫜎,6,0,0,,,0,,,,,
𫜏,6,0,0,,,0,,,,,
𫜐,6,0,0,,,0,,,,,
𫜑,6,0,0,,,0,,,,,
𫜒,6,0,0,,,0,,,,,
𫜓,6,0,0,,,0,,,,,
𫜔,6,0,0,,,0,,,,,
𫜕,6,0,0,,,0,,,,,
𫜖,6,0,0,,,0,,,,,
𫜗,6,0,0,,,0,,,,,
𫜘,6,0,0,,,0,,,,,
𫜙,6,0,0,,,0,,,,,
𫜚,6,0,0,,,0,,,,,
𫜛,6,0,0,,くもる,0,,,,,
𫜜,6,0,0,,,0,,,,,
𫜝,6,0,0,,,0,,,,,
𫜞,6,0,0,,,0,,,,,
𫜟,6,0,0,,,0,,,,,
𫜠,6,0,0,,,0,,,,,
𫜡,6,0,0,,,0,,,,,
𫜢,6,0,0,,,0,,,,,
𫜣,6,0,0,,,0,,,,,
𫜤,6,0,0,,かぐ,0,,,,,
𫜥,6,0,0,,,0,,,,,
𫜦,6,0,0,,,0,,,,,
𫜧,6,0,0,,,0,,,,,
𫜨,6,0,0,,,0,,,,,
𫜩,6,0,0,,,0,,,,,
𫜪,6,0,0,,,0,,,,,
𫜫,6,0,0,,,0,,,,,
𫜬,6,0,0,,,0,,,,,
𫜭,6,0,0,,,0,,,,,
𫜮,6,0,0,,,0,,,,,
𫜯,6,0,0,,,0,,,,,
𫜰,6,0,0,,,0,,,,,
𫜱,6,0,0,,,0,,,,,
𫜲,6,0,0,,,0,,,,,
𫜳,6,0,0,,,0,,,,,
𫜴,6,0,0,,,0,,,,,
𫜵,6,0,0,,,0,,,,,
𫜶,6,0,0,,,0,,,,,
𫜷,6,0,0,,,0,,,,,
𫜸,6,0,0,,,0,,,,,
𫜹,6,0,0,,,0,,,,,