𫠠,8,0,0,,,0,,,,,
𫠡,8,0,0,,,0,,,,,
𫠢,8,0,0,,,0,,,,,
𫠣,8,0,0,,,0,,,,,
𫠤,8,0,0,,,0,,,,,
𫠥,8,0,0,ロウ ル,,0,,,,,
𫠦,8,0,0,,,0,,,,,
𫠧,8,0,0,,,0,,,,,
𫠨,8,0,0,,,0,,,,,
𫠩,8,0,0,,,0,,,,,
𫠪,8,0,0,,,0,,,,,
𫠫,8,0,0,,,0,,,,,
𫠬,8,0,0,,,0,,,,,
𫠭,8,0,0,,,0,,,,,
𫠮,8,0,0,,,0,,,,,
𫠯,8,0,0,,,0,,,,,
𫠰,8,0,0,,,0,,,,,
𫠱,8,0,0,,,0,,,,,
𫠲,8,0,0,,,0,,,,,
𫠳,8,0,0,,,0,,,,,
𫠴,8,0,0,,,0,,,,,
𫠵,8,0,0,,,0,,,,,
𫠶,8,0,0,,,0,,,,,
𫠷,8,0,0,,,0,,,,,
𫠸,8,0,0,,,0,,,,,
𫠹,8,0,0,,,0,,,,,
𫠺,8,0,0,,,0,,,,,
𫠻,8,0,0,,,0,,,,,
𫠼,8,0,0,,,0,,,,,
𫠽,8,0,0,,,0,,,,,
𫠾,8,0,0,,,0,,,,,
𫠿,8,0,0,,,0,,,,,
𫡀,8,0,0,,,0,,,,,
𫡁,8,0,0,,,0,,,,,
𫡂,8,0,0,,,0,,,,,
𫡃,8,0,0,,,0,,,,,
𫡄,8,0,0,,,0,,,,,
𫡅,8,0,0,,,0,,,,,
𫡆,8,0,0,,,0,,,,,
𫡇,8,0,0,,,0,,,,,
𫡈,8,0,0,,,0,,,,,
𫡉,8,0,0,,,0,,,,,
𫡊,8,0,0,,,0,,,,,
𫡋,8,0,0,,,0,,,,,
𫡌,8,0,0,,,0,,,,,
𫡍,8,0,0,,,0,,,,,
𫡎,8,0,0,,,0,,,,,
𫡏,8,0,0,,,0,,,,,
𫡐,8,0,0,,,0,,,,,
𫡑,8,0,0,,,0,,,,,
𫡒,8,0,0,,,0,,,,,
𫡓,8,0,0,,,0,,,,,
𫡔,8,0,0,,,0,,,,,
𫡕,8,0,0,,,0,,,,,
𫡖,8,0,0,,,0,,,,,
𫡗,8,0,0,,,0,,,,,
𫡘,8,0,0,,,0,,,,,
𫡙,8,0,0,,,0,,,,,
𫡚,8,0,0,,,0,,,,,
𫡛,8,0,0,,,0,,,,,
𫡜,8,0,0,,,0,,,,,
𫡝,8,0,0,,,0,,,,,
𫡞,8,0,0,,,0,,,,,
𫡟,8,0,0,,,0,,,,,
𫡠,8,0,0,,,0,,,,,
𫡡,8,0,0,,,0,,,,,
𫡢,8,0,0,,,0,,,,,
𫡣,8,0,0,,,0,,,,,
𫡤,8,0,0,,あつまる,0,,,,,
𫡥,8,0,0,,,0,,,,,
𫡦,8,0,0,,,0,,,,,
𫡧,8,0,0,,,0,,,,,
𫡨,8,0,0,,,0,,,,,
𫡩,8,0,0,,,0,,,,,
𫡪,8,0,0,,,0,,,,,
𫡫,8,0,0,,,0,,,,,
𫡬,8,0,0,,,0,,,,,
𫡭,8,0,0,,,0,,,,,
𫡮,8,0,0,,,0,,,,,
𫡯,8,0,0,,,0,,,,,
𫡰,8,0,0,,,0,,,,,
𫡱,8,0,0,,,0,,,,,
𫡲,8,0,0,,,0,,,,,
𫡳,8,0,0,,,0,,,,,
𫡴,8,0,0,,,0,,,,,
𫡵,8,0,0,,,0,,,,,
𫡶,8,0,0,,,0,,,,,
𫡷,8,0,0,ヘクタール,,0,,,,,
𫡸,8,0,0,,,0,,,,,
𫡹,8,0,0,,,0,,,,,
𫡺,8,0,0,,,0,,,,,
𫡻,8,0,0,,,0,,,,,
𫡼,8,0,0,,,0,,,,,
𫡽,8,0,0,,,0,,,,,
𫡾,8,0,0,,,0,,,,,
𫡿,8,0,0,,,0,,,,,
𫢀,8,0,0,,,0,,,,,
𫢁,8,0,0,,,0,,,,,
𫢂,8,0,0,,,0,,,,,
𫢃,8,0,0,,,0,,,,,
𫢄,8,0,0,,,0,,,,,
𫢅,8,0,0,,,0,,,,,
𫢆,8,0,0,,,0,,,,,
𫢇,8,0,0,,,0,,,,,
𫢈,8,0,0,,,0,,,,,
𫢉,8,0,0,,,0,,,,,
𫢊,8,0,0,,,0,,,,,
𫢋,8,0,0,,,0,,,,,
𫢌,8,0,0,,,0,,,,,
𫢍,8,0,0,,,0,,,,,
𫢎,8,0,0,,,0,,,,,
𫢏,8,0,0,テイ,ひくい,0,,,,,
𫢐,8,0,0,,,0,,,,,
𫢑,8,0,0,,,0,,,,,
𫢒,8,0,0,,,0,,,,,
𫢓,8,0,0,,,0,,,,,
𫢔,8,0,0,,,0,,,,,
𫢕,8,0,0,,,0,,,,,
𫢖,8,0,0,,,0,,,,,
𫢗,8,0,0,,,0,,,,,
𫢘,8,0,0,,,0,,,,,
𫢙,8,0,0,,,0,,,,,
𫢚,8,0,0,,,0,,,,,
𫢛,8,0,0,,,0,,,,,
𫢜,8,0,0,,,0,,,,,
𫢝,8,0,0,,,0,,,,,
𫢞,8,0,0,,,0,,,,,
𫢟,8,0,0,,,0,,,,,
𫢠,8,0,0,,,0,,,,,
𫢡,8,0,0,,,0,,,,,
𫢢,8,0,0,,,0,,,,,
𫢣,8,0,0,,,0,,,,,
𫢤,8,0,0,,,0,,,,,
𫢥,8,0,0,,,0,,,,,
𫢦,8,0,0,,,0,,,,,
𫢧,8,0,0,,,0,,,,,
𫢨,8,0,0,,,0,,,,,
𫢩,8,0,0,,,0,,,,,
𫢪,8,0,0,,,0,,,,,
𫢫,8,0,0,,,0,,,,,
𫢬,8,0,0,,,0,,,,,
𫢭,8,0,0,,,0,,,,,
𫢮,8,0,0,,,0,,,,,
𫢯,8,0,0,,,0,,,,,
𫢰,8,0,0,,,0,,,,,
𫢱,8,0,0,,,0,,,,,
𫢲,8,0,0,,,0,,,,,
𫢳,8,0,0,,,0,,,,,
𫢴,8,0,0,,,0,,,,,
𫢵,8,0,0,,,0,,,,,
𫢶,8,0,0,,,0,,,,,
𫢷,8,0,0,,,0,,,,,
𫢸,8,0,0,,,0,,,,,
𫢹,8,0,0,,,0,,,,,
𫢺,8,0,0,,,0,,,,,
𫢻,8,0,0,,,0,,,,,
𫢼,8,0,0,,,0,,,,,
𫢽,8,0,0,,ふくつけし,0,,,,,
𫢾,8,0,0,,,0,,,,,
𫢿,8,0,0,,,0,,,,,
𫣀,8,0,0,,,0,,,,,
𫣁,8,0,0,,はやらす,0,,,,,
𫣂,8,0,0,,,0,,,,,
𫣃,8,0,0,,,0,,,,,
𫣄,8,0,0,,せん,0,,,,,
𫣅,8,0,0,,,0,,,,,
𫣆,8,0,0,,,0,,,,,
𫣇,8,0,0,,,0,,,,,
𫣈,8,0,0,,,0,,,,,
𫣉,8,0,0,,,0,,,,,
𫣊,8,0,0,,,0,,,,,
𫣋,8,0,0,,,0,,,,,
𫣌,8,0,0,,,0,,,,,
𫣍,8,0,0,,,0,,,,,
𫣎,8,0,0,,,0,,,,,
𫣏,8,0,0,,,0,,,,,
𫣐,8,0,0,,,0,,,,,
𫣑,8,0,0,,,0,,,,,
𫣒,8,0,0,,かめ,0,,,,,
𫣓,8,0,0,,,0,,,,,
𫣔,8,0,0,,,0,,,,,
𫣕,8,0,0,,へつらう,0,,,,,
𫣖,8,0,0,,,0,,,,,
𫣗,8,0,0,,,0,,,,,
𫣘,8,0,0,,,0,,,,,
𫣙,8,0,0,,,0,,,,,
𫣚,8,0,0,,,0,,,,,
𫣛,8,0,0,,,0,,,,,
𫣜,8,0,0,,,0,,,,,
𫣝,8,0,0,,,0,,,,,
𫣞,8,0,0,,,0,,,,,
𫣟,8,0,0,,,0,,,,,
𫣠,8,0,0,,,0,,,,,
𫣡,8,0,0,,,0,,,,,
𫣢,8,0,0,,,0,,,,,
𫣣,8,0,0,,,0,,,,,
𫣤,8,0,0,,,0,,,,,
𫣥,8,0,0,,,0,,,,,
𫣦,8,0,0,,,0,,,,,
𫣧,8,0,0,,,0,,,,,
𫣨,8,0,0,,,0,,,,,
𫣩,8,0,0,,,0,,,,,
𫣪,8,0,0,,,0,,,,,
𫣫,8,0,0,,,0,,,,,
𫣬,8,0,0,,,0,,,,,
𫣭,8,0,0,,,0,,,,,
𫣮,8,0,0,,,0,,,,,
𫣯,8,0,0,,,0,,,,,
𫣰,8,0,0,,,0,,,,,
𫣱,8,0,0,,,0,,,,,
𫣲,8,0,0,,,0,,,,,
𫣳,8,0,0,,,0,,,,,
𫣴,8,0,0,,,0,,,,,
𫣵,8,0,0,,まね,0,,,,,
𫣶,8,0,0,,,0,,,,,
𫣷,8,0,0,,,0,,,,,
𫣸,8,0,0,,,0,,,,,
𫣹,8,0,0,,,0,,,,,
𫣺,8,0,0,,,0,,,,,
𫣻,8,0,0,,,0,,,,,
𫣼,8,0,0,,,0,,,,,
𫣽,8,0,0,,,0,,,,,
𫣾,8,0,0,,,0,,,,,
𫣿,8,0,0,,,0,,,,,
𫤀,8,0,0,,,0,,,,,
𫤁,8,0,0,,,0,,,,,
𫤂,8,0,0,,,0,,,,,
𫤃,8,0,0,,,0,,,,,
𫤄,8,0,0,,,0,,,,,
𫤅,8,0,0,,,0,,,,,
𫤆,8,0,0,,,0,,,,,
𫤇,8,0,0,,,0,,,,,
𫤈,8,0,0,,,0,,,,,
𫤉,8,0,0,,,0,,,,,
𫤊,8,0,0,,,0,,,,,
𫤋,8,0,0,,,0,,,,,
𫤌,8,0,0,,,0,,,,,
𫤍,8,0,0,,,0,,,,,
𫤎,8,0,0,,,0,,,,,
𫤏,8,0,0,,,0,,,,,
𫤐,8,0,0,,,0,,,,,
𫤑,8,0,0,,,0,,,,,
𫤒,8,0,0,,,0,,,,,
𫤓,8,0,0,,,0,,,,,
𫤔,8,0,0,,,0,,,,,
𫤕,8,0,0,,,0,,,,,
𫤖,8,0,0,,,0,,,,,
𫤗,8,0,0,,,0,,,,,
𫤘,8,0,0,ジ ニ ゲイ,こ,0,,,,,
𫤙,8,0,0,,,0,,,,,
𫤚,8,0,0,,,0,,,,,
𫤛,8,0,0,,,0,,,,,
𫤜,8,0,0,,きょうだい,0,,,,,
𫤝,8,0,0,,,0,,,,,
𫤞,8,0,0,,ふつつか,0,,,,,
𫤟,8,0,0,,,0,,,,,
𫤠,8,0,0,,,0,,,,,
𫤡,8,0,0,,,0,,,,,
𫤢,8,0,0,,,0,,,,,
𫤣,8,0,0,,,0,,,,,
𫤤,8,0,0,,,0,,,,,
𫤥,8,0,0,,,0,,,,,
𫤦,8,0,0,,,0,,,,,
𫤧,8,0,0,,,0,,,,,
𫤨,8,0,0,,,0,,,,,
𫤩,8,0,0,,,0,,,,,
𫤪,8,0,0,,,0,,,,,
𫤫,8,0,0,,,0,,,,,
𫤬,8,0,0,,,0,,,,,
𫤭,8,0,0,,,0,,,,,
𫤮,8,0,0,,,0,,,,,
𫤯,8,0,0,,,0,,,,,
𫤰,8,0,0,ヨ,あたえる,0,,,,,
𫤱,8,0,0,,,0,,,,,
𫤲,8,0,0,,,0,,,,,
𫤳,8,0,0,,,0,,,,,
𫤴,8,0,0,,,0,,,,,
𫤵,8,0,0,,,0,,,,,
𫤶,8,0,0,,,0,,,,,
𫤷,8,0,0,,,0,,,,,
𫤸,8,0,0,,,0,,,,,
𫤹,8,0,0,,,0,,,,,
𫤺,8,0,0,,,0,,,,,
𫤻,8,0,0,,,0,,,,,
𫤼,8,0,0,,,0,,,,,
𫤽,8,0,0,,,0,,,,,
𫤾,8,0,0,,,0,,,,,
𫤿,8,0,0,,,0,,,,,
𫥀,8,0,0,,,0,,,,,
𫥁,8,0,0,,,0,,,,,
𫥂,8,0,0,,,0,,,,,
𫥃,8,0,0,,,0,,,,,
𫥄,8,0,0,,,0,,,,,
𫥅,8,0,0,,,0,,,,,
𫥆,8,0,0,,,0,,,,,
𫥇,8,0,0,,,0,,,,,
𫥈,8,0,0,,,0,,,,,
𫥉,8,0,0,,,0,,,,,
𫥊,8,0,0,,,0,,,,,
𫥋,8,0,0,,,0,,,,,
𫥌,8,0,0,,,0,,,,,
𫥍,8,0,0,,,0,,,,,
𫥎,8,0,0,,,0,,,,,
𫥏,8,0,0,,,0,,,,,
𫥐,8,0,0,,,0,,,,,
𫥑,8,0,0,,,0,,,,,
𫥒,8,0,0,,,0,,,,,
𫥓,8,0,0,,,0,,,,,
𫥔,8,0,0,,,0,,,,,
𫥕,8,0,0,,,0,,,,,
𫥖,8,0,0,,,0,,,,,
𫥗,8,0,0,,,0,,,,,
𫥘,8,0,0,,,0,,,,,
𫥙,8,0,0,,,0,,,,,
𫥚,8,0,0,,,0,,,,,
𫥛,8,0,0,,,0,,,,,
𫥜,8,0,0,,,0,,,,,
𫥝,8,0,0,,,0,,,,,
𫥞,8,0,0,,,0,,,,,
𫥟,8,0,0,,,0,,,,,
𫥠,8,0,0,,おそろしい,0,,,,,
𫥡,8,0,0,,,0,,,,,
𫥢,8,0,0,,,0,,,,,
𫥣,8,0,0,,,0,,,,,
𫥤,8,0,0,,,0,,,,,
𫥥,8,0,0,,,0,,,,,
𫥦,8,0,0,,,0,,,,,
𫥧,8,0,0,,,0,,,,,
𫥨,8,0,0,,,0,,,,,
𫥩,8,0,0,,,0,,,,,
𫥪,8,0,0,,,0,,,,,
𫥫,8,0,0,,,0,,,,,
𫥬,8,0,0,,,0,,,,,
𫥭,8,0,0,,,0,,,,,
𫥮,8,0,0,,,0,,,,,
𫥯,8,0,0,,,0,,,,,
𫥰,8,0,0,,,0,,,,,
𫥱,8,0,0,,,0,,,,,
𫥲,8,0,0,,たち,0,,,,,
𫥳,8,0,0,,,0,,,,,
𫥴,8,0,0,,,0,,,,,
𫥵,8,0,0,,,0,,,,,
𫥶,8,0,0,,,0,,,,,
𫥷,8,0,0,,,0,,,,,
𫥸,8,0,0,,,0,,,,,
𫥹,8,0,0,,,0,,,,,
𫥺,8,0,0,,,0,,,,,
𫥻,8,0,0,,じゅく,0,,,,,
𫥼,8,0,0,,,0,,,,,
𫥽,8,0,0,,,0,,,,,
𫥾,8,0,0,,,0,,,,,
𫥿,8,0,0,,,0,,,,,
𫦀,8,0,0,,,0,,,,,
𫦁,8,0,0,,,0,,,,,
𫦂,8,0,0,,,0,,,,,
𫦃,8,0,0,,,0,,,,,
𫦄,8,0,0,,,0,,,,,
𫦅,8,0,0,,,0,,,,,
𫦆,8,0,0,,,0,,,,,
𫦇,8,0,0,,,0,,,,,
𫦈,8,0,0,,しゅうねく,0,,,,,
𫦉,8,0,0,,,0,,,,,
𫦊,8,0,0,,,0,,,,,
𫦋,8,0,0,,,0,,,,,
𫦌,8,0,0,,,0,,,,,
𫦍,8,0,0,,,0,,,,,
𫦎,8,0,0,,,0,,,,,
𫦏,8,0,0,,,0,,,,,
𫦐,8,0,0,,,0,,,,,
𫦑,8,0,0,,,0,,,,,
𫦒,8,0,0,,,0,,,,,
𫦓,8,0,0,,,0,,,,,
𫦔,8,0,0,,,0,,,,,
𫦕,8,0,0,,,0,,,,,
𫦖,8,0,0,,,0,,,,,
𫦗,8,0,0,,,0,,,,,
𫦘,8,0,0,,,0,,,,,
𫦙,8,0,0,,,0,,,,,
𫦚,8,0,0,,,0,,,,,
𫦛,8,0,0,,,0,,,,,
𫦜,8,0,0,,,0,,,,,
𫦝,8,0,0,,,0,,,,,
𫦞,8,0,0,,,0,,,,,
𫦟,8,0,0,,,0,,,,,
𫦠,8,0,0,,,0,,,,,
𫦡,8,0,0,,,0,,,,,
𫦢,8,0,0,,,0,,,,,
𫦣,8,0,0,,,0,,,,,
𫦤,8,0,0,,かいち,0,,,,,
𫦥,8,0,0,,かいち,0,,,,,
𫦦,8,0,0,,,0,,,,,
𫦧,8,0,0,,,0,,,,,
𫦨,8,0,0,,,0,,,,,
𫦩,8,0,0,,,0,,,,,
𫦪,8,0,0,,,0,,,,,
𫦫,8,0,0,,かたな,0,,,,,
𫦬,8,0,0,,,0,,,,,
𫦭,8,0,0,,,0,,,,,
𫦮,8,0,0,,,0,,,,,
𫦯,8,0,0,,,0,,,,,
𫦰,8,0,0,,,0,,,,,
𫦱,8,0,0,ボウ キョク コク,,0,,,,,
𫦲,8,0,0,,,0,,,,,
𫦳,8,0,0,,,0,,,,,
𫦴,8,0,0,,,0,,,,,
𫦵,8,0,0,,,0,,,,,
𫦶,8,0,0,,じじ,0,,,,,
𫦷,8,0,0,,,0,,,,,
𫦸,8,0,0,,,0,,,,,
𫦹,8,0,0,,ゆめゆめ,0,,,,,
𫦺,8,0,0,,,0,,,,,
𫦻,8,0,0,,,0,,,,,
𫦼,8,0,0,,,0,,,,,
𫦽,8,0,0,,,0,,,,,
𫦾,8,0,0,,,0,,,,,
𫦿,8,0,0,,はためく,0,,,,,
𫧀,8,0,0,,,0,,,,,
𫧁,8,0,0,,,0,,,,,
𫧂,8,0,0,,,0,,,,,
𫧃,8,0,0,,,0,,,,,
𫧄,8,0,0,,,0,,,,,
𫧅,8,0,0,,,0,,,,,
𫧆,8,0,0,,,0,,,,,
𫧇,8,0,0,,,0,,,,,
𫧈,8,0,0,,,0,,,,,
𫧉,8,0,0,,,0,,,,,
𫧊,8,0,0,,,0,,,,,
𫧋,8,0,0,,,0,,,,,
𫧌,8,0,0,,,0,,,,,
𫧍,8,0,0,,,0,,,,,
𫧎,8,0,0,,,0,,,,,
𫧏,8,0,0,,,0,,,,,
𫧐,8,0,0,,,0,,,,,
𫧑,8,0,0,,,0,,,,,
𫧒,8,0,0,,,0,,,,,
𫧓,8,0,0,,,0,,,,,
𫧔,8,0,0,,,0,,,,,
𫧕,8,0,0,,,0,,,,,
𫧖,8,0,0,,,0,,,,,
𫧗,8,0,0,,,0,,,,,
𫧘,8,0,0,,,0,,,,,
𫧙,8,0,0,,,0,,,,,
𫧚,8,0,0,,,0,,,,,
𫧛,8,0,0,,,0,,,,,
𫧜,8,0,0,,,0,,,,,
𫧝,8,0,0,,,0,,,,,
𫧞,8,0,0,,,0,,,,,
𫧟,8,0,0,,,0,,,,,
𫧠,8,0,0,,,0,,,,,
𫧡,8,0,0,,,0,,,,,
𫧢,8,0,0,,,0,,,,,
𫧣,8,0,0,,,0,,,,,
𫧤,8,0,0,バク ハク,ひろめる ひろい,0,,,,,
𫧥,8,0,0,,,0,,,,,
𫧦,8,0,0,,,0,,,,,
𫧧,8,0,0,,,0,,,,,
𫧨,8,0,0,,,0,,,,,
𫧩,8,0,0,,,0,,,,,
𫧪,8,0,0,,,0,,,,,
𫧫,8,0,0,,,0,,,,,
𫧬,8,0,0,,,0,,,,,
𫧭,8,0,0,,,0,,,,,
𫧮,8,0,0,,,0,,,,,
𫧯,8,0,0,,,0,,,,,
𫧰,8,0,0,,,0,,,,,
𫧱,8,0,0,,,0,,,,,
𫧲,8,0,0,,,0,,,,,
𫧳,8,0,0,,,0,,,,,
𫧴,8,0,0,,,0,,,,,
𫧵,8,0,0,,,0,,,,,
𫧶,8,0,0,,,0,,,,,
𫧷,8,0,0,,,0,,,,,
𫧸,8,0,0,,,0,,,,,
𫧹,8,0,0,,,0,,,,,
𫧺,8,0,0,,,0,,,,,
𫧻,8,0,0,,,0,,,,,
𫧼,8,0,0,,,0,,,,,
𫧽,8,0,0,,,0,,,,,
𫧾,8,0,0,,,0,,,,,
𫧿,8,0,0,,,0,,,,,
𫨀,8,0,0,,,0,,,,,
𫨁,8,0,0,,,0,,,,,
𫨂,8,0,0,,,0,,,,,
𫨃,8,0,0,,,0,,,,,
𫨄,8,0,0,,,0,,,,,
𫨅,8,0,0,,,0,,,,,
𫨆,8,0,0,,,0,,,,,
𫨇,8,0,0,,,0,,,,,
𫨈,8,0,0,,,0,,,,,
𫨉,8,0,0,,,0,,,,,
𫨊,8,0,0,,,0,,,,,
𫨋,8,0,0,,,0,,,,,
𫨌,8,0,0,,,0,,,,,
𫨍,8,0,0,,,0,,,,,
𫨎,8,0,0,,,0,,,,,
𫨏,8,0,0,,,0,,,,,
𫨐,8,0,0,,,0,,,,,
𫨑,8,0,0,,,0,,,,,
𫨒,8,0,0,,,0,,,,,
𫨓,8,0,0,,,0,,,,,
𫨔,8,0,0,,,0,,,,,
𫨕,8,0,0,,,0,,,,,
𫨖,8,0,0,,,0,,,,,
𫨗,8,0,0,,,0,,,,,
𫨘,8,0,0,,,0,,,,,
𫨙,8,0,0,,,0,,,,,
𫨚,8,0,0,,,0,,,,,
𫨛,8,0,0,,,0,,,,,
𫨜,8,0,0,,,0,,,,,
𫨝,8,0,0,,,0,,,,,
𫨞,8,0,0,,,0,,,,,
𫨟,8,0,0,,,0,,,,,
𫨠,8,0,0,,,0,,,,,
𫨡,8,0,0,,,0,,,,,
𫨢,8,0,0,,,0,,,,,
𫨣,8,0,0,,,0,,,,,
𫨤,8,0,0,,,0,,,,,
𫨥,8,0,0,,,0,,,,,
𫨦,8,0,0,,,0,,,,,
𫨧,8,0,0,,,0,,,,,
𫨨,8,0,0,,,0,,,,,
𫨩,8,0,0,,,0,,,,,
𫨪,8,0,0,,,0,,,,,
𫨫,8,0,0,,,0,,,,,
𫨬,8,0,0,,,0,,,,,
𫨭,8,0,0,,せ,0,,,,,
𫨮,8,0,0,,,0,,,,,
𫨯,8,0,0,,,0,,,,,
𫨰,8,0,0,,,0,,,,,
𫨱,8,0,0,,,0,,,,,
𫨲,8,0,0,,,0,,,,,
𫨳,8,0,0,,,0,,,,,
𫨴,8,0,0,,,0,,,,,
𫨵,8,0,0,,,0,,,,,
𫨶,8,0,0,,,0,,,,,
𫨷,8,0,0,,,0,,,,,
𫨸,8,0,0,,,0,,,,,
𫨹,8,0,0,,,0,,,,,
𫨺,8,0,0,,,0,,,,,
𫨻,8,0,0,タン ダン,,0,,,,,
𫨼,8,0,0,,,0,,,,,
𫨽,8,0,0,,,0,,,,,
𫨾,8,0,0,,,0,,,,,
𫨿,8,0,0,,,0,,,,,
𫩀,8,0,0,,,0,,,,,
𫩁,8,0,0,,,0,,,,,
𫩂,8,0,0,,,0,,,,,
𫩃,8,0,0,,,0,,,,,
𫩄,8,0,0,,,0,,,,,
𫩅,8,0,0,,,0,,,,,
𫩆,8,0,0,,,0,,,,,
𫩇,8,0,0,,,0,,,,,
𫩈,8,0,0,,,0,,,,,
𫩉,8,0,0,,,0,,,,,
𫩊,8,0,0,,,0,,,,,
𫩋,8,0,0,,,0,,,,,
𫩌,8,0,0,,,0,,,,,
𫩍,8,0,0,,,0,,,,,
𫩎,8,0,0,,,0,,,,,
𫩏,8,0,0,,,0,,,,,
𫩐,8,0,0,,,0,,,,,
𫩑,8,0,0,,,0,,,,,
𫩒,8,0,0,,,0,,,,,
𫩓,8,0,0,,,0,,,,,
𫩔,8,0,0,,,0,,,,,
𫩕,8,0,0,,,0,,,,,
𫩖,8,0,0,,,0,,,,,
𫩗,8,0,0,,,0,,,,,
𫩘,8,0,0,,,0,,,,,
𫩙,8,0,0,,,0,,,,,
𫩚,8,0,0,,,0,,,,,
𫩛,8,0,0,,,0,,,,,
𫩜,8,0,0,,,0,,,,,
𫩝,8,0,0,,,0,,,,,
𫩞,8,0,0,,,0,,,,,
𫩟,8,0,0,,,0,,,,,
𫩠,8,0,0,,,0,,,,,
𫩡,8,0,0,,,0,,,,,
𫩢,8,0,0,,,0,,,,,
𫩣,8,0,0,,,0,,,,,
𫩤,8,0,0,,,0,,,,,
𫩥,8,0,0,,,0,,,,,
𫩦,8,0,0,,,0,,,,,
𫩧,8,0,0,ガン カン ゴン,ふくむ ふくめる,0,,,,,
𫩨,8,0,0,,,0,,,,,
𫩩,8,0,0,,,0,,,,,
𫩪,8,0,0,,,0,,,,,
𫩫,8,0,0,,,0,,,,,
𫩬,8,0,0,,,0,,,,,
𫩭,8,0,0,,,0,,,,,
𫩮,8,0,0,,なく,0,,,,,
𫩯,8,0,0,,,0,,,,,
𫩰,8,0,0,,,0,,,,,
𫩱,8,0,0,,,0,,,,,
𫩲,8,0,0,,,0,,,,,
𫩳,8,0,0,,,0,,,,,
𫩴,8,0,0,,,0,,,,,
𫩵,8,0,0,,,0,,,,,
𫩶,8,0,0,,,0,,,,,
𫩷,8,0,0,,,0,,,,,
𫩸,8,0,0,,,0,,,,,
𫩹,8,0,0,,,0,,,,,
𫩺,8,0,0,,,0,,,,,
𫩻,8,0,0,,,0,,,,,
𫩼,8,0,0,,,0,,,,,
𫩽,8,0,0,,,0,,,,,
𫩾,8,0,0,,,0,,,,,
𫩿,8,0,0,,,0,,,,,
𫪀,8,0,0,,,0,,,,,
𫪁,8,0,0,,,0,,,,,
𫪂,8,0,0,,,0,,,,,
𫪃,8,0,0,,,0,,,,,
𫪄,8,0,0,,,0,,,,,
𫪅,8,0,0,,,0,,,,,
𫪆,8,0,0,,,0,,,,,
𫪇,8,0,0,,,0,,,,,
𫪈,8,0,0,,,0,,,,,
𫪉,8,0,0,,,0,,,,,
𫪊,8,0,0,,,0,,,,,
𫪋,8,0,0,,,0,,,,,
𫪌,8,0,0,,,0,,,,,
𫪍,8,0,0,,,0,,,,,
𫪎,8,0,0,,,0,,,,,
𫪏,8,0,0,,,0,,,,,
𫪐,8,0,0,,,0,,,,,
𫪑,8,0,0,,,0,,,,,
𫪒,8,0,0,,,0,,,,,
𫪓,8,0,0,,,0,,,,,
𫪔,8,0,0,,,0,,,,,
𫪕,8,0,0,,,0,,,,,
𫪖,8,0,0,,,0,,,,,
𫪗,8,0,0,,,0,,,,,
𫪘,8,0,0,,,0,,,,,
𫪙,8,0,0,,,0,,,,,
𫪚,8,0,0,,,0,,,,,
𫪛,8,0,0,,もだえる,0,,,,,
𫪜,8,0,0,,,0,,,,,
𫪝,8,0,0,,,0,,,,,
𫪞,8,0,0,,,0,,,,,
𫪟,8,0,0,,,0,,,,,
𫪠,8,0,0,,,0,,,,,
𫪡,8,0,0,,,0,,,,,
𫪢,8,0,0,,,0,,,,,
𫪣,8,0,0,,,0,,,,,
𫪤,8,0,0,,すわ,0,,,,,
𫪥,8,0,0,,,0,,,,,
𫪦,8,0,0,,,0,,,,,
𫪧,8,0,0,,,0,,,,,
𫪨,8,0,0,,,0,,,,,
𫪩,8,0,0,,,0,,,,,
𫪪,8,0,0,,,0,,,,,
𫪫,8,0,0,,,0,,,,,
𫪬,8,0,0,,,0,,,,,
𫪭,8,0,0,,,0,,,,,
𫪮,8,0,0,,,0,,,,,
𫪯,8,0,0,,,0,,,,,
𫪰,8,0,0,,,0,,,,,
𫪱,8,0,0,,,0,,,,,
𫪲,8,0,0,,,0,,,,,
𫪳,8,0,0,,,0,,,,,
𫪴,8,0,0,,,0,,,,,
𫪵,8,0,0,,,0,,,,,
𫪶,8,0,0,,,0,,,,,
𫪷,8,0,0,,,0,,,,,
𫪸,8,0,0,,,0,,,,,
𫪹,8,0,0,,,0,,,,,
𫪺,8,0,0,,,0,,,,,
𫪻,8,0,0,,,0,,,,,
𫪼,8,0,0,,,0,,,,,
𫪽,8,0,0,,,0,,,,,
𫪾,8,0,0,,,0,,,,,
𫪿,8,0,0,,,0,,,,,
𫫀,8,0,0,,,0,,,,,
𫫁,8,0,0,,,0,,,,,
𫫂,8,0,0,,,0,,,,,
𫫃,8,0,0,,,0,,,,,
𫫄,8,0,0,,,0,,,,,
𫫅,8,0,0,,,0,,,,,
𫫆,8,0,0,,,0,,,,,
𫫇,8,0,0,,,0,,,,,
𫫈,8,0,0,,,0,,,,,
𫫉,8,0,0,,,0,,,,,
𫫊,8,0,0,,,0,,,,,
𫫋,8,0,0,,,0,,,,,
𫫌,8,0,0,,,0,,,,,
𫫍,8,0,0,,とらかす,0,,,,,
𫫎,8,0,0,,,0,,,,,
𫫏,8,0,0,,,0,,,,,
𫫐,8,0,0,,,0,,,,,
𫫑,8,0,0,,,0,,,,,
𫫒,8,0,0,,,0,,,,,
𫫓,8,0,0,,,0,,,,,
𫫔,8,0,0,,,0,,,,,
𫫕,8,0,0,,,0,,,,,
𫫖,8,0,0,,,0,,,,,
𫫗,8,0,0,,,0,,,,,
𫫘,8,0,0,,,0,,,,,
𫫙,8,0,0,,,0,,,,,
𫫚,8,0,0,,,0,,,,,
𫫛,8,0,0,,,0,,,,,
𫫜,8,0,0,,,0,,,,,
𫫝,8,0,0,,,0,,,,,
𫫞,8,0,0,,,0,,,,,
𫫟,8,0,0,,,0,,,,,
𫫠,8,0,0,,かい,0,,,,,
𫫡,8,0,0,,,0,,,,,
𫫢,8,0,0,,,0,,,,,
𫫣,8,0,0,,,0,,,,,
𫫤,8,0,0,,,0,,,,,
𫫥,8,0,0,,,0,,,,,
𫫦,8,0,0,,,0,,,,,
𫫧,8,0,0,,,0,,,,,
𫫨,8,0,0,,,0,,,,,
𫫩,8,0,0,,,0,,,,,
𫫪,8,0,0,,,0,,,,,
𫫫,8,0,0,,,0,,,,,
𫫬,8,0,0,,,0,,,,,
𫫭,8,0,0,,さえずる,0,,,,,
𫫮,8,0,0,,,0,,,,,
𫫯,8,0,0,,,0,,,,,
𫫰,8,0,0,,,0,,,,,
𫫱,8,0,0,,ずき,0,,,,,
𫫲,8,0,0,,,0,,,,,
𫫳,8,0,0,,,0,,,,,
𫫴,8,0,0,,,0,,,,,
𫫵,8,0,0,,,0,,,,,
𫫶,8,0,0,,,0,,,,,
𫫷,8,0,0,,,0,,,,,
𫫸,8,0,0,,,0,,,,,
𫫹,8,0,0,,,0,,,,,
𫫺,8,0,0,,,0,,,,,
𫫻,8,0,0,,,0,,,,,
𫫼,8,0,0,,,0,,,,,
𫫽,8,0,0,,,0,,,,,
𫫾,8,0,0,,,0,,,,,
𫫿,8,0,0,,,0,,,,,
𫬀,8,0,0,,,0,,,,,
𫬁,8,0,0,,,0,,,,,
𫬂,8,0,0,,,0,,,,,
𫬃,8,0,0,,,0,,,,,
𫬄,8,0,0,,,0,,,,,
𫬅,8,0,0,,,0,,,,,
𫬆,8,0,0,,,0,,,,,
𫬇,8,0,0,,,0,,,,,
𫬈,8,0,0,,,0,,,,,
𫬉,8,0,0,,,0,,,,,
𫬊,8,0,0,,,0,,,,,
𫬋,8,0,0,,,0,,,,,
𫬌,8,0,0,,,0,,,,,
𫬍,8,0,0,,,0,,,,,
𫬎,8,0,0,,,0,,,,,
𫬏,8,0,0,,,0,,,,,
𫬐,8,0,0,,,0,,,,,
𫬑,8,0,0,,,0,,,,,
𫬒,8,0,0,,,0,,,,,
𫬓,8,0,0,,,0,,,,,
𫬔,8,0,0,,,0,,,,,
𫬕,8,0,0,,,0,,,,,
𫬖,8,0,0,,,0,,,,,
𫬗,8,0,0,,,0,,,,,
𫬘,8,0,0,,,0,,,,,
𫬙,8,0,0,,,0,,,,,
𫬚,8,0,0,,,0,,,,,
𫬛,8,0,0,,,0,,,,,
𫬜,8,0,0,,,0,,,,,
𫬝,8,0,0,,,0,,,,,
𫬞,8,0,0,,,0,,,,,
𫬟,8,0,0,,,0,,,,,
𫬠,8,0,0,,,0,,,,,
𫬡,8,0,0,,,0,,,,,
𫬢,8,0,0,,,0,,,,,
𫬣,8,0,0,,,0,,,,,
𫬤,8,0,0,,,0,,,,,
𫬥,8,0,0,,,0,,,,,
𫬦,8,0,0,,,0,,,,,
𫬧,8,0,0,,,0,,,,,
𫬨,8,0,0,,,0,,,,,
𫬩,8,0,0,,,0,,,,,
𫬪,8,0,0,,,0,,,,,
𫬫,8,0,0,,,0,,,,,
𫬬,8,0,0,,,0,,,,,
𫬭,8,0,0,,,0,,,,,
𫬮,8,0,0,,,0,,,,,
𫬯,8,0,0,,,0,,,,,
𫬰,8,0,0,,,0,,,,,
𫬱,8,0,0,,,0,,,,,
𫬲,8,0,0,,,0,,,,,
𫬳,8,0,0,,,0,,,,,
𫬴,8,0,0,,,0,,,,,
𫬵,8,0,0,,,0,,,,,
𫬶,8,0,0,,,0,,,,,
𫬷,8,0,0,,,0,,,,,
𫬸,8,0,0,,,0,,,,,
𫬹,8,0,0,,,0,,,,,
𫬺,8,0,0,,,0,,,,,
𫬻,8,0,0,,,0,,,,,
𫬼,8,0,0,,,0,,,,,
𫬽,8,0,0,,,0,,,,,
𫬾,8,0,0,,,0,,,,,
𫬿,8,0,0,,,0,,,,,
𫭀,8,0,0,,,0,,,,,
𫭁,8,0,0,,,0,,,,,
𫭂,8,0,0,,,0,,,,,
𫭃,8,0,0,,,0,,,,,
𫭄,8,0,0,,,0,,,,,
𫭅,8,0,0,,,0,,,,,
𫭆,8,0,0,,,0,,,,,
𫭇,8,0,0,,,0,,,,,
𫭈,8,0,0,,,0,,,,,
𫭉,8,0,0,,,0,,,,,
𫭊,8,0,0,,,0,,,,,
𫭋,8,0,0,,,0,,,,,
𫭌,8,0,0,,,0,,,,,
𫭍,8,0,0,,,0,,,,,
𫭎,8,0,0,,,0,,,,,
𫭏,8,0,0,,かわや,0,,,,,
𫭐,8,0,0,,,0,,,,,
𫭑,8,0,0,,,0,,,,,
𫭒,8,0,0,,,0,,,,,
𫭓,8,0,0,,,0,,,,,
𫭔,8,0,0,,,0,,,,,
𫭕,8,0,0,,,0,,,,,
𫭖,8,0,0,,,0,,,,,
𫭗,8,0,0,,ふせ,0,,,,,
𫭘,8,0,0,,,0,,,,,
𫭙,8,0,0,,,0,,,,,
𫭚,8,0,0,,,0,,,,,
𫭛,8,0,0,,,0,,,,,
𫭜,8,0,0,,,0,,,,,
𫭝,8,0,0,,,0,,,,,
𫭞,8,0,0,,,0,,,,,
𫭟,8,0,0,,,0,,,,,
𫭠,8,0,0,,,0,,,,,
𫭡,8,0,0,,,0,,,,,
𫭢,8,0,0,,,0,,,,,
𫭣,8,0,0,,,0,,,,,
𫭤,8,0,0,,,0,,,,,
𫭥,8,0,0,,,0,,,,,
𫭦,8,0,0,,,0,,,,,
𫭧,8,0,0,,,0,,,,,
𫭨,8,0,0,,,0,,,,,
𫭩,8,0,0,,,0,,,,,
𫭪,8,0,0,,,0,,,,,
𫭫,8,0,0,,,0,,,,,
𫭬,8,0,0,,,0,,,,,
𫭭,8,0,0,,,0,,,,,
𫭮,8,0,0,,,0,,,,,
𫭯,8,0,0,,,0,,,,,
𫭰,8,0,0,,,0,,,,,
𫭱,8,0,0,,くら,0,,,,,
𫭲,8,0,0,,,0,,,,,
𫭳,8,0,0,,,0,,,,,
𫭴,8,0,0,,,0,,,,,
𫭵,8,0,0,,,0,,,,,
𫭶,8,0,0,,,0,,,,,
𫭷,8,0,0,,,0,,,,,
𫭸,8,0,0,,,0,,,,,
𫭹,8,0,0,,,0,,,,,
𫭺,8,0,0,,,0,,,,,
𫭻,8,0,0,,,0,,,,,
𫭼,8,0,0,,,0,,,,,
𫭽,8,0,0,,,0,,,,,
𫭾,8,0,0,,,0,,,,,
𫭿,8,0,0,,,0,,,,,
𫮀,8,0,0,,,0,,,,,
𫮁,8,0,0,,,0,,,,,
𫮂,8,0,0,,,0,,,,,
𫮃,8,0,0,,,0,,,,,
𫮄,8,0,0,,,0,,,,,
𫮅,8,0,0,シン,,0,,,,,
𫮆,8,0,0,,,0,,,,,
𫮇,8,0,0,,,0,,,,,
𫮈,8,0,0,,,0,,,,,
𫮉,8,0,0,,,0,,,,,
𫮊,8,0,0,,,0,,,,,
𫮋,8,0,0,,,0,,,,,
𫮌,8,0,0,,,0,,,,,
𫮍,8,0,0,サイ キ,さき,0,,,,,
𫮎,8,0,0,,あつち,0,,,,,
𫮏,8,0,0,,,0,,,,,
𫮐,8,0,0,,,0,,,,,
𫮑,8,0,0,,,0,,,,,
𫮒,8,0,0,,,0,,,,,
𫮓,8,0,0,,,0,,,,,
𫮔,8,0,0,,,0,,,,,
𫮕,8,0,0,,,0,,,,,
𫮖,8,0,0,,,0,,,,,
𫮗,8,0,0,,,0,,,,,
𫮘,8,0,0,,,0,,,,,
𫮙,8,0,0,,,0,,,,,
𫮚,8,0,0,,,0,,,,,
𫮛,8,0,0,,,0,,,,,
𫮜,8,0,0,,,0,,,,,
𫮝,8,0,0,,,0,,,,,
𫮞,8,0,0,,,0,,,,,
𫮟,8,0,0,,,0,,,,,
𫮠,8,0,0,,,0,,,,,
𫮡,8,0,0,,,0,,,,,
𫮢,8,0,0,,,0,,,,,
𫮣,8,0,0,,,0,,,,,
𫮤,8,0,0,,やち,0,,,,,
𫮥,8,0,0,,,0,,,,,
𫮦,8,0,0,,,0,,,,,
𫮧,8,0,0,,,0,,,,,
𫮨,8,0,0,,,0,,,,,
𫮩,8,0,0,,,0,,,,,
𫮪,8,0,0,,,0,,,,,
𫮫,8,0,0,,,0,,,,,
𫮬,8,0,0,,,0,,,,,
𫮭,8,0,0,,おそれ,0,,,,,
𫮮,8,0,0,,,0,,,,,
𫮯,8,0,0,,,0,,,,,
𫮰,8,0,0,,,0,,,,,
𫮱,8,0,0,,,0,,,,,
𫮲,8,0,0,,,0,,,,,
𫮳,8,0,0,,,0,,,,,
𫮴,8,0,0,,,0,,,,,
𫮵,8,0,0,,,0,,,,,
𫮶,8,0,0,,,0,,,,,
𫮷,8,0,0,,,0,,,,,
𫮸,8,0,0,,,0,,,,,
𫮹,8,0,0,,,0,,,,,
𫮺,8,0,0,,ほりきり,0,,,,,
𫮻,8,0,0,,,0,,,,,
𫮼,8,0,0,,,0,,,,,
𫮽,8,0,0,,,0,,,,,
𫮾,8,0,0,,めいしょ,0,,,,,
𫮿,8,0,0,,,0,,,,,
𫯀,8,0,0,,,0,,,,,
𫯁,8,0,0,,,0,,,,,
𫯂,8,0,0,,,0,,,,,
𫯃,8,0,0,,,0,,,,,
𫯄,8,0,0,,,0,,,,,
𫯅,8,0,0,,,0,,,,,
𫯆,8,0,0,,,0,,,,,
𫯇,8,0,0,,,0,,,,,
𫯈,8,0,0,,,0,,,,,
𫯉,8,0,0,,,0,,,,,
𫯊,8,0,0,,,0,,,,,
𫯋,8,0,0,,,0,,,,,
𫯌,8,0,0,,,0,,,,,
𫯍,8,0,0,,,0,,,,,
𫯎,8,0,0,,,0,,,,,
𫯏,8,0,0,,,0,,,,,
𫯐,8,0,0,,,0,,,,,
𫯑,8,0,0,,,0,,,,,
𫯒,8,0,0,,,0,,,,,
𫯓,8,0,0,,,0,,,,,
𫯔,8,0,0,,,0,,,,,
𫯕,8,0,0,,,0,,,,,
𫯖,8,0,0,,,0,,,,,
𫯗,8,0,0,,,0,,,,,
𫯘,8,0,0,,,0,,,,,
𫯙,8,0,0,,,0,,,,,
𫯚,8,0,0,,,0,,,,,
𫯛,8,0,0,,,0,,,,,
𫯜,8,0,0,,,0,,,,,
𫯝,8,0,0,,,0,,,,,
𫯞,8,0,0,,,0,,,,,
𫯟,8,0,0,,,0,,,,,
𫯠,8,0,0,,,0,,,,,
𫯡,8,0,0,,,0,,,,,
𫯢,8,0,0,,,0,,,,,
𫯣,8,0,0,,,0,,,,,
𫯤,8,0,0,,,0,,,,,
𫯥,8,0,0,,,0,,,,,
𫯦,8,0,0,,,0,,,,,
𫯧,8,0,0,,,0,,,,,
𫯨,8,0,0,,,0,,,,,
𫯩,8,0,0,,,0,,,,,
𫯪,8,0,0,,,0,,,,,
𫯫,8,0,0,,,0,,,,,
𫯬,8,0,0,,,0,,,,,
𫯭,8,0,0,,,0,,,,,
𫯮,8,0,0,,,0,,,,,
𫯯,8,0,0,,,0,,,,,
𫯰,8,0,0,,,0,,,,,
𫯱,8,0,0,オウ,おく,0,,,,,
𫯲,8,0,0,,,0,,,,,
𫯳,8,0,0,,,0,,,,,
𫯴,8,0,0,,,0,,,,,
𫯵,8,0,0,,,0,,,,,
𫯶,8,0,0,,,0,,,,,
𫯷,8,0,0,,,0,,,,,
𫯸,8,0,0,,あたま,0,,,,,
𫯹,8,0,0,ハン ボン ヘン,まがき,0,,,,,
𫯺,8,0,0,,,0,,,,,
𫯻,8,0,0,,,0,,,,,
𫯼,8,0,0,,,0,,,,,
𫯽,8,0,0,,,0,,,,,
𫯾,8,0,0,,,0,,,,,
𫯿,8,0,0,,,0,,,,,
𫰀,8,0,0,,こし,0,,,,,
𫰁,8,0,0,,はた,0,,,,,
𫰂,8,0,0,,,0,,,,,
𫰃,8,0,0,,,0,,,,,
𫰄,8,0,0,,,0,,,,,
𫰅,8,0,0,,,0,,,,,
𫰆,8,0,0,,,0,,,,,
𫰇,8,0,0,,,0,,,,,
𫰈,8,0,0,,,0,,,,,
𫰉,8,0,0,,,0,,,,,
𫰊,8,0,0,,,0,,,,,
𫰋,8,0,0,,,0,,,,,
𫰌,8,0,0,,,0,,,,,
𫰍,8,0,0,,,0,,,,,
𫰎,8,0,0,,,0,,,,,
𫰏,8,0,0,,,0,,,,,
𫰐,8,0,0,,,0,,,,,
𫰑,8,0,0,,,0,,,,,
𫰒,8,0,0,,,0,,,,,
𫰓,8,0,0,,むすこ,0,,,,,
𫰔,8,0,0,,,0,,,,,
𫰕,8,0,0,,,0,,,,,
𫰖,8,0,0,,,0,,,,,
𫰗,8,0,0,,,0,,,,,
𫰘,8,0,0,,,0,,,,,
𫰙,8,0,0,,,0,,,,,
𫰚,8,0,0,,もうす,0,,,,,
𫰛,8,0,0,,,0,,,,,
𫰜,8,0,0,,,0,,,,,
𫰝,8,0,0,,,0,,,,,
𫰞,8,0,0,,,0,,,,,
𫰟,8,0,0,コウ ゴウ,,0,,,,,
𫰠,8,0,0,,,0,,,,,
𫰡,8,0,0,,,0,,,,,
𫰢,8,0,0,,,0,,,,,
𫰣,8,0,0,,,0,,,,,
𫰤,8,0,0,,,0,,,,,
𫰥,8,0,0,,,0,,,,,
𫰦,8,0,0,,,0,,,,,
𫰧,8,0,0,,,0,,,,,
𫰨,8,0,0,,,0,,,,,
𫰩,8,0,0,,,0,,,,,
𫰪,8,0,0,,,0,,,,,
𫰫,8,0,0,,,0,,,,,
𫰬,8,0,0,,,0,,,,,
𫰭,8,0,0,,,0,,,,,
𫰮,8,0,0,,,0,,,,,
𫰯,8,0,0,,,0,,,,,
𫰰,8,0,0,,,0,,,,,
𫰱,8,0,0,,,0,,,,,
𫰲,8,0,0,,,0,,,,,
𫰳,8,0,0,,,0,,,,,
𫰴,8,0,0,,,0,,,,,
𫰵,8,0,0,,,0,,,,,
𫰶,8,0,0,,,0,,,,,
𫰷,8,0,0,,,0,,,,,
𫰸,8,0,0,,,0,,,,,
𫰹,8,0,0,,,0,,,,,
𫰺,8,0,0,,,0,,,,,
𫰻,8,0,0,,,0,,,,,
𫰼,8,0,0,,,0,,,,,
𫰽,8,0,0,,,0,,,,,
𫰾,8,0,0,,,0,,,,,
𫰿,8,0,0,,,0,,,,,
𫱀,8,0,0,,,0,,,,,
𫱁,8,0,0,,,0,,,,,
𫱂,8,0,0,,,0,,,,,
𫱃,8,0,0,,,0,,,,,
𫱄,8,0,0,,,0,,,,,
𫱅,8,0,0,,,0,,,,,
𫱆,8,0,0,,,0,,,,,
𫱇,8,0,0,,,0,,,,,
𫱈,8,0,0,,かんなぎ,0,,,,,
𫱉,8,0,0,,うわなり,0,,,,,
𫱊,8,0,0,,,0,,,,,
𫱋,8,0,0,,どれあい,0,,,,,
𫱌,8,0,0,,,0,,,,,
𫱍,8,0,0,,,0,,,,,
𫱎,8,0,0,,,0,,,,,
𫱏,8,0,0,,,0,,,,,
𫱐,8,0,0,,,0,,,,,
𫱑,8,0,0,,,0,,,,,
𫱒,8,0,0,,,0,,,,,
𫱓,8,0,0,,,0,,,,,
𫱔,8,0,0,,,0,,,,,
𫱕,8,0,0,,,0,,,,,
𫱖,8,0,0,,,0,,,,,
𫱗,8,0,0,,,0,,,,,
𫱘,8,0,0,,,0,,,,,
𫱙,8,0,0,,,0,,,,,
𫱚,8,0,0,,,0,,,,,
𫱛,8,0,0,,,0,,,,,
𫱜,8,0,0,,,0,,,,,
𫱝,8,0,0,,,0,,,,,
𫱞,8,0,0,,,0,,,,,
𫱟,8,0,0,,,0,,,,,
𫱠,8,0,0,,,0,,,,,
𫱡,8,0,0,,,0,,,,,
𫱢,8,0,0,,,0,,,,,
𫱣,8,0,0,,わずらう,0,,,,,
𫱤,8,0,0,,,0,,,,,
𫱥,8,0,0,,,0,,,,,
𫱦,8,0,0,,,0,,,,,
𫱧,8,0,0,,おどる,0,,,,,
𫱨,8,0,0,,,0,,,,,
𫱩,8,0,0,,,0,,,,,
𫱪,8,0,0,,,0,,,,,
𫱫,8,0,0,,,0,,,,,
𫱬,8,0,0,,,0,,,,,
𫱭,8,0,0,,,0,,,,,
𫱮,8,0,0,,,0,,,,,
𫱯,8,0,0,,,0,,,,,
𫱰,8,0,0,,,0,,,,,
𫱱,8,0,0,,,0,,,,,
𫱲,8,0,0,,,0,,,,,
𫱳,8,0,0,,,0,,,,,
𫱴,8,0,0,,,0,,,,,
𫱵,8,0,0,,,0,,,,,
𫱶,8,0,0,,,0,,,,,
𫱷,8,0,0,,,0,,,,,
𫱸,8,0,0,,,0,,,,,
𫱹,8,0,0,,,0,,,,,
𫱺,8,0,0,,,0,,,,,
𫱻,8,0,0,,なびかす,0,,,,,
𫱼,8,0,0,,,0,,,,,
𫱽,8,0,0,,,0,,,,,
𫱾,8,0,0,,,0,,,,,
𫱿,8,0,0,,,0,,,,,
𫲀,8,0,0,,,0,,,,,
𫲁,8,0,0,,,0,,,,,
𫲂,8,0,0,,,0,,,,,
𫲃,8,0,0,,,0,,,,,
𫲄,8,0,0,,,0,,,,,
𫲅,8,0,0,,,0,,,,,
𫲆,8,0,0,,,0,,,,,
𫲇,8,0,0,,,0,,,,,
𫲈,8,0,0,,,0,,,,,
𫲉,8,0,0,,,0,,,,,
𫲊,8,0,0,,,0,,,,,
𫲋,8,0,0,,,0,,,,,
𫲌,8,0,0,,,0,,,,,
𫲍,8,0,0,,,0,,,,,
𫲎,8,0,0,,,0,,,,,
𫲏,8,0,0,,,0,,,,,
𫲐,8,0,0,,,0,,,,,
𫲑,8,0,0,,,0,,,,,
𫲒,8,0,0,,,0,,,,,
𫲓,8,0,0,,,0,,,,,
𫲔,8,0,0,,,0,,,,,
𫲕,8,0,0,,,0,,,,,
𫲖,8,0,0,,,0,,,,,
𫲗,8,0,0,,,0,,,,,
𫲘,8,0,0,,,0,,,,,
𫲙,8,0,0,,,0,,,,,
𫲚,8,0,0,,,0,,,,,
𫲛,8,0,0,,,0,,,,,
𫲜,8,0,0,,,0,,,,,
𫲝,8,0,0,,,0,,,,,
𫲞,8,0,0,,,0,,,,,
𫲟,8,0,0,,,0,,,,,
𫲠,8,0,0,,,0,,,,,
𫲡,8,0,0,,,0,,,,,
𫲢,8,0,0,,,0,,,,,
𫲣,8,0,0,,,0,,,,,
𫲤,8,0,0,,,0,,,,,
𫲥,8,0,0,,,0,,,,,
𫲦,8,0,0,,,0,,,,,
𫲧,8,0,0,,こがね,0,,,,,
𫲨,8,0,0,,,0,,,,,
𫲩,8,0,0,,わかい,0,,,,,
𫲪,8,0,0,,,0,,,,,
𫲫,8,0,0,,,0,,,,,
𫲬,8,0,0,,,0,,,,,
𫲭,8,0,0,,,0,,,,,
𫲮,8,0,0,,ふし,0,,,,,
𫲯,8,0,0,,,0,,,,,
𫲰,8,0,0,,,0,,,,,
𫲱,8,0,0,,,0,,,,,
𫲲,8,0,0,,,0,,,,,
𫲳,8,0,0,,,0,,,,,
𫲴,8,0,0,,,0,,,,,
𫲵,8,0,0,,みち,0,,,,,
𫲶,8,0,0,,,0,,,,,
𫲷,8,0,0,,,0,,,,,
𫲸,8,0,0,,,0,,,,,
𫲹,8,0,0,,,0,,,,,
𫲺,8,0,0,,,0,,,,,
𫲻,8,0,0,,,0,,,,,
𫲼,8,0,0,,,0,,,,,
𫲽,8,0,0,,,0,,,,,
𫲾,8,0,0,,,0,,,,,
𫲿,8,0,0,,,0,,,,,
𫳀,8,0,0,,,0,,,,,
𫳁,8,0,0,,,0,,,,,
𫳂,8,0,0,,,0,,,,,
𫳃,8,0,0,,,0,,,,,
𫳄,8,0,0,,,0,,,,,
𫳅,8,0,0,,,0,,,,,
𫳆,8,0,0,,,0,,,,,
𫳇,8,0,0,,,0,,,,,
𫳈,8,0,0,,,0,,,,,
𫳉,8,0,0,,,0,,,,,
𫳊,8,0,0,,,0,,,,,
𫳋,8,0,0,,,0,,,,,
𫳌,8,0,0,,,0,,,,,
𫳍,8,0,0,,うつほ うつぼ,0,,,,,
𫳎,8,0,0,,,0,,,,,
𫳏,8,0,0,,,0,,,,,
𫳐,8,0,0,サイ,,0,,,,,
𫳑,8,0,0,,,0,,,,,
𫳒,8,0,0,,,0,,,,,
𫳓,8,0,0,,,0,,,,,
𫳔,8,0,0,,,0,,,,,
𫳕,8,0,0,,,0,,,,,
𫳖,8,0,0,,,0,,,,,
𫳗,8,0,0,,,0,,,,,
𫳘,8,0,0,,,0,,,,,
𫳙,8,0,0,,,0,,,,,
𫳚,8,0,0,,,0,,,,,
𫳛,8,0,0,,,0,,,,,
𫳜,8,0,0,,,0,,,,,
𫳝,8,0,0,,,0,,,,,
𫳞,8,0,0,,,0,,,,,
𫳟,8,0,0,,,0,,,,,
𫳠,8,0,0,,,0,,,,,
𫳡,8,0,0,,,0,,,,,
𫳢,8,0,0,,,0,,,,,
𫳣,8,0,0,,,0,,,,,
𫳤,8,0,0,,,0,,,,,
𫳥,8,0,0,,,0,,,,,
𫳦,8,0,0,,,0,,,,,
𫳧,8,0,0,,,0,,,,,
𫳨,8,0,0,,,0,,,,,
𫳩,8,0,0,,,0,,,,,
𫳪,8,0,0,,,0,,,,,
𫳫,8,0,0,,,0,,,,,
𫳬,8,0,0,,,0,,,,,
𫳭,8,0,0,,,0,,,,,
𫳮,8,0,0,,,0,,,,,
𫳯,8,0,0,,,0,,,,,
𫳰,8,0,0,,,0,,,,,
𫳱,8,0,0,,,0,,,,,
𫳲,8,0,0,,,0,,,,,
𫳳,8,0,0,,,0,,,,,
𫳴,8,0,0,,,0,,,,,
𫳵,8,0,0,,,0,,,,,
𫳶,8,0,0,,,0,,,,,
𫳷,8,0,0,,,0,,,,,
𫳸,8,0,0,,,0,,,,,
𫳹,8,0,0,,,0,,,,,
𫳺,8,0,0,,,0,,,,,
𫳻,8,0,0,,,0,,,,,
𫳼,8,0,0,,,0,,,,,
𫳽,8,0,0,,,0,,,,,
𫳾,8,0,0,,,0,,,,,
𫳿,8,0,0,,,0,,,,,
𫴀,8,0,0,,,0,,,,,
𫴁,8,0,0,,,0,,,,,
𫴂,8,0,0,,,0,,,,,
𫴃,8,0,0,,,0,,,,,
𫴄,8,0,0,,,0,,,,,
𫴅,8,0,0,,,0,,,,,
𫴆,8,0,0,,,0,,,,,
𫴇,8,0,0,,,0,,,,,
𫴈,8,0,0,,,0,,,,,
𫴉,8,0,0,,,0,,,,,
𫴊,8,0,0,,,0,,,,,
𫴋,8,0,0,,,0,,,,,
𫴌,8,0,0,,,0,,,,,
𫴍,8,0,0,,,0,,,,,
𫴎,8,0,0,,,0,,,,,
𫴏,8,0,0,,,0,,,,,
𫴐,8,0,0,,,0,,,,,
𫴑,8,0,0,,,0,,,,,
𫴒,8,0,0,,,0,,,,,
𫴓,8,0,0,,,0,,,,,
𫴔,8,0,0,,,0,,,,,
𫴕,8,0,0,,,0,,,,,
𫴖,8,0,0,,,0,,,,,
𫴗,8,0,0,,,0,,,,,
𫴘,8,0,0,,,0,,,,,
𫴙,8,0,0,,,0,,,,,
𫴚,8,0,0,,,0,,,,,
𫴛,8,0,0,,,0,,,,,
𫴜,8,0,0,,,0,,,,,
𫴝,8,0,0,,,0,,,,,
𫴞,8,0,0,,,0,,,,,
𫴟,8,0,0,,,0,,,,,
𫴠,8,0,0,,,0,,,,,
𫴡,8,0,0,,,0,,,,,
𫴢,8,0,0,,,0,,,,,
𫴣,8,0,0,,,0,,,,,
𫴤,8,0,0,,,0,,,,,
𫴥,8,0,0,,,0,,,,,
𫴦,8,0,0,,,0,,,,,
𫴧,8,0,0,,,0,,,,,
𫴨,8,0,0,,,0,,,,,
𫴩,8,0,0,,,0,,,,,
𫴪,8,0,0,,,0,,,,,
𫴫,8,0,0,,,0,,,,,
𫴬,8,0,0,,,0,,,,,
𫴭,8,0,0,,,0,,,,,
𫴮,8,0,0,,,0,,,,,
𫴯,8,0,0,,,0,,,,,
𫴰,8,0,0,,,0,,,,,
𫴱,8,0,0,,,0,,,,,
𫴲,8,0,0,,,0,,,,,
𫴳,8,0,0,,,0,,,,,
𫴴,8,0,0,,しょう,0,,,,,
𫴵,8,0,0,,,0,,,,,
𫴶,8,0,0,,,0,,,,,
𫴷,8,0,0,,,0,,,,,
𫴸,8,0,0,,,0,,,,,
𫴹,8,0,0,,,0,,,,,
𫴺,8,0,0,,,0,,,,,
𫴻,8,0,0,,,0,,,,,
𫴼,8,0,0,,,0,,,,,
𫴽,8,0,0,,,0,,,,,
𫴾,8,0,0,,,0,,,,,
𫴿,8,0,0,,,0,,,,,
𫵀,8,0,0,,,0,,,,,
𫵁,8,0,0,,,0,,,,,
𫵂,8,0,0,,,0,,,,,
𫵃,8,0,0,,,0,,,,,
𫵄,8,0,0,,,0,,,,,
𫵅,8,0,0,,,0,,,,,
𫵆,8,0,0,,,0,,,,,
𫵇,8,0,0,,,0,,,,,
𫵈,8,0,0,,,0,,,,,
𫵉,8,0,0,,,0,,,,,
𫵊,8,0,0,,,0,,,,,
𫵋,8,0,0,,,0,,,,,
𫵌,8,0,0,,,0,,,,,
𫵍,8,0,0,,,0,,,,,
𫵎,8,0,0,,,0,,,,,
𫵏,8,0,0,,,0,,,,,
𫵐,8,0,0,,,0,,,,,
𫵑,8,0,0,,,0,,,,,
𫵒,8,0,0,,,0,,,,,
𫵓,8,0,0,,,0,,,,,
𫵔,8,0,0,,,0,,,,,
𫵕,8,0,0,,,0,,,,,
𫵖,8,0,0,,,0,,,,,
𫵗,8,0,0,,かいがね,0,,,,,
𫵘,8,0,0,,,0,,,,,
𫵙,8,0,0,,,0,,,,,
𫵚,8,0,0,,,0,,,,,
𫵛,8,0,0,,,0,,,,,
𫵜,8,0,0,,,0,,,,,
𫵝,8,0,0,,,0,,,,,
𫵞,8,0,0,,,0,,,,,
𫵟,8,0,0,,,0,,,,,
𫵠,8,0,0,,,0,,,,,
𫵡,8,0,0,,,0,,,,,
𫵢,8,0,0,,,0,,,,,
𫵣,8,0,0,,,0,,,,,
𫵤,8,0,0,,,0,,,,,
𫵥,8,0,0,,,0,,,,,
𫵦,8,0,0,,,0,,,,,
𫵧,8,0,0,,,0,,,,,
𫵨,8,0,0,,,0,,,,,
𫵩,8,0,0,,わらぐつ,0,,,,,
𫵪,8,0,0,,,0,,,,,
𫵫,8,0,0,,,0,,,,,
𫵬,8,0,0,,,0,,,,,
𫵭,8,0,0,,,0,,,,,
𫵮,8,0,0,,,0,,,,,
𫵯,8,0,0,,,0,,,,,
𫵰,8,0,0,,,0,,,,,
𫵱,8,0,0,,,0,,,,,
𫵲,8,0,0,,,0,,,,,
𫵳,8,0,0,,,0,,,,,
𫵴,8,0,0,,たわ,0,,,,,
𫵵,8,0,0,,,0,,,,,
𫵶,8,0,0,,,0,,,,,
𫵷,8,0,0,,,0,,,,,
𫵸,8,0,0,,,0,,,,,
𫵹,8,0,0,,,0,,,,,
𫵺,8,0,0,,,0,,,,,
𫵻,8,0,0,,,0,,,,,
𫵼,8,0,0,,,0,,,,,
𫵽,8,0,0,,あらし,0,,,,,
𫵾,8,0,0,,,0,,,,,
𫵿,8,0,0,,,0,,,,,
𫶀,8,0,0,,,0,,,,,
𫶁,8,0,0,,,0,,,,,
𫶂,8,0,0,,,0,,,,,
𫶃,8,0,0,,,0,,,,,
𫶄,8,0,0,,,0,,,,,
𫶅,8,0,0,,,0,,,,,
𫶆,8,0,0,,,0,,,,,
𫶇,8,0,0,,,0,,,,,
𫶈,8,0,0,,,0,,,,,
𫶉,8,0,0,,,0,,,,,
𫶊,8,0,0,,,0,,,,,
𫶋,8,0,0,,,0,,,,,
𫶌,8,0,0,,,0,,,,,
𫶍,8,0,0,,,0,,,,,
𫶎,8,0,0,,,0,,,,,
𫶏,8,0,0,,,0,,,,,
𫶐,8,0,0,,,0,,,,,
𫶑,8,0,0,,,0,,,,,
𫶒,8,0,0,,,0,,,,,
𫶓,8,0,0,,,0,,,,,
𫶔,8,0,0,,,0,,,,,
𫶕,8,0,0,,,0,,,,,
𫶖,8,0,0,,,0,,,,,
𫶗,8,0,0,,,0,,,,,
𫶘,8,0,0,,,0,,,,,
𫶙,8,0,0,,わさび,0,,,,,
𫶚,8,0,0,,,0,,,,,
𫶛,8,0,0,,,0,,,,,
𫶜,8,0,0,,,0,,,,,
𫶝,8,0,0,ガン,けわしい いわ,0,,,,,
𫶞,8,0,0,,,0,,,,,
𫶟,8,0,0,,,0,,,,,
𫶠,8,0,0,,そぞろ,0,,,,,
𫶡,8,0,0,,,0,,,,,
𫶢,8,0,0,,,0,,,,,
𫶣,8,0,0,,,0,,,,,
𫶤,8,0,0,,,0,,,,,
𫶥,8,0,0,,,0,,,,,
𫶦,8,0,0,,,0,,,,,
𫶧,8,0,0,クン,,0,,,,,
𫶨,8,0,0,,,0,,,,,
𫶩,8,0,0,,,0,,,,,
𫶪,8,0,0,,,0,,,,,
𫶫,8,0,0,,,0,,,,,
𫶬,8,0,0,,,0,,,,,
𫶭,8,0,0,,,0,,,,,
𫶮,8,0,0,,,0,,,,,
𫶯,8,0,0,,,0,,,,,
𫶰,8,0,0,,,0,,,,,
𫶱,8,0,0,,,0,,,,,
𫶲,8,0,0,,,0,,,,,
𫶳,8,0,0,,,0,,,,,
𫶴,8,0,0,,,0,,,,,
𫶵,8,0,0,,,0,,,,,
𫶶,8,0,0,,,0,,,,,
𫶷,8,0,0,,,0,,,,,
𫶸,8,0,0,,,0,,,,,
𫶹,8,0,0,,,0,,,,,
𫶺,8,0,0,,,0,,,,,
𫶻,8,0,0,,,0,,,,,
𫶼,8,0,0,,,0,,,,,
𫶽,8,0,0,,,0,,,,,
𫶾,8,0,0,,,0,,,,,
𫶿,8,0,0,,,0,,,,,
𫷀,8,0,0,,,0,,,,,
𫷁,8,0,0,,,0,,,,,
𫷂,8,0,0,,,0,,,,,
𫷃,8,0,0,,,0,,,,,
𫷄,8,0,0,,,0,,,,,
𫷅,8,0,0,,,0,,,,,
𫷆,8,0,0,,,0,,,,,
𫷇,8,0,0,,,0,,,,,
𫷈,8,0,0,,,0,,,,,
𫷉,8,0,0,,,0,,,,,
𫷊,8,0,0,シン,つつしむ,0,,,,,
𫷋,8,0,0,,,0,,,,,
𫷌,8,0,0,,,0,,,,,
𫷍,8,0,0,,,0,,,,,
𫷎,8,0,0,,,0,,,,,
𫷏,8,0,0,,,0,,,,,
𫷐,8,0,0,,,0,,,,,
𫷑,8,0,0,,は,0,,,,,
𫷒,8,0,0,,ずきん,0,,,,,
𫷓,8,0,0,,,0,,,,,
𫷔,8,0,0,,,0,,,,,
𫷕,8,0,0,,,0,,,,,
𫷖,8,0,0,,,0,,,,,
𫷗,8,0,0,,,0,,,,,
𫷘,8,0,0,,,0,,,,,
𫷙,8,0,0,,,0,,,,,
𫷚,8,0,0,,,0,,,,,
𫷛,8,0,0,,,0,,,,,
𫷜,8,0,0,,,0,,,,,
𫷝,8,0,0,,,0,,,,,
𫷞,8,0,0,,,0,,,,,
𫷟,8,0,0,,,0,,,,,
𫷠,8,0,0,,,0,,,,,
𫷡,8,0,0,,,0,,,,,
𫷢,8,0,0,,,0,,,,,
𫷣,8,0,0,,,0,,,,,
𫷤,8,0,0,,,0,,,,,
𫷥,8,0,0,,,0,,,,,
𫷦,8,0,0,,,0,,,,,
𫷧,8,0,0,,,0,,,,,
𫷨,8,0,0,,,0,,,,,
𫷩,8,0,0,,,0,,,,,
𫷪,8,0,0,,,0,,,,,
𫷫,8,0,0,,,0,,,,,
𫷬,8,0,0,,,0,,,,,
𫷭,8,0,0,,,0,,,,,
𫷮,8,0,0,,,0,,,,,
𫷯,8,0,0,,,0,,,,,
𫷰,8,0,0,,,0,,,,,
𫷱,8,0,0,,,0,,,,,
𫷲,8,0,0,,,0,,,,,
𫷳,8,0,0,,,0,,,,,
𫷴,8,0,0,,,0,,,,,
𫷵,8,0,0,,,0,,,,,
𫷶,8,0,0,,,0,,,,,
𫷷,8,0,0,,,0,,,,,
𫷸,8,0,0,,,0,,,,,
𫷹,8,0,0,,,0,,,,,
𫷺,8,0,0,,,0,,,,,
𫷻,8,0,0,,,0,,,,,
𫷼,8,0,0,,,0,,,,,
𫷽,8,0,0,,,0,,,,,
𫷾,8,0,0,,,0,,,,,
𫷿,8,0,0,,,0,,,,,
𫸀,8,0,0,,,0,,,,,
𫸁,8,0,0,,,0,,,,,
𫸂,8,0,0,,,0,,,,,
𫸃,8,0,0,,,0,,,,,
𫸄,8,0,0,,,0,,,,,
𫸅,8,0,0,,,0,,,,,
𫸆,8,0,0,,,0,,,,,
𫸇,8,0,0,,,0,,,,,
𫸈,8,0,0,,,0,,,,,
𫸉,8,0,0,,,0,,,,,
𫸊,8,0,0,,,0,,,,,
𫸋,8,0,0,,,0,,,,,
𫸌,8,0,0,,,0,,,,,
𫸍,8,0,0,,,0,,,,,
𫸎,8,0,0,,,0,,,,,
𫸏,8,0,0,,,0,,,,,
𫸐,8,0,0,,,0,,,,,
𫸑,8,0,0,,,0,,,,,
𫸒,8,0,0,,,0,,,,,
𫸓,8,0,0,,,0,,,,,
𫸔,8,0,0,,,0,,,,,
𫸕,8,0,0,,,0,,,,,
𫸖,8,0,0,,,0,,,,,
𫸗,8,0,0,,,0,,,,,
𫸘,8,0,0,,,0,,,,,
𫸙,8,0,0,,,0,,,,,
𫸚,8,0,0,,,0,,,,,
𫸛,8,0,0,,,0,,,,,
𫸜,8,0,0,,,0,,,,,
𫸝,8,0,0,,,0,,,,,
𫸞,8,0,0,,,0,,,,,
𫸟,8,0,0,,,0,,,,,
𫸠,8,0,0,,,0,,,,,
𫸡,8,0,0,,,0,,,,,
𫸢,8,0,0,,,0,,,,,
𫸣,8,0,0,,,0,,,,,
𫸤,8,0,0,,,0,,,,,
𫸥,8,0,0,,,0,,,,,
𫸦,8,0,0,,,0,,,,,
𫸧,8,0,0,,,0,,,,,
𫸨,8,0,0,,ぶっちょう,0,,,,,
𫸩,8,0,0,,,0,,,,,
𫸪,8,0,0,,,0,,,,,
𫸫,8,0,0,,,0,,,,,
𫸬,8,0,0,,,0,,,,,
𫸭,8,0,0,,,0,,,,,
𫸮,8,0,0,,,0,,,,,
𫸯,8,0,0,,,0,,,,,
𫸰,8,0,0,,,0,,,,,
𫸱,8,0,0,,,0,,,,,
𫸲,8,0,0,,,0,,,,,
𫸳,8,0,0,,,0,,,,,
𫸴,8,0,0,,,0,,,,,
𫸵,8,0,0,,,0,,,,,
𫸶,8,0,0,,,0,,,,,
𫸷,8,0,0,,,0,,,,,
𫸸,8,0,0,,,0,,,,,
𫸹,8,0,0,,,0,,,,,
𫸺,8,0,0,,,0,,,,,
𫸻,8,0,0,,,0,,,,,
𫸼,8,0,0,,,0,,,,,
𫸽,8,0,0,,,0,,,,,
𫸾,8,0,0,,ゆんぜい,0,,,,,
𫸿,8,0,0,,,0,,,,,
𫹀,8,0,0,,,0,,,,,
𫹁,8,0,0,,,0,,,,,
𫹂,8,0,0,,,0,,,,,
𫹃,8,0,0,,,0,,,,,
𫹄,8,0,0,,,0,,,,,
𫹅,8,0,0,,,0,,,,,
𫹆,8,0,0,,,0,,,,,
𫹇,8,0,0,,,0,,,,,
𫹈,8,0,0,,,0,,,,,
𫹉,8,0,0,,,0,,,,,
𫹊,8,0,0,,,0,,,,,
𫹋,8,0,0,,,0,,,,,
𫹌,8,0,0,,,0,,,,,
𫹍,8,0,0,,,0,,,,,
𫹎,8,0,0,,,0,,,,,
𫹏,8,0,0,,,0,,,,,
𫹐,8,0,0,,,0,,,,,
𫹑,8,0,0,,,0,,,,,
𫹒,8,0,0,,,0,,,,,
𫹓,8,0,0,,ゆく,0,,,,,
𫹔,8,0,0,,,0,,,,,
𫹕,8,0,0,,,0,,,,,
𫹖,8,0,0,,,0,,,,,
𫹗,8,0,0,,,0,,,,,
𫹘,8,0,0,,,0,,,,,
𫹙,8,0,0,,,0,,,,,
𫹚,8,0,0,,,0,,,,,
𫹛,8,0,0,,,0,,,,,
𫹜,8,0,0,,,0,,,,,
𫹝,8,0,0,,,0,,,,,
𫹞,8,0,0,,,0,,,,,
𫹟,8,0,0,,,0,,,,,
𫹠,8,0,0,,,0,,,,,
𫹡,8,0,0,,,0,,,,,
𫹢,8,0,0,,,0,,,,,
𫹣,8,0,0,,,0,,,,,
𫹤,8,0,0,,,0,,,,,
𫹥,8,0,0,,,0,,,,,
𫹦,8,0,0,,,0,,,,,
𫹧,8,0,0,,けつ,0,,,,,
𫹨,8,0,0,,こう,0,,,,,
𫹩,8,0,0,,,0,,,,,
𫹪,8,0,0,,,0,,,,,
𫹫,8,0,0,,,0,,,,,
𫹬,8,0,0,,,0,,,,,
𫹭,8,0,0,,,0,,,,,
𫹮,8,0,0,,,0,,,,,
𫹯,8,0,0,,,0,,,,,
𫹰,8,0,0,,,0,,,,,
𫹱,8,0,0,,,0,,,,,
𫹲,8,0,0,,,0,,,,,
𫹳,8,0,0,,,0,,,,,
𫹴,8,0,0,,,0,,,,,
𫹵,8,0,0,,,0,,,,,
𫹶,8,0,0,,,0,,,,,
𫹷,8,0,0,,,0,,,,,
𫹸,8,0,0,,,0,,,,,
𫹹,8,0,0,,,0,,,,,
𫹺,8,0,0,,,0,,,,,
𫹻,8,0,0,,,0,,,,,
𫹼,8,0,0,,,0,,,,,
𫹽,8,0,0,,,0,,,,,
𫹾,8,0,0,,,0,,,,,
𫹿,8,0,0,,,0,,,,,
𫺀,8,0,0,,,0,,,,,
𫺁,8,0,0,,,0,,,,,
𫺂,8,0,0,,,0,,,,,
𫺃,8,0,0,,,0,,,,,
𫺄,8,0,0,,,0,,,,,
𫺅,8,0,0,,,0,,,,,
𫺆,8,0,0,,,0,,,,,
𫺇,8,0,0,,,0,,,,,
𫺈,8,0,0,,,0,,,,,
𫺉,8,0,0,,,0,,,,,
𫺊,8,0,0,,,0,,,,,
𫺋,8,0,0,,,0,,,,,
𫺌,8,0,0,,,0,,,,,
𫺍,8,0,0,,,0,,,,,
𫺎,8,0,0,,,0,,,,,
𫺏,8,0,0,,いたみうれえる,0,,,,,
𫺐,8,0,0,,,0,,,,,
𫺑,8,0,0,,,0,,,,,
𫺒,8,0,0,,,0,,,,,
𫺓,8,0,0,,,0,,,,,
𫺔,8,0,0,クン,,0,,,,,
𫺕,8,0,0,,,0,,,,,
𫺖,8,0,0,,,0,,,,,
𫺗,8,0,0,,なまじい,0,,,,,
𫺘,8,0,0,,,0,,,,,
𫺙,8,0,0,,,0,,,,,
𫺚,8,0,0,,,0,,,,,
𫺛,8,0,0,,,0,,,,,
𫺜,8,0,0,,,0,,,,,
𫺝,8,0,0,,,0,,,,,
𫺞,8,0,0,,,0,,,,,
𫺟,8,0,0,,,0,,,,,
𫺠,8,0,0,,,0,,,,,
𫺡,8,0,0,,,0,,,,,
𫺢,8,0,0,,,0,,,,,
𫺣,8,0,0,,,0,,,,,
𫺤,8,0,0,,,0,,,,,
𫺥,8,0,0,,,0,,,,,
𫺦,8,0,0,,,0,,,,,
𫺧,8,0,0,,,0,,,,,
𫺨,8,0,0,,,0,,,,,
𫺩,8,0,0,,,0,,,,,
𫺪,8,0,0,,,0,,,,,
𫺫,8,0,0,,,0,,,,,
𫺬,8,0,0,,,0,,,,,
𫺭,8,0,0,,おこたる,0,,,,,
𫺮,8,0,0,,,0,,,,,
𫺯,8,0,0,,,0,,,,,
𫺰,8,0,0,,,0,,,,,
𫺱,8,0,0,,,0,,,,,
𫺲,8,0,0,,,0,,,,,
𫺳,8,0,0,,,0,,,,,
𫺴,8,0,0,,,0,,,,,
𫺵,8,0,0,,,0,,,,,
𫺶,8,0,0,,,0,,,,,
𫺷,8,0,0,,,0,,,,,
𫺸,8,0,0,,,0,,,,,
𫺹,8,0,0,,,0,,,,,
𫺺,8,0,0,,,0,,,,,
𫺻,8,0,0,,,0,,,,,
𫺼,8,0,0,,,0,,,,,
𫺽,8,0,0,,,0,,,,,
𫺾,8,0,0,,,0,,,,,
𫺿,8,0,0,,,0,,,,,
𫻀,8,0,0,,,0,,,,,
𫻁,8,0,0,,,0,,,,,
𫻂,8,0,0,,,0,,,,,
𫻃,8,0,0,ダ,くずれる,0,,,,,
𫻄,8,0,0,,,0,,,,,
𫻅,8,0,0,,,0,,,,,
𫻆,8,0,0,,,0,,,,,
𫻇,8,0,0,,,0,,,,,
𫻈,8,0,0,,,0,,,,,
𫻉,8,0,0,,,0,,,,,
𫻊,8,0,0,,,0,,,,,
𫻋,8,0,0,,,0,,,,,
𫻌,8,0,0,,,0,,,,,
𫻍,8,0,0,,,0,,,,,
𫻎,8,0,0,,,0,,,,,
𫻏,8,0,0,,,0,,,,,
𫻐,8,0,0,,,0,,,,,
𫻑,8,0,0,,,0,,,,,
𫻒,8,0,0,,,0,,,,,
𫻓,8,0,0,,,0,,,,,
𫻔,8,0,0,,,0,,,,,
𫻕,8,0,0,,,0,,,,,
𫻖,8,0,0,,,0,,,,,
𫻗,8,0,0,,,0,,,,,
𫻘,8,0,0,,,0,,,,,
𫻙,8,0,0,,,0,,,,,
𫻚,8,0,0,,,0,,,,,
𫻛,8,0,0,,すずろに,0,,,,,
𫻜,8,0,0,,,0,,,,,
𫻝,8,0,0,,,0,,,,,
𫻞,8,0,0,,,0,,,,,
𫻟,8,0,0,,,0,,,,,
𫻠,8,0,0,,,0,,,,,
𫻡,8,0,0,,,0,,,,,
𫻢,8,0,0,,,0,,,,,
𫻣,8,0,0,,,0,,,,,
𫻤,8,0,0,,,0,,,,,
𫻥,8,0,0,,ほだし,0,,,,,
𫻦,8,0,0,,,0,,,,,
𫻧,8,0,0,,おさめる,0,,,,,
𫻨,8,0,0,,,0,,,,,
𫻩,8,0,0,,,0,,,,,
𫻪,8,0,0,,,0,,,,,
𫻫,8,0,0,,,0,,,,,
𫻬,8,0,0,,,0,,,,,
𫻭,8,0,0,,,0,,,,,
𫻮,8,0,0,,,0,,,,,
𫻯,8,0,0,,,0,,,,,
𫻰,8,0,0,,,0,,,,,
𫻱,8,0,0,,,0,,,,,
𫻲,8,0,0,,,0,,,,,
𫻳,8,0,0,,,0,,,,,
𫻴,8,0,0,,,0,,,,,
𫻵,8,0,0,,,0,,,,,
𫻶,8,0,0,,,0,,,,,
𫻷,8,0,0,,,0,,,,,
𫻸,8,0,0,,,0,,,,,
𫻹,8,0,0,,,0,,,,,
𫻺,8,0,0,,,0,,,,,
𫻻,8,0,0,,,0,,,,,
𫻼,8,0,0,,,0,,,,,
𫻽,8,0,0,,,0,,,,,
𫻾,8,0,0,,,0,,,,,
𫻿,8,0,0,,,0,,,,,
𫼀,8,0,0,,,0,,,,,
𫼁,8,0,0,,,0,,,,,
𫼂,8,0,0,,,0,,,,,
𫼃,8,0,0,,,0,,,,,
𫼄,8,0,0,,,0,,,,,
𫼅,8,0,0,,,0,,,,,
𫼆,8,0,0,,,0,,,,,
𫼇,8,0,0,,,0,,,,,
𫼈,8,0,0,,,0,,,,,
𫼉,8,0,0,,,0,,,,,
𫼊,8,0,0,,,0,,,,,
𫼋,8,0,0,,のたれ,0,,,,,
𫼌,8,0,0,,,0,,,,,
𫼍,8,0,0,,,0,,,,,
𫼎,8,0,0,,,0,,,,,
𫼏,8,0,0,,,0,,,,,
𫼐,8,0,0,,,0,,,,,
𫼑,8,0,0,,,0,,,,,
𫼒,8,0,0,,,0,,,,,
𫼓,8,0,0,,まら,0,,,,,
𫼔,8,0,0,,,0,,,,,
𫼕,8,0,0,,,0,,,,,
𫼖,8,0,0,,,0,,,,,
𫼗,8,0,0,,,0,,,,,
𫼘,8,0,0,,,0,,,,,
𫼙,8,0,0,,,0,,,,,
𫼚,8,0,0,,,0,,,,,
𫼛,8,0,0,,,0,,,,,
𫼜,8,0,0,,,0,,,,,
𫼝,8,0,0,,,0,,,,,
𫼞,8,0,0,,,0,,,,,
𫼟,8,0,0,,,0,,,,,
𫼠,8,0,0,,,0,,,,,
𫼡,8,0,0,,,0,,,,,
𫼢,8,0,0,,,0,,,,,
𫼣,8,0,0,,,0,,,,,
𫼤,8,0,0,,,0,,,,,
𫼥,8,0,0,,,0,,,,,
𫼦,8,0,0,,,0,,,,,
𫼧,8,0,0,,,0,,,,,
𫼨,8,0,0,,,0,,,,,
𫼩,8,0,0,,,0,,,,,
𫼪,8,0,0,,,0,,,,,
𫼫,8,0,0,,,0,,,,,
𫼬,8,0,0,,,0,,,,,
𫼭,8,0,0,,,0,,,,,
𫼮,8,0,0,,,0,,,,,
𫼯,8,0,0,,,0,,,,,
𫼰,8,0,0,,,0,,,,,
𫼱,8,0,0,,,0,,,,,
𫼲,8,0,0,,,0,,,,,
𫼳,8,0,0,,こぼす,0,,,,,
𫼴,8,0,0,,,0,,,,,
𫼵,8,0,0,,,0,,,,,
𫼶,8,0,0,,,0,,,,,
𫼷,8,0,0,,,0,,,,,
𫼸,8,0,0,,,0,,,,,
𫼹,8,0,0,,,0,,,,,
𫼺,8,0,0,,,0,,,,,
𫼻,8,0,0,,,0,,,,,
𫼼,8,0,0,,,0,,,,,
𫼽,8,0,0,,,0,,,,,
𫼾,8,0,0,,,0,,,,,
𫼿,8,0,0,,,0,,,,,
𫽀,8,0,0,,,0,,,,,
𫽁,8,0,0,,,0,,,,,
𫽂,8,0,0,,,0,,,,,
𫽃,8,0,0,,,0,,,,,
𫽄,8,0,0,,,0,,,,,
𫽅,8,0,0,,,0,,,,,
𫽆,8,0,0,,,0,,,,,
𫽇,8,0,0,,,0,,,,,
𫽈,8,0,0,,,0,,,,,
𫽉,8,0,0,,,0,,,,,
𫽊,8,0,0,,,0,,,,,
𫽋,8,0,0,,,0,,,,,
𫽌,8,0,0,,,0,,,,,
𫽍,8,0,0,,,0,,,,,
𫽎,8,0,0,,,0,,,,,
𫽏,8,0,0,,,0,,,,,
𫽐,8,0,0,,,0,,,,,
𫽑,8,0,0,,,0,,,,,
𫽒,8,0,0,,,0,,,,,
𫽓,8,0,0,,,0,,,,,
𫽔,8,0,0,,,0,,,,,
𫽕,8,0,0,,,0,,,,,
𫽖,8,0,0,,,0,,,,,
𫽗,8,0,0,,,0,,,,,
𫽘,8,0,0,,,0,,,,,
𫽙,8,0,0,,,0,,,,,
𫽚,8,0,0,,,0,,,,,
𫽛,8,0,0,,,0,,,,,
𫽜,8,0,0,,,0,,,,,
𫽝,8,0,0,,,0,,,,,
𫽞,8,0,0,,,0,,,,,
𫽟,8,0,0,,,0,,,,,
𫽠,8,0,0,,,0,,,,,
𫽡,8,0,0,,,0,,,,,
𫽢,8,0,0,,,0,,,,,
𫽣,8,0,0,,,0,,,,,
𫽤,8,0,0,,,0,,,,,
𫽥,8,0,0,,,0,,,,,
𫽦,8,0,0,,,0,,,,,
𫽧,8,0,0,,,0,,,,,
𫽨,8,0,0,,,0,,,,,
𫽩,8,0,0,,,0,,,,,
𫽪,8,0,0,,ぬる,0,,,,,
𫽫,8,0,0,,,0,,,,,
𫽬,8,0,0,,みずぐるま,0,,,,,
𫽭,8,0,0,,,0,,,,,
𫽮,8,0,0,,,0,,,,,
𫽯,8,0,0,,,0,,,,,
𫽰,8,0,0,,,0,,,,,
𫽱,8,0,0,,,0,,,,,
𫽲,8,0,0,,,0,,,,,
𫽳,8,0,0,,,0,,,,,
𫽴,8,0,0,,,0,,,,,
𫽵,8,0,0,,,0,,,,,
𫽶,8,0,0,,,0,,,,,
𫽷,8,0,0,,,0,,,,,
𫽸,8,0,0,,,0,,,,,
𫽹,8,0,0,,,0,,,,,
𫽺,8,0,0,,,0,,,,,
𫽻,8,0,0,,,0,,,,,
𫽼,8,0,0,,,0,,,,,
𫽽,8,0,0,,,0,,,,,
𫽾,8,0,0,,,0,,,,,
𫽿,8,0,0,,,0,,,,,
𫾀,8,0,0,,,0,,,,,
𫾁,8,0,0,,,0,,,,,
𫾂,8,0,0,,,0,,,,,
𫾃,8,0,0,,,0,,,,,
𫾄,8,0,0,,,0,,,,,
𫾅,8,0,0,,さばく,0,,,,,
𫾆,8,0,0,,,0,,,,,
𫾇,8,0,0,,,0,,,,,
𫾈,8,0,0,,,0,,,,,
𫾉,8,0,0,,,0,,,,,
𫾊,8,0,0,,,0,,,,,
𫾋,8,0,0,,,0,,,,,
𫾌,8,0,0,,,0,,,,,
𫾍,8,0,0,,,0,,,,,
𫾎,8,0,0,,,0,,,,,
𫾏,8,0,0,,,0,,,,,
𫾐,8,0,0,,,0,,,,,
𫾑,8,0,0,,,0,,,,,
𫾒,8,0,0,,むずと,0,,,,,
𫾓,8,0,0,,,0,,,,,
𫾔,8,0,0,,,0,,,,,
𫾕,8,0,0,,,0,,,,,
𫾖,8,0,0,,,0,,,,,
𫾗,8,0,0,,,0,,,,,
𫾘,8,0,0,,,0,,,,,
𫾙,8,0,0,,,0,,,,,
𫾚,8,0,0,,,0,,,,,
𫾛,8,0,0,,,0,,,,,
𫾜,8,0,0,,,0,,,,,
𫾝,8,0,0,,,0,,,,,
𫾞,8,0,0,,,0,,,,,
𫾟,8,0,0,,,0,,,,,
𫾠,8,0,0,,,0,,,,,
𫾡,8,0,0,,,0,,,,,
𫾢,8,0,0,,,0,,,,,
𫾣,8,0,0,,,0,,,,,
𫾤,8,0,0,,,0,,,,,
𫾥,8,0,0,,,0,,,,,
𫾦,8,0,0,,,0,,,,,
𫾧,8,0,0,,,0,,,,,
𫾨,8,0,0,,,0,,,,,
𫾩,8,0,0,,,0,,,,,
𫾪,8,0,0,,,0,,,,,
𫾫,8,0,0,,,0,,,,,
𫾬,8,0,0,,,0,,,,,
𫾭,8,0,0,チュウ,,0,,,,,
𫾮,8,0,0,,,0,,,,,
𫾯,8,0,0,,,0,,,,,
𫾰,8,0,0,,,0,,,,,
𫾱,8,0,0,,,0,,,,,
𫾲,8,0,0,,,0,,,,,
𫾳,8,0,0,,,0,,,,,
𫾴,8,0,0,,,0,,,,,
𫾵,8,0,0,,,0,,,,,
𫾶,8,0,0,,,0,,,,,
𫾷,8,0,0,,,0,,,,,
𫾸,8,0,0,,,0,,,,,
𫾹,8,0,0,,,0,,,,,
𫾺,8,0,0,,,0,,,,,
𫾻,8,0,0,イ,,0,,,,,
𫾼,8,0,0,,,0,,,,,
𫾽,8,0,0,,,0,,,,,
𫾾,8,0,0,,,0,,,,,
𫾿,8,0,0,,,0,,,,,
𫿀,8,0,0,,,0,,,,,
𫿁,8,0,0,,,0,,,,,
𫿂,8,0,0,,,0,,,,,
𫿃,8,0,0,,,0,,,,,
𫿄,8,0,0,,,0,,,,,
𫿅,8,0,0,,,0,,,,,
𫿆,8,0,0,,,0,,,,,
𫿇,8,0,0,,,0,,,,,
𫿈,8,0,0,,,0,,,,,
𫿉,8,0,0,,,0,,,,,
𫿊,8,0,0,,,0,,,,,
𫿋,8,0,0,,,0,,,,,
𫿌,8,0,0,,,0,,,,,
𫿍,8,0,0,,,0,,,,,
𫿎,8,0,0,,,0,,,,,
𫿏,8,0,0,,,0,,,,,
𫿐,8,0,0,,,0,,,,,
𫿑,8,0,0,,,0,,,,,
𫿒,8,0,0,,,0,,,,,
𫿓,8,0,0,,,0,,,,,
𫿔,8,0,0,,,0,,,,,
𫿕,8,0,0,,,0,,,,,
𫿖,8,0,0,,,0,,,,,
𫿗,8,0,0,,,0,,,,,
𫿘,8,0,0,,,0,,,,,
𫿙,8,0,0,,,0,,,,,
𫿚,8,0,0,,,0,,,,,
𫿛,8,0,0,,,0,,,,,
𫿜,8,0,0,,,0,,,,,
𫿝,8,0,0,,,0,,,,,
𫿞,8,0,0,,,0,,,,,
𫿟,8,0,0,,,0,,,,,
𫿠,8,0,0,,,0,,,,,
𫿡,8,0,0,,,0,,,,,
𫿢,8,0,0,,,0,,,,,
𫿣,8,0,0,,,0,,,,,
𫿤,8,0,0,,,0,,,,,
𫿥,8,0,0,,,0,,,,,
𫿦,8,0,0,,,0,,,,,
𫿧,8,0,0,,,0,,,,,
𫿨,8,0,0,,,0,,,,,
𫿩,8,0,0,,,0,,,,,
𫿪,8,0,0,,,0,,,,,
𫿫,8,0,0,,,0,,,,,
𫿬,8,0,0,,,0,,,,,
𫿭,8,0,0,,さい,0,,,,,
𫿮,8,0,0,,,0,,,,,
𫿯,8,0,0,,,0,,,,,
𫿰,8,0,0,,,0,,,,,
𫿱,8,0,0,,,0,,,,,
𫿲,8,0,0,,,0,,,,,
𫿳,8,0,0,,,0,,,,,
𫿴,8,0,0,,,0,,,,,
𫿵,8,0,0,,,0,,,,,
𫿶,8,0,0,,,0,,,,,
𫿷,8,0,0,,,0,,,,,
𫿸,8,0,0,,,0,,,,,
𫿹,8,0,0,,,0,,,,,
𫿺,8,0,0,,,0,,,,,
𫿻,8,0,0,,,0,,,,,
𫿼,8,0,0,,,0,,,,,
𫿽,8,0,0,,,0,,,,,
𫿾,8,0,0,,うれしい,0,,,,,
𫿿,8,0,0,,,0,,,,,
𬀀,8,0,0,,,0,,,,,
𬀁,8,0,0,,,0,,,,,
𬀂,8,0,0,,,0,,,,,
𬀃,8,0,0,,,0,,,,,
𬀄,8,0,0,,,0,,,,,
𬀅,8,0,0,,,0,,,,,
𬀆,8,0,0,,,0,,,,,
𬀇,8,0,0,,,0,,,,,
𬀈,8,0,0,,,0,,,,,
𬀉,8,0,0,,,0,,,,,
𬀊,8,0,0,,,0,,,,,
𬀋,8,0,0,,,0,,,,,
𬀌,8,0,0,,,0,,,,,
𬀍,8,0,0,,,0,,,,,
𬀎,8,0,0,,,0,,,,,
𬀏,8,0,0,,,0,,,,,
𬀐,8,0,0,,,0,,,,,
𬀑,8,0,0,,,0,,,,,
𬀒,8,0,0,,,0,,,,,
𬀓,8,0,0,,,0,,,,,
𬀔,8,0,0,,,0,,,,,
𬀕,8,0,0,,,0,,,,,
𬀖,8,0,0,,,0,,,,,
𬀗,8,0,0,,ゆがけ,0,,,,,
𬀘,8,0,0,,,0,,,,,
𬀙,8,0,0,,,0,,,,,
𬀚,8,0,0,,,0,,,,,
𬀛,8,0,0,,,0,,,,,
𬀜,8,0,0,,,0,,,,,
𬀝,8,0,0,,,0,,,,,
𬀞,8,0,0,,,0,,,,,
𬀟,8,0,0,,,0,,,,,
𬀠,8,0,0,,,0,,,,,
𬀡,8,0,0,,,0,,,,,
𬀢,8,0,0,,,0,,,,,
𬀣,8,0,0,,,0,,,,,
𬀤,8,0,0,,,0,,,,,
𬀥,8,0,0,,,0,,,,,
𬀦,8,0,0,,,0,,,,,
𬀧,8,0,0,,くさか,0,,,,,
𬀨,8,0,0,,,0,,,,,
𬀩,8,0,0,,,0,,,,,
𬀪,8,0,0,,,0,,,,,
𬀫,8,0,0,,,0,,,,,
𬀬,8,0,0,,ひこ,0,,,,,
𬀭,8,0,0,,,0,,,,,
𬀮,8,0,0,,,0,,,,,
𬀯,8,0,0,,,0,,,,,
𬀰,8,0,0,,,0,,,,,
𬀱,8,0,0,,,0,,,,,
𬀲,8,0,0,,,0,,,,,
𬀳,8,0,0,,,0,,,,,
𬀴,8,0,0,,,0,,,,,
𬀵,8,0,0,,,0,,,,,
𬀶,8,0,0,,,0,,,,,
𬀷,8,0,0,,,0,,,,,
𬀸,8,0,0,,,0,,,,,
𬀹,8,0,0,,,0,,,,,
𬀺,8,0,0,,,0,,,,,
𬀻,8,0,0,リク ボク モク ムツ,むつまじい,0,,,,,
𬀼,8,0,0,,,0,,,,,
𬀽,8,0,0,,,0,,,,,
𬀾,8,0,0,,,0,,,,,
𬀿,8,0,0,,,0,,,,,
𬁀,8,0,0,,,0,,,,,
𬁁,8,0,0,,,0,,,,,
𬁂,8,0,0,,,0,,,,,
𬁃,8,0,0,,,0,,,,,
𬁄,8,0,0,,,0,,,,,
𬁅,8,0,0,,,0,,,,,
𬁆,8,0,0,,,0,,,,,
𬁇,8,0,0,,,0,,,,,
𬁈,8,0,0,,,0,,,,,
𬁉,8,0,0,,,0,,,,,
𬁊,8,0,0,,,0,,,,,
𬁋,8,0,0,,,0,,,,,
𬁌,8,0,0,,,0,,,,,
𬁍,8,0,0,,,0,,,,,
𬁎,8,0,0,,,0,,,,,
𬁏,8,0,0,,,0,,,,,
𬁐,8,0,0,,,0,,,,,
𬁑,8,0,0,,,0,,,,,
𬁒,8,0,0,,,0,,,,,
𬁓,8,0,0,,,0,,,,,
𬁔,8,0,0,,,0,,,,,
𬁕,8,0,0,,,0,,,,,
𬁖,8,0,0,,,0,,,,,
𬁗,8,0,0,,,0,,,,,
𬁘,8,0,0,,,0,,,,,
𬁙,8,0,0,,,0,,,,,
𬁚,8,0,0,,,0,,,,,
𬁛,8,0,0,,,0,,,,,
𬁜,8,0,0,,,0,,,,,
𬁝,8,0,0,,,0,,,,,
𬁞,8,0,0,,,0,,,,,
𬁟,8,0,0,,,0,,,,,
𬁠,8,0,0,,,0,,,,,
𬁡,8,0,0,,,0,,,,,
𬁢,8,0,0,,,0,,,,,
𬁣,8,0,0,,,0,,,,,
𬁤,8,0,0,,,0,,,,,
𬁥,8,0,0,,,0,,,,,
𬁦,8,0,0,,,0,,,,,
𬁧,8,0,0,,,0,,,,,
𬁨,8,0,0,,,0,,,,,
𬁩,8,0,0,,,0,,,,,
𬁪,8,0,0,,,0,,,,,
𬁫,8,0,0,,,0,,,,,
𬁬,8,0,0,,,0,,,,,
𬁭,8,0,0,,,0,,,,,
𬁮,8,0,0,,,0,,,,,
𬁯,8,0,0,,,0,,,,,
𬁰,8,0,0,,,0,,,,,
𬁱,8,0,0,,,0,,,,,
𬁲,8,0,0,,,0,,,,,
𬁳,8,0,0,,,0,,,,,
𬁴,8,0,0,,,0,,,,,
𬁵,8,0,0,,,0,,,,,
𬁶,8,0,0,,,0,,,,,
𬁷,8,0,0,,,0,,,,,
𬁸,8,0,0,,,0,,,,,
𬁹,8,0,0,,,0,,,,,
𬁺,8,0,0,,,0,,,,,
𬁻,8,0,0,,,0,,,,,
𬁼,8,0,0,,,0,,,,,
𬁽,8,0,0,,,0,,,,,
𬁾,8,0,0,,,0,,,,,
𬁿,8,0,0,,,0,,,,,
𬂀,8,0,0,,,0,,,,,
𬂁,8,0,0,,,0,,,,,
𬂂,8,0,0,,,0,,,,,
𬂃,8,0,0,,う,0,,,,,
𬂄,8,0,0,,,0,,,,,
𬂅,8,0,0,,,0,,,,,
𬂆,8,0,0,,,0,,,,,
𬂇,8,0,0,,,0,,,,,
𬂈,8,0,0,,,0,,,,,
𬂉,8,0,0,,,0,,,,,
𬂊,8,0,0,,,0,,,,,
𬂋,8,0,0,,,0,,,,,
𬂌,8,0,0,,,0,,,,,
𬂍,8,0,0,,,0,,,,,
𬂎,8,0,0,,,0,,,,,
𬂏,8,0,0,,,0,,,,,
𬂐,8,0,0,,,0,,,,,
𬂑,8,0,0,,,0,,,,,
𬂒,8,0,0,,,0,,,,,
𬂓,8,0,0,,,0,,,,,
𬂔,8,0,0,,,0,,,,,
𬂕,8,0,0,,,0,,,,,
𬂖,8,0,0,,,0,,,,,
𬂗,8,0,0,,はれる,0,,,,,
𬂘,8,0,0,,,0,,,,,
𬂙,8,0,0,,,0,,,,,
𬂚,8,0,0,,,0,,,,,
𬂛,8,0,0,,えだなし,0,,,,,
𬂜,8,0,0,,ほだ,0,,,,,
𬂝,8,0,0,,,0,,,,,
𬂞,8,0,0,,,0,,,,,
𬂟,8,0,0,,またぎ,0,,,,,
𬂠,8,0,0,,くいぜ,0,,,,,
𬂡,8,0,0,,ひ,0,,,,,
𬂢,8,0,0,,,0,,,,,
𬂣,8,0,0,,,0,,,,,
𬂤,8,0,0,,,0,,,,,
𬂥,8,0,0,,,0,,,,,
𬂦,8,0,0,,,0,,,,,
𬂧,8,0,0,,,0,,,,,
𬂨,8,0,0,,,0,,,,,
𬂩,8,0,0,,,0,,,,,
𬂪,8,0,0,,,0,,,,,
𬂫,8,0,0,,,0,,,,,
𬂬,8,0,0,,かせ,0,,,,,
𬂭,8,0,0,,,0,,,,,
𬂮,8,0,0,,,0,,,,,
𬂯,8,0,0,,,0,,,,,
𬂰,8,0,0,,,0,,,,,
𬂱,8,0,0,,,0,,,,,
𬂲,8,0,0,,,0,,,,,
𬂳,8,0,0,,たら,0,,,,,
𬂴,8,0,0,,,0,,,,,
𬂵,8,0,0,,またほり,0,,,,,
𬂶,8,0,0,,つかばしら,0,,,,,
𬂷,8,0,0,,,0,,,,,
𬂸,8,0,0,,,0,,,,,
𬂹,8,0,0,,,0,,,,,
𬂺,8,0,0,,,0,,,,,
𬂻,8,0,0,,,0,,,,,
𬂼,8,0,0,,,0,,,,,
𬂽,8,0,0,,,0,,,,,
𬂾,8,0,0,,,0,,,,,
𬂿,8,0,0,,かたくみ,0,,,,,
𬃀,8,0,0,,,0,,,,,
𬃁,8,0,0,,,0,,,,,
𬃂,8,0,0,,,0,,,,,
𬃃,8,0,0,,,0,,,,,
𬃄,8,0,0,,,0,,,,,
𬃅,8,0,0,,,0,,,,,
𬃆,8,0,0,,,0,,,,,
𬃇,8,0,0,,,0,,,,,
𬃈,8,0,0,,,0,,,,,
𬃉,8,0,0,,うつぎ,0,,,,,
𬃊,8,0,0,,,0,,,,,
𬃋,8,0,0,,,0,,,,,
𬃌,8,0,0,,,0,,,,,
𬃍,8,0,0,,,0,,,,,
𬃎,8,0,0,,,0,,,,,
𬃏,8,0,0,,ゆる,0,,,,,
𬃐,8,0,0,,,0,,,,,
𬃑,8,0,0,,,0,,,,,
𬃒,8,0,0,,,0,,,,,
𬃓,8,0,0,,はまゆか,0,,,,,
𬃔,8,0,0,,,0,,,,,
𬃕,8,0,0,,,0,,,,,
𬃖,8,0,0,,,0,,,,,
𬃗,8,0,0,,つばき,0,,,,,
𬃘,8,0,0,,,0,,,,,
𬃙,8,0,0,,,0,,,,,
𬃚,8,0,0,,,0,,,,,
𬃛,8,0,0,,,0,,,,,
𬃜,8,0,0,,,0,,,,,
𬃝,8,0,0,,たろ,0,,,,,
𬃞,8,0,0,,,0,,,,,
𬃟,8,0,0,,,0,,,,,
𬃠,8,0,0,,,0,,,,,
𬃡,8,0,0,,,0,,,,,
𬃢,8,0,0,,ほばしら,0,,,,,
𬃣,8,0,0,,ませ,0,,,,,
𬃤,8,0,0,,,0,,,,,
𬃥,8,0,0,,,0,,,,,
𬃦,8,0,0,,,0,,,,,
𬃧,8,0,0,,,0,,,,,
𬃨,8,0,0,,,0,,,,,
𬃩,8,0,0,,,0,,,,,
𬃪,8,0,0,イ,,0,,,,,
𬃫,8,0,0,,,0,,,,,
𬃬,8,0,0,,,0,,,,,
𬃭,8,0,0,,,0,,,,,
𬃮,8,0,0,,,0,,,,,
𬃯,8,0,0,,,0,,,,,
𬃰,8,0,0,,きのかわ,0,,,,,
𬃱,8,0,0,,,0,,,,,
𬃲,8,0,0,,,0,,,,,
𬃳,8,0,0,,,0,,,,,
𬃴,8,0,0,,,0,,,,,
𬃵,8,0,0,,さもも,0,,,,,
𬃶,8,0,0,,くちなし,0,,,,,
𬃷,8,0,0,ソウ,なつめ,0,,,,,
𬃸,8,0,0,,,0,,,,,
𬃹,8,0,0,,,0,,,,,
𬃺,8,0,0,,しいし,0,,,,,
𬃻,8,0,0,,,0,,,,,
𬃼,8,0,0,,,0,,,,,
𬃽,8,0,0,,,0,,,,,
𬃾,8,0,0,,たも,0,,,,,
𬃿,8,0,0,,,0,,,,,
𬄀,8,0,0,,,0,,,,,
𬄁,8,0,0,,,0,,,,,
𬄂,8,0,0,,,0,,,,,
𬄃,8,0,0,,,0,,,,,
𬄄,8,0,0,,,0,,,,,
𬄅,8,0,0,,,0,,,,,
𬄆,8,0,0,,,0,,,,,
𬄇,8,0,0,,,0,,,,,
𬄈,8,0,0,,,0,,,,,
𬄉,8,0,0,,かしのき,0,,,,,
𬄊,8,0,0,,,0,,,,,
𬄋,8,0,0,,とう,0,,,,,
𬄌,8,0,0,,やまもも,0,,,,,
𬄍,8,0,0,,,0,,,,,
𬄎,8,0,0,,くまはじかみ,0,,,,,
𬄏,8,0,0,,,0,,,,,
𬄐,8,0,0,,,0,,,,,
𬄑,8,0,0,,,0,,,,,
𬄒,8,0,0,,すぎ,0,,,,,
𬄓,8,0,0,,,0,,,,,
𬄔,8,0,0,,,0,,,,,
𬄕,8,0,0,シュウ,わく,0,,,,,
𬄖,8,0,0,,ほや,0,,,,,
𬄗,8,0,0,,ますがた,0,,,,,
𬄘,8,0,0,,,0,,,,,
𬄙,8,0,0,,,0,,,,,
𬄚,8,0,0,,おうち,0,,,,,
𬄛,8,0,0,,,0,,,,,
𬄜,8,0,0,,,0,,,,,
𬄝,8,0,0,,,0,,,,,
𬄞,8,0,0,,,0,,,,,
𬄟,8,0,0,,たのひ,0,,,,,
𬄠,8,0,0,,なしのき,0,,,,,
𬄡,8,0,0,,,0,,,,,
𬄢,8,0,0,,,0,,,,,
𬄣,8,0,0,,,0,,,,,
𬄤,8,0,0,,,0,,,,,
𬄥,8,0,0,,ははそ,0,,,,,
𬄦,8,0,0,,,0,,,,,
𬄧,8,0,0,,しがらみ,0,,,,,
𬄨,8,0,0,,,0,,,,,
𬄩,8,0,0,,,0,,,,,
𬄪,8,0,0,,,0,,,,,
𬄫,8,0,0,,ひば,0,,,,,
𬄬,8,0,0,,,0,,,,,
𬄭,8,0,0,,,0,,,,,
𬄮,8,0,0,,,0,,,,,
𬄯,8,0,0,,,0,,,,,
𬄰,8,0,0,,,0,,,,,
𬄱,8,0,0,,,0,,,,,
𬄲,8,0,0,,ひいらぎ,0,,,,,
𬄳,8,0,0,,,0,,,,,
𬄴,8,0,0,,,0,,,,,
𬄵,8,0,0,,,0,,,,,
𬄶,8,0,0,,わなのき,0,,,,,
𬄷,8,0,0,,,0,,,,,
𬄸,8,0,0,,たら,0,,,,,
𬄹,8,0,0,,,0,,,,,
𬄺,8,0,0,,えつり,0,,,,,
𬄻,8,0,0,,もほこ,0,,,,,
𬄼,8,0,0,,くし,0,,,,,
𬄽,8,0,0,,,0,,,,,
𬄾,8,0,0,,,0,,,,,
𬄿,8,0,0,,,0,,,,,
𬅀,8,0,0,,,0,,,,,
𬅁,8,0,0,,,0,,,,,
𬅂,8,0,0,,,0,,,,,
𬅃,8,0,0,,,0,,,,,
𬅄,8,0,0,,,0,,,,,
𬅅,8,0,0,,やなぎ,0,,,,,
𬅆,8,0,0,,,0,,,,,
𬅇,8,0,0,,むく,0,,,,,
𬅈,8,0,0,,,0,,,,,
𬅉,8,0,0,,,0,,,,,
𬅊,8,0,0,,こう,0,,,,,
𬅋,8,0,0,,ならのき,0,,,,,
𬅌,8,0,0,,,0,,,,,
𬅍,8,0,0,,,0,,,,,
𬅎,8,0,0,,こしき,0,,,,,
𬅏,8,0,0,,,0,,,,,
𬅐,8,0,0,,,0,,,,,
𬅑,8,0,0,,,0,,,,,
𬅒,8,0,0,,うつぎ,0,,,,,
𬅓,8,0,0,,,0,,,,,
𬅔,8,0,0,,,0,,,,,
𬅕,8,0,0,ウツ オチ,,0,,,,,
𬅖,8,0,0,,,0,,,,,
𬅗,8,0,0,,うめ,0,,,,,
𬅘,8,0,0,,,0,,,,,
𬅙,8,0,0,,,0,,,,,
𬅚,8,0,0,,,0,,,,,
𬅛,8,0,0,,,0,,,,,
𬅜,8,0,0,,,0,,,,,
𬅝,8,0,0,,,0,,,,,
𬅞,8,0,0,,,0,,,,,
𬅟,8,0,0,,,0,,,,,
𬅠,8,0,0,,,0,,,,,
𬅡,8,0,0,,,0,,,,,
𬅢,8,0,0,,,0,,,,,
𬅣,8,0,0,,,0,,,,,
𬅤,8,0,0,,,0,,,,,
𬅥,8,0,0,,,0,,,,,
𬅦,8,0,0,,,0,,,,,
𬅧,8,0,0,,,0,,,,,
𬅨,8,0,0,,,0,,,,,
𬅩,8,0,0,,,0,,,,,
𬅪,8,0,0,,,0,,,,,
𬅫,8,0,0,,,0,,,,,
𬅬,8,0,0,,,0,,,,,
𬅭,8,0,0,,,0,,,,,
𬅮,8,0,0,,,0,,,,,
𬅯,8,0,0,,,0,,,,,
𬅰,8,0,0,,,0,,,,,
𬅱,8,0,0,,,0,,,,,
𬅲,8,0,0,,,0,,,,,
𬅳,8,0,0,,,0,,,,,
𬅴,8,0,0,,,0,,,,,
𬅵,8,0,0,,,0,,,,,
𬅶,8,0,0,,,0,,,,,
𬅷,8,0,0,,,0,,,,,
𬅸,8,0,0,,,0,,,,,
𬅹,8,0,0,,,0,,,,,
𬅺,8,0,0,,,0,,,,,
𬅻,8,0,0,,,0,,,,,
𬅼,8,0,0,,,0,,,,,
𬅽,8,0,0,,,0,,,,,
𬅾,8,0,0,,,0,,,,,
𬅿,8,0,0,,,0,,,,,
𬆀,8,0,0,,,0,,,,,
𬆁,8,0,0,,,0,,,,,
𬆂,8,0,0,,,0,,,,,
𬆃,8,0,0,,,0,,,,,
𬆄,8,0,0,,,0,,,,,
𬆅,8,0,0,,,0,,,,,
𬆆,8,0,0,,,0,,,,,
𬆇,8,0,0,,,0,,,,,
𬆈,8,0,0,,,0,,,,,
𬆉,8,0,0,,,0,,,,,
𬆊,8,0,0,,,0,,,,,
𬆋,8,0,0,,,0,,,,,
𬆌,8,0,0,,,0,,,,,
𬆍,8,0,0,,ひかえたり,0,,,,,
𬆎,8,0,0,,,0,,,,,
𬆏,8,0,0,,,0,,,,,
𬆐,8,0,0,,,0,,,,,
𬆑,8,0,0,,,0,,,,,
𬆒,8,0,0,,,0,,,,,
𬆓,8,0,0,,,0,,,,,
𬆔,8,0,0,タ,,0,,,,,
𬆕,8,0,0,ヘン,,0,,,,,
𬆖,8,0,0,,,0,,,,,
𬆗,8,0,0,,,0,,,,,
𬆘,8,0,0,,,0,,,,,
𬆙,8,0,0,,,0,,,,,
𬆚,8,0,0,,,0,,,,,
𬆛,8,0,0,ドウ ノウ,,0,,,,,
𬆜,8,0,0,,,0,,,,,
𬆝,8,0,0,,,0,,,,,
𬆞,8,0,0,,,0,,,,,
𬆟,8,0,0,,,0,,,,,
𬆠,8,0,0,,,0,,,,,
𬆡,8,0,0,,,0,,,,,
𬆢,8,0,0,,,0,,,,,
𬆣,8,0,0,,,0,,,,,
𬆤,8,0,0,,,0,,,,,
𬆥,8,0,0,,,0,,,,,
𬆦,8,0,0,,,0,,,,,
𬆧,8,0,0,,,0,,,,,
𬆨,8,0,0,,,0,,,,,
𬆩,8,0,0,,,0,,,,,
𬆪,8,0,0,,,0,,,,,
𬆫,8,0,0,,,0,,,,,
𬆬,8,0,0,,,0,,,,,
𬆭,8,0,0,,,0,,,,,
𬆮,8,0,0,,,0,,,,,
𬆯,8,0,0,,,0,,,,,
𬆰,8,0,0,,,0,,,,,
𬆱,8,0,0,,,0,,,,,
𬆲,8,0,0,キ,つよい,0,,,,,
𬆳,8,0,0,,,0,,,,,
𬆴,8,0,0,,,0,,,,,
𬆵,8,0,0,,,0,,,,,
𬆶,8,0,0,,,0,,,,,
𬆷,8,0,0,,,0,,,,,
𬆸,8,0,0,,,0,,,,,
𬆹,8,0,0,,,0,,,,,
𬆺,8,0,0,,,0,,,,,
𬆻,8,0,0,,,0,,,,,
𬆼,8,0,0,,,0,,,,,
𬆽,8,0,0,,,0,,,,,
𬆾,8,0,0,,,0,,,,,
𬆿,8,0,0,,,0,,,,,
𬇀,8,0,0,,,0,,,,,
𬇁,8,0,0,,,0,,,,,
𬇂,8,0,0,,,0,,,,,
𬇃,8,0,0,,,0,,,,,
𬇄,8,0,0,,,0,,,,,
𬇅,8,0,0,,,0,,,,,
𬇆,8,0,0,,,0,,,,,
𬇇,8,0,0,,,0,,,,,
𬇈,8,0,0,,,0,,,,,
𬇉,8,0,0,,,0,,,,,
𬇊,8,0,0,,,0,,,,,
𬇋,8,0,0,,,0,,,,,
𬇌,8,0,0,,,0,,,,,
𬇍,8,0,0,,,0,,,,,
𬇎,8,0,0,,,0,,,,,
𬇏,8,0,0,,,0,,,,,
𬇐,8,0,0,,でんき,0,,,,,
𬇑,8,0,0,,,0,,,,,
𬇒,8,0,0,,,0,,,,,
𬇓,8,0,0,,,0,,,,,
𬇔,8,0,0,,,0,,,,,
𬇕,8,0,0,マン,ひろい,0,,,,,
𬇖,8,0,0,,,0,,,,,
𬇗,8,0,0,,,0,,,,,
𬇘,8,0,0,,,0,,,,,
𬇙,8,0,0,,,0,,,,,
𬇚,8,0,0,,,0,,,,,
𬇛,8,0,0,,,0,,,,,
𬇜,8,0,0,,なくなく,0,,,,,
𬇝,8,0,0,,,0,,,,,
𬇞,8,0,0,,,0,,,,,
𬇟,8,0,0,,,0,,,,,
𬇠,8,0,0,,,0,,,,,
𬇡,8,0,0,,,0,,,,,
𬇢,8,0,0,,,0,,,,,
𬇣,8,0,0,,,0,,,,,
𬇤,8,0,0,,,0,,,,,
𬇥,8,0,0,,,0,,,,,
𬇦,8,0,0,,,0,,,,,
𬇧,8,0,0,,,0,,,,,
𬇨,8,0,0,,,0,,,,,
𬇩,8,0,0,,,0,,,,,
𬇪,8,0,0,,,0,,,,,
𬇫,8,0,0,,,0,,,,,
𬇬,8,0,0,,,0,,,,,
𬇭,8,0,0,,,0,,,,,
𬇮,8,0,0,,,0,,,,,
𬇯,8,0,0,,,0,,,,,
𬇰,8,0,0,,,0,,,,,
𬇱,8,0,0,,,0,,,,,
𬇲,8,0,0,,,0,,,,,
𬇳,8,0,0,,,0,,,,,
𬇴,8,0,0,,,0,,,,,
𬇵,8,0,0,,,0,,,,,
𬇶,8,0,0,,,0,,,,,
𬇷,8,0,0,,,0,,,,,
𬇸,8,0,0,,,0,,,,,
𬇹,8,0,0,,,0,,,,,
𬇺,8,0,0,,,0,,,,,
𬇻,8,0,0,,,0,,,,,
𬇼,8,0,0,,,0,,,,,
𬇽,8,0,0,,,0,,,,,
𬇾,8,0,0,,,0,,,,,
𬇿,8,0,0,,,0,,,,,
𬈀,8,0,0,,,0,,,,,
𬈁,8,0,0,,,0,,,,,
𬈂,8,0,0,,,0,,,,,
𬈃,8,0,0,,,0,,,,,
𬈄,8,0,0,,,0,,,,,
𬈅,8,0,0,,,0,,,,,
𬈆,8,0,0,,,0,,,,,
𬈇,8,0,0,,たり,0,,,,,
𬈈,8,0,0,,,0,,,,,
𬈉,8,0,0,,,0,,,,,
𬈊,8,0,0,,,0,,,,,
𬈋,8,0,0,,,0,,,,,
𬈌,8,0,0,,,0,,,,,
𬈍,8,0,0,,,0,,,,,
𬈎,8,0,0,,,0,,,,,
𬈏,8,0,0,,,0,,,,,
𬈐,8,0,0,,,0,,,,,
𬈑,8,0,0,メイ ベイ ミョウ ベキ,うみ くらい,0,,,,,
𬈒,8,0,0,,,0,,,,,
𬈓,8,0,0,,,0,,,,,
𬈔,8,0,0,,,0,,,,,
𬈕,8,0,0,,,0,,,,,
𬈖,8,0,0,,,0,,,,,
𬈗,8,0,0,,,0,,,,,
𬈘,8,0,0,,,0,,,,,
𬈙,8,0,0,,,0,,,,,
𬈚,8,0,0,,,0,,,,,
𬈛,8,0,0,,,0,,,,,
𬈜,8,0,0,,,0,,,,,
𬈝,8,0,0,,,0,,,,,
𬈞,8,0,0,,,0,,,,,
𬈟,8,0,0,,,0,,,,,
𬈠,8,0,0,,,0,,,,,
𬈡,8,0,0,,,0,,,,,
𬈢,8,0,0,,,0,,,,,
𬈣,8,0,0,,,0,,,,,
𬈤,8,0,0,,,0,,,,,
𬈥,8,0,0,,,0,,,,,
𬈦,8,0,0,,,0,,,,,
𬈧,8,0,0,,,0,,,,,
𬈨,8,0,0,,,0,,,,,
𬈩,8,0,0,,,0,,,,,
𬈪,8,0,0,,,0,,,,,
𬈫,8,0,0,,,0,,,,,
𬈬,8,0,0,オン イン,,0,,,,,
𬈭,8,0,0,,,0,,,,,
𬈮,8,0,0,,,0,,,,,
𬈯,8,0,0,,,0,,,,,
𬈰,8,0,0,,,0,,,,,
𬈱,8,0,0,,,0,,,,,
𬈲,8,0,0,,,0,,,,,
𬈳,8,0,0,,,0,,,,,
𬈴,8,0,0,,,0,,,,,
𬈵,8,0,0,,きくすい,0,,,,,
𬈶,8,0,0,,,0,,,,,
𬈷,8,0,0,,,0,,,,,
𬈸,8,0,0,,,0,,,,,
𬈹,8,0,0,,,0,,,,,
𬈺,8,0,0,,,0,,,,,
𬈻,8,0,0,,,0,,,,,
𬈼,8,0,0,,,0,,,,,
𬈽,8,0,0,,,0,,,,,
𬈾,8,0,0,,,0,,,,,
𬈿,8,0,0,,,0,,,,,
𬉀,8,0,0,,,0,,,,,
𬉁,8,0,0,,,0,,,,,
𬉂,8,0,0,,,0,,,,,
𬉃,8,0,0,,,0,,,,,
𬉄,8,0,0,,,0,,,,,
𬉅,8,0,0,,,0,,,,,
𬉆,8,0,0,,,0,,,,,
𬉇,8,0,0,,,0,,,,,
𬉈,8,0,0,,,0,,,,,
𬉉,8,0,0,,,0,,,,,
𬉊,8,0,0,,,0,,,,,
𬉋,8,0,0,,,0,,,,,
𬉌,8,0,0,,,0,,,,,
𬉍,8,0,0,,,0,,,,,
𬉎,8,0,0,,,0,,,,,
𬉏,8,0,0,,,0,,,,,
𬉐,8,0,0,,,0,,,,,
𬉑,8,0,0,,,0,,,,,
𬉒,8,0,0,,,0,,,,,
𬉓,8,0,0,,,0,,,,,
𬉔,8,0,0,,,0,,,,,
𬉕,8,0,0,,,0,,,,,
𬉖,8,0,0,,,0,,,,,
𬉗,8,0,0,,,0,,,,,
𬉘,8,0,0,,ふか,0,,,,,
𬉙,8,0,0,,,0,,,,,
𬉚,8,0,0,,,0,,,,,
𬉛,8,0,0,,,0,,,,,
𬉜,8,0,0,,,0,,,,,
𬉝,8,0,0,,,0,,,,,
𬉞,8,0,0,,,0,,,,,
𬉟,8,0,0,,,0,,,,,
𬉠,8,0,0,,,0,,,,,
𬉡,8,0,0,,,0,,,,,
𬉢,8,0,0,,,0,,,,,
𬉣,8,0,0,,,0,,,,,
𬉤,8,0,0,,,0,,,,,
𬉥,8,0,0,,,0,,,,,
𬉦,8,0,0,,,0,,,,,
𬉧,8,0,0,,,0,,,,,
𬉨,8,0,0,,,0,,,,,
𬉩,8,0,0,,,0,,,,,
𬉪,8,0,0,,,0,,,,,
𬉫,8,0,0,,,0,,,,,
𬉬,8,0,0,,,0,,,,,
𬉭,8,0,0,,,0,,,,,
𬉮,8,0,0,,,0,,,,,
𬉯,8,0,0,,,0,,,,,
𬉰,8,0,0,,,0,,,,,
𬉱,8,0,0,,,0,,,,,
𬉲,8,0,0,,,0,,,,,
𬉳,8,0,0,,,0,,,,,
𬉴,8,0,0,,,0,,,,,
𬉵,8,0,0,,,0,,,,,
𬉶,8,0,0,,,0,,,,,
𬉷,8,0,0,,,0,,,,,
𬉸,8,0,0,,,0,,,,,
𬉹,8,0,0,セキ シャク シャ,あぶる,0,,,,,
𬉺,8,0,0,,まつる,0,,,,,
𬉻,8,0,0,,,0,,,,,
𬉼,8,0,0,,,0,,,,,
𬉽,8,0,0,,,0,,,,,
𬉾,8,0,0,,,0,,,,,
𬉿,8,0,0,,,0,,,,,
𬊀,8,0,0,,,0,,,,,
𬊁,8,0,0,,,0,,,,,
𬊂,8,0,0,,,0,,,,,
𬊃,8,0,0,,,0,,,,,
𬊄,8,0,0,,,0,,,,,
𬊅,8,0,0,,,0,,,,,
𬊆,8,0,0,,,0,,,,,
𬊇,8,0,0,,,0,,,,,
𬊈,8,0,0,,,0,,,,,
𬊉,8,0,0,,,0,,,,,
𬊊,8,0,0,,,0,,,,,
𬊋,8,0,0,,,0,,,,,
𬊌,8,0,0,,,0,,,,,
𬊍,8,0,0,,,0,,,,,
𬊎,8,0,0,,,0,,,,,
𬊏,8,0,0,,,0,,,,,
𬊐,8,0,0,,,0,,,,,
𬊑,8,0,0,,,0,,,,,
𬊒,8,0,0,,,0,,,,,
𬊓,8,0,0,,,0,,,,,
𬊔,8,0,0,,,0,,,,,
𬊕,8,0,0,,,0,,,,,
𬊖,8,0,0,,,0,,,,,
𬊗,8,0,0,,,0,,,,,
𬊘,8,0,0,,,0,,,,,
𬊙,8,0,0,,,0,,,,,
𬊚,8,0,0,,,0,,,,,
𬊛,8,0,0,,,0,,,,,
𬊜,8,0,0,,,0,,,,,
𬊝,8,0,0,,,0,,,,,
𬊞,8,0,0,,,0,,,,,
𬊟,8,0,0,,,0,,,,,
𬊠,8,0,0,,,0,,,,,
𬊡,8,0,0,,,0,,,,,
𬊢,8,0,0,,,0,,,,,
𬊣,8,0,0,,,0,,,,,
𬊤,8,0,0,,,0,,,,,
𬊥,8,0,0,,,0,,,,,
𬊦,8,0,0,,,0,,,,,
𬊧,8,0,0,,,0,,,,,
𬊨,8,0,0,,,0,,,,,
𬊩,8,0,0,,,0,,,,,
𬊪,8,0,0,,,0,,,,,
𬊫,8,0,0,,,0,,,,,
𬊬,8,0,0,,,0,,,,,
𬊭,8,0,0,,,0,,,,,
𬊮,8,0,0,,,0,,,,,
𬊯,8,0,0,,,0,,,,,
𬊰,8,0,0,,,0,,,,,
𬊱,8,0,0,,,0,,,,,
𬊲,8,0,0,,,0,,,,,
𬊳,8,0,0,,,0,,,,,
𬊴,8,0,0,,,0,,,,,
𬊵,8,0,0,,,0,,,,,
𬊶,8,0,0,,,0,,,,,
𬊷,8,0,0,,,0,,,,,
𬊸,8,0,0,,,0,,,,,
𬊹,8,0,0,,,0,,,,,
𬊺,8,0,0,,,0,,,,,
𬊻,8,0,0,,,0,,,,,
𬊼,8,0,0,,,0,,,,,
𬊽,8,0,0,,,0,,,,,
𬊾,8,0,0,,,0,,,,,
𬊿,8,0,0,,,0,,,,,
𬋀,8,0,0,,,0,,,,,
𬋁,8,0,0,,,0,,,,,
𬋂,8,0,0,,,0,,,,,
𬋃,8,0,0,,,0,,,,,
𬋄,8,0,0,,,0,,,,,
𬋅,8,0,0,,,0,,,,,
𬋆,8,0,0,,,0,,,,,
𬋇,8,0,0,,,0,,,,,
𬋈,8,0,0,ショウ ジョウ,きこり きこる たきぎ,0,,,,,
𬋉,8,0,0,,,0,,,,,
𬋊,8,0,0,,,0,,,,,
𬋋,8,0,0,,,0,,,,,
𬋌,8,0,0,,,0,,,,,
𬋍,8,0,0,,,0,,,,,
𬋎,8,0,0,,かめ,0,,,,,
𬋏,8,0,0,,,0,,,,,
𬋐,8,0,0,,,0,,,,,
𬋑,8,0,0,,,0,,,,,
𬋒,8,0,0,,,0,,,,,
𬋓,8,0,0,,,0,,,,,
𬋔,8,0,0,,,0,,,,,
𬋕,8,0,0,,,0,,,,,
𬋖,8,0,0,,,0,,,,,
𬋗,8,0,0,,,0,,,,,
𬋘,8,0,0,,,0,,,,,
𬋙,8,0,0,,,0,,,,,
𬋚,8,0,0,,,0,,,,,
𬋛,8,0,0,,,0,,,,,
𬋜,8,0,0,,,0,,,,,
𬋝,8,0,0,,,0,,,,,
𬋞,8,0,0,,,0,,,,,
𬋟,8,0,0,,,0,,,,,
𬋠,8,0,0,,いいかしぐ,0,,,,,
𬋡,8,0,0,,,0,,,,,
𬋢,8,0,0,,,0,,,,,
𬋣,8,0,0,,,0,,,,,
𬋤,8,0,0,,,0,,,,,
𬋥,8,0,0,,,0,,,,,
𬋦,8,0,0,,,0,,,,,
𬋧,8,0,0,,,0,,,,,
𬋨,8,0,0,,,0,,,,,
𬋩,8,0,0,,,0,,,,,
𬋪,8,0,0,,,0,,,,,
𬋫,8,0,0,,,0,,,,,
𬋬,8,0,0,,かなぐる,0,,,,,
𬋭,8,0,0,,,0,,,,,
𬋮,8,0,0,,,0,,,,,
𬋯,8,0,0,,,0,,,,,
𬋰,8,0,0,,,0,,,,,
𬋱,8,0,0,,,0,,,,,
𬋲,8,0,0,,,0,,,,,
𬋳,8,0,0,,,0,,,,,
𬋴,8,0,0,,,0,,,,,
𬋵,8,0,0,,,0,,,,,
𬋶,8,0,0,,,0,,,,,
𬋷,8,0,0,,,0,,,,,
𬋸,8,0,0,,,0,,,,,
𬋹,8,0,0,,,0,,,,,
𬋺,8,0,0,,,0,,,,,
𬋻,8,0,0,,,0,,,,,
𬋼,8,0,0,,,0,,,,,
𬋽,8,0,0,,,0,,,,,
𬋾,8,0,0,,,0,,,,,
𬋿,8,0,0,,,0,,,,,
𬌀,8,0,0,,,0,,,,,
𬌁,8,0,0,,,0,,,,,
𬌂,8,0,0,,,0,,,,,
𬌃,8,0,0,,,0,,,,,
𬌄,8,0,0,,,0,,,,,
𬌅,8,0,0,,,0,,,,,
𬌆,8,0,0,,,0,,,,,
𬌇,8,0,0,,,0,,,,,
𬌈,8,0,0,,,0,,,,,
𬌉,8,0,0,,,0,,,,,
𬌊,8,0,0,,,0,,,,,
𬌋,8,0,0,,,0,,,,,
𬌌,8,0,0,,,0,,,,,
𬌍,8,0,0,,,0,,,,,
𬌎,8,0,0,,,0,,,,,
𬌏,8,0,0,,,0,,,,,
𬌐,8,0,0,,,0,,,,,
𬌑,8,0,0,,,0,,,,,
𬌒,8,0,0,,,0,,,,,
𬌓,8,0,0,,,0,,,,,
𬌔,8,0,0,,,0,,,,,
𬌕,8,0,0,,,0,,,,,
𬌖,8,0,0,,,0,,,,,
𬌗,8,0,0,,,0,,,,,
𬌘,8,0,0,,,0,,,,,
𬌙,8,0,0,,,0,,,,,
𬌚,8,0,0,,,0,,,,,
𬌛,8,0,0,,,0,,,,,
𬌜,8,0,0,,,0,,,,,
𬌝,8,0,0,,,0,,,,,
𬌞,8,0,0,,,0,,,,,
𬌟,8,0,0,,,0,,,,,
𬌠,8,0,0,,,0,,,,,
𬌡,8,0,0,,,0,,,,,
𬌢,8,0,0,,,0,,,,,
𬌣,8,0,0,,,0,,,,,
𬌤,8,0,0,,,0,,,,,
𬌥,8,0,0,,,0,,,,,
𬌦,8,0,0,,,0,,,,,
𬌧,8,0,0,,,0,,,,,
𬌨,8,0,0,,,0,,,,,
𬌩,8,0,0,,ぜに,0,,,,,
𬌪,8,0,0,,,0,,,,,
𬌫,8,0,0,,,0,,,,,
𬌬,8,0,0,,,0,,,,,
𬌭,8,0,0,,,0,,,,,
𬌮,8,0,0,,,0,,,,,
𬌯,8,0,0,,,0,,,,,
𬌰,8,0,0,,,0,,,,,
𬌱,8,0,0,,,0,,,,,
𬌲,8,0,0,ユウ ユ ヨウ キュウ,なお,0,,,,,
𬌳,8,0,0,,,0,,,,,
𬌴,8,0,0,,,0,,,,,
𬌵,8,0,0,,,0,,,,,
𬌶,8,0,0,,,0,,,,,
𬌷,8,0,0,,,0,,,,,
𬌸,8,0,0,,,0,,,,,
𬌹,8,0,0,,,0,,,,,
𬌺,8,0,0,,,0,,,,,
𬌻,8,0,0,,,0,,,,,
𬌼,8,0,0,,しゃぐま,0,,,,,
𬌽,8,0,0,,,0,,,,,
𬌾,8,0,0,,,0,,,,,
𬌿,8,0,0,,,0,,,,,
𬍀,8,0,0,,,0,,,,,
𬍁,8,0,0,,,0,,,,,
𬍂,8,0,0,,,0,,,,,
𬍃,8,0,0,,,0,,,,,
𬍄,8,0,0,,,0,,,,,
𬍅,8,0,0,,,0,,,,,
𬍆,8,0,0,,,0,,,,,
𬍇,8,0,0,,,0,,,,,
𬍈,8,0,0,,,0,,,,,
𬍉,8,0,0,,,0,,,,,
𬍊,8,0,0,,,0,,,,,
𬍋,8,0,0,,,0,,,,,
𬍌,8,0,0,,,0,,,,,
𬍍,8,0,0,,,0,,,,,
𬍎,8,0,0,,,0,,,,,
𬍏,8,0,0,,,0,,,,,
𬍐,8,0,0,,,0,,,,,
𬍑,8,0,0,,,0,,,,,
𬍒,8,0,0,,,0,,,,,
𬍓,8,0,0,,,0,,,,,
𬍔,8,0,0,,ぜい,0,,,,,
𬍕,8,0,0,,,0,,,,,
𬍖,8,0,0,,おん,0,,,,,
𬍗,8,0,0,,,0,,,,,
𬍘,8,0,0,,,0,,,,,
𬍙,8,0,0,,,0,,,,,
𬍚,8,0,0,,,0,,,,,
𬍛,8,0,0,,,0,,,,,
𬍜,8,0,0,,,0,,,,,
𬍝,8,0,0,,,0,,,,,
𬍞,8,0,0,,,0,,,,,
𬍟,8,0,0,,,0,,,,,
𬍠,8,0,0,,,0,,,,,
𬍡,8,0,0,,,0,,,,,
𬍢,8,0,0,,,0,,,,,
𬍣,8,0,0,,,0,,,,,
𬍤,8,0,0,,,0,,,,,
𬍥,8,0,0,,,0,,,,,
𬍦,8,0,0,,,0,,,,,
𬍧,8,0,0,,,0,,,,,
𬍨,8,0,0,,,0,,,,,
𬍩,8,0,0,,,0,,,,,
𬍪,8,0,0,,,0,,,,,
𬍫,8,0,0,,,0,,,,,
𬍬,8,0,0,,,0,,,,,
𬍭,8,0,0,,,0,,,,,
𬍮,8,0,0,,,0,,,,,
𬍯,8,0,0,,か,0,,,,,
𬍰,8,0,0,,,0,,,,,
𬍱,8,0,0,,,0,,,,,
𬍲,8,0,0,,,0,,,,,
𬍳,8,0,0,,,0,,,,,
𬍴,8,0,0,,,0,,,,,
𬍵,8,0,0,,,0,,,,,
𬍶,8,0,0,,,0,,,,,
𬍷,8,0,0,,,0,,,,,
𬍸,8,0,0,,,0,,,,,
𬍹,8,0,0,,,0,,,,,
𬍺,8,0,0,,,0,,,,,
𬍻,8,0,0,,,0,,,,,
𬍼,8,0,0,,,0,,,,,
𬍽,8,0,0,,,0,,,,,
𬍾,8,0,0,,,0,,,,,
𬍿,8,0,0,,,0,,,,,
𬎀,8,0,0,,,0,,,,,
𬎁,8,0,0,,,0,,,,,
𬎂,8,0,0,,,0,,,,,
𬎃,8,0,0,,,0,,,,,
𬎄,8,0,0,,,0,,,,,
𬎅,8,0,0,,,0,,,,,
𬎆,8,0,0,,,0,,,,,
𬎇,8,0,0,,,0,,,,,
𬎈,8,0,0,,,0,,,,,
𬎉,8,0,0,,,0,,,,,
𬎊,8,0,0,,,0,,,,,
𬎋,8,0,0,,,0,,,,,
𬎌,8,0,0,,,0,,,,,
𬎍,8,0,0,,,0,,,,,
𬎎,8,0,0,,,0,,,,,
𬎏,8,0,0,,,0,,,,,
𬎐,8,0,0,,,0,,,,,
𬎑,8,0,0,,,0,,,,,
𬎒,8,0,0,,,0,,,,,
𬎓,8,0,0,,,0,,,,,
𬎔,8,0,0,,,0,,,,,
𬎕,8,0,0,,,0,,,,,
𬎖,8,0,0,,,0,,,,,
𬎗,8,0,0,,,0,,,,,
𬎘,8,0,0,,,0,,,,,
𬎙,8,0,0,,,0,,,,,
𬎚,8,0,0,,,0,,,,,
𬎛,8,0,0,,,0,,,,,
𬎜,8,0,0,,,0,,,,,
𬎝,8,0,0,,,0,,,,,
𬎞,8,0,0,,,0,,,,,
𬎟,8,0,0,,,0,,,,,
𬎠,8,0,0,,,0,,,,,
𬎡,8,0,0,,,0,,,,,
𬎢,8,0,0,,,0,,,,,
𬎣,8,0,0,,,0,,,,,
𬎤,8,0,0,,よこべ,0,,,,,
𬎥,8,0,0,,,0,,,,,
𬎦,8,0,0,,さなけ,0,,,,,
𬎧,8,0,0,,,0,,,,,
𬎨,8,0,0,タ ダ,,0,,,,,
𬎩,8,0,0,,,0,,,,,
𬎪,8,0,0,,,0,,,,,
𬎫,8,0,0,,ひさご,0,,,,,
𬎬,8,0,0,,,0,,,,,
𬎭,8,0,0,,,0,,,,,
𬎮,8,0,0,,もたい,0,,,,,
𬎯,8,0,0,,なべ,0,,,,,
𬎰,8,0,0,,よこべ,0,,,,,
𬎱,8,0,0,,,0,,,,,
𬎲,8,0,0,,,0,,,,,
𬎳,8,0,0,,,0,,,,,
𬎴,8,0,0,,あいおい,0,,,,,
𬎵,8,0,0,,,0,,,,,
𬎶,8,0,0,,,0,,,,,
𬎷,8,0,0,,,0,,,,,
𬎸,8,0,0,,,0,,,,,
𬎹,8,0,0,,,0,,,,,
𬎺,8,0,0,,,0,,,,,
𬎻,8,0,0,,,0,,,,,
𬎼,8,0,0,,,0,,,,,
𬎽,8,0,0,,,0,,,,,
𬎾,8,0,0,ヨウ,つね,0,,,,,
𬎿,8,0,0,,,0,,,,,
𬏀,8,0,0,,,0,,,,,
𬏁,8,0,0,,,0,,,,,
𬏂,8,0,0,,,0,,,,,
𬏃,8,0,0,,,0,,,,,
𬏄,8,0,0,,,0,,,,,
𬏅,8,0,0,,,0,,,,,
𬏆,8,0,0,,,0,,,,,
𬏇,8,0,0,,,0,,,,,
𬏈,8,0,0,,の,0,,,,,
𬏉,8,0,0,,,0,,,,,
𬏊,8,0,0,,,0,,,,,
𬏋,8,0,0,,,0,,,,,
𬏌,8,0,0,,,0,,,,,
𬏍,8,0,0,,,0,,,,,
𬏎,8,0,0,,,0,,,,,
𬏏,8,0,0,,,0,,,,,
𬏐,8,0,0,,あぜ,0,,,,,
𬏑,8,0,0,,,0,,,,,
𬏒,8,0,0,,,0,,,,,
𬏓,8,0,0,,,0,,,,,
𬏔,8,0,0,,,0,,,,,
𬏕,8,0,0,,,0,,,,,
𬏖,8,0,0,,,0,,,,,
𬏗,8,0,0,,,0,,,,,
𬏘,8,0,0,,,0,,,,,
𬏙,8,0,0,,,0,,,,,
𬏚,8,0,0,,,0,,,,,
𬏛,8,0,0,,,0,,,,,
𬏜,8,0,0,,,0,,,,,
𬏝,8,0,0,,,0,,,,,
𬏞,8,0,0,,,0,,,,,
𬏟,8,0,0,,,0,,,,,
𬏠,8,0,0,,,0,,,,,
𬏡,8,0,0,,,0,,,,,
𬏢,8,0,0,,,0,,,,,
𬏣,8,0,0,,せん,0,,,,,
𬏤,8,0,0,,,0,,,,,
𬏥,8,0,0,,,0,,,,,
𬏦,8,0,0,,,0,,,,,
𬏧,8,0,0,,,0,,,,,
𬏨,8,0,0,,,0,,,,,
𬏩,8,0,0,,,0,,,,,
𬏪,8,0,0,,,0,,,,,
𬏫,8,0,0,,,0,,,,,
𬏬,8,0,0,,,0,,,,,
𬏭,8,0,0,,,0,,,,,
𬏮,8,0,0,,,0,,,,,
𬏯,8,0,0,,,0,,,,,
𬏰,8,0,0,,,0,,,,,
𬏱,8,0,0,,,0,,,,,
𬏲,8,0,0,,,0,,,,,
𬏳,8,0,0,,,0,,,,,
𬏴,8,0,0,,,0,,,,,
𬏵,8,0,0,,,0,,,,,
𬏶,8,0,0,,ははくそ,0,,,,,
𬏷,8,0,0,,,0,,,,,
𬏸,8,0,0,,,0,,,,,
𬏹,8,0,0,,,0,,,,,
𬏺,8,0,0,,,0,,,,,
𬏻,8,0,0,,,0,,,,,
𬏼,8,0,0,,あざ ほくろ,0,,,,,
𬏽,8,0,0,,,0,,,,,
𬏾,8,0,0,,,0,,,,,
𬏿,8,0,0,,,0,,,,,
𬐀,8,0,0,,,0,,,,,
𬐁,8,0,0,,,0,,,,,
𬐂,8,0,0,,,0,,,,,
𬐃,8,0,0,,,0,,,,,
𬐄,8,0,0,,,0,,,,,
𬐅,8,0,0,,,0,,,,,
𬐆,8,0,0,,,0,,,,,
𬐇,8,0,0,,,0,,,,,
𬐈,8,0,0,,,0,,,,,
𬐉,8,0,0,,,0,,,,,
𬐊,8,0,0,,,0,,,,,
𬐋,8,0,0,,,0,,,,,
𬐌,8,0,0,,,0,,,,,
𬐍,8,0,0,,,0,,,,,
𬐎,8,0,0,,,0,,,,,
𬐏,8,0,0,,,0,,,,,
𬐐,8,0,0,,,0,,,,,
𬐑,8,0,0,,,0,,,,,
𬐒,8,0,0,,,0,,,,,
𬐓,8,0,0,,,0,,,,,
𬐔,8,0,0,,,0,,,,,
𬐕,8,0,0,,,0,,,,,
𬐖,8,0,0,,,0,,,,,
𬐗,8,0,0,,,0,,,,,
𬐘,8,0,0,,,0,,,,,
𬐙,8,0,0,,,0,,,,,
𬐚,8,0,0,,,0,,,,,
𬐛,8,0,0,,,0,,,,,
𬐜,8,0,0,,,0,,,,,
𬐝,8,0,0,,,0,,,,,
𬐞,8,0,0,,,0,,,,,
𬐟,8,0,0,,,0,,,,,
𬐠,8,0,0,,,0,,,,,
𬐡,8,0,0,,,0,,,,,
𬐢,8,0,0,,,0,,,,,
𬐣,8,0,0,,,0,,,,,
𬐤,8,0,0,,はい,0,,,,,
𬐥,8,0,0,,,0,,,,,
𬐦,8,0,0,,,0,,,,,
𬐧,8,0,0,,,0,,,,,
𬐨,8,0,0,,,0,,,,,
𬐩,8,0,0,,,0,,,,,
𬐪,8,0,0,,,0,,,,,
𬐫,8,0,0,,,0,,,,,
𬐬,8,0,0,,,0,,,,,
𬐭,8,0,0,,,0,,,,,
𬐮,8,0,0,,,0,,,,,
𬐯,8,0,0,,,0,,,,,
𬐰,8,0,0,,,0,,,,,
𬐱,8,0,0,,,0,,,,,
𬐲,8,0,0,,,0,,,,,
𬐳,8,0,0,,,0,,,,,
𬐴,8,0,0,,,0,,,,,
𬐵,8,0,0,,,0,,,,,
𬐶,8,0,0,,,0,,,,,
𬐷,8,0,0,,,0,,,,,
𬐸,8,0,0,,,0,,,,,
𬐹,8,0,0,,,0,,,,,
𬐺,8,0,0,,,0,,,,,
𬐻,8,0,0,,,0,,,,,
𬐼,8,0,0,,,0,,,,,
𬐽,8,0,0,,,0,,,,,
𬐾,8,0,0,,,0,,,,,
𬐿,8,0,0,,,0,,,,,
𬑀,8,0,0,,,0,,,,,
𬑁,8,0,0,,,0,,,,,
𬑂,8,0,0,,,0,,,,,
𬑃,8,0,0,,,0,,,,,
𬑄,8,0,0,,,0,,,,,
𬑅,8,0,0,,,0,,,,,
𬑆,8,0,0,,,0,,,,,
𬑇,8,0,0,,,0,,,,,
𬑈,8,0,0,,おめおめ,0,,,,,
𬑉,8,0,0,,,0,,,,,
𬑊,8,0,0,,,0,,,,,
𬑋,8,0,0,,,0,,,,,
𬑌,8,0,0,,,0,,,,,
𬑍,8,0,0,,,0,,,,,
𬑎,8,0,0,,めでたい,0,,,,,
𬑏,8,0,0,,,0,,,,,
𬑐,8,0,0,,やすい,0,,,,,
𬑑,8,0,0,,,0,,,,,
𬑒,8,0,0,,,0,,,,,
𬑓,8,0,0,,,0,,,,,
𬑔,8,0,0,,,0,,,,,
𬑕,8,0,0,,,0,,,,,
𬑖,8,0,0,,まぼろし,0,,,,,
𬑗,8,0,0,,,0,,,,,
𬑘,8,0,0,,,0,,,,,
𬑙,8,0,0,,,0,,,,,
𬑚,8,0,0,,,0,,,,,
𬑛,8,0,0,,,0,,,,,
𬑜,8,0,0,,めく,0,,,,,
𬑝,8,0,0,,みる,0,,,,,
𬑞,8,0,0,,,0,,,,,
𬑟,8,0,0,,,0,,,,,
𬑠,8,0,0,,,0,,,,,
𬑡,8,0,0,,,0,,,,,
𬑢,8,0,0,,あとめ,0,,,,,
𬑣,8,0,0,,,0,,,,,
𬑤,8,0,0,,,0,,,,,
𬑥,8,0,0,,,0,,,,,
𬑦,8,0,0,,,0,,,,,
𬑧,8,0,0,,,0,,,,,
𬑨,8,0,0,,みる,0,,,,,
𬑩,8,0,0,,,0,,,,,
𬑪,8,0,0,,,0,,,,,
𬑫,8,0,0,,,0,,,,,
𬑬,8,0,0,,まぼろし,0,,,,,
𬑭,8,0,0,,,0,,,,,
𬑮,8,0,0,,,0,,,,,
𬑯,8,0,0,,,0,,,,,
𬑰,8,0,0,,,0,,,,,
𬑱,8,0,0,,,0,,,,,
𬑲,8,0,0,,,0,,,,,
𬑳,8,0,0,,,0,,,,,
𬑴,8,0,0,,,0,,,,,
𬑵,8,0,0,,,0,,,,,
𬑶,8,0,0,,,0,,,,,
𬑷,8,0,0,,,0,,,,,
𬑸,8,0,0,,,0,,,,,
𬑹,8,0,0,,,0,,,,,
𬑺,8,0,0,,,0,,,,,
𬑻,8,0,0,,,0,,,,,
𬑼,8,0,0,,,0,,,,,
𬑽,8,0,0,,どんぶと,0,,,,,
𬑾,8,0,0,,,0,,,,,
𬑿,8,0,0,,,0,,,,,
𬒀,8,0,0,,,0,,,,,
𬒁,8,0,0,,,0,,,,,
𬒂,8,0,0,,,0,,,,,
𬒃,8,0,0,,,0,,,,,
𬒄,8,0,0,,,0,,,,,
𬒅,8,0,0,,くま,0,,,,,
𬒆,8,0,0,,,0,,,,,
𬒇,8,0,0,,,0,,,,,
𬒈,8,0,0,,,0,,,,,
𬒉,8,0,0,,,0,,,,,
𬒊,8,0,0,,,0,,,,,
𬒋,8,0,0,,,0,,,,,
𬒌,8,0,0,,,0,,,,,
𬒍,8,0,0,,,0,,,,,
𬒎,8,0,0,,,0,,,,,
𬒏,8,0,0,,,0,,,,,
𬒐,8,0,0,,,0,,,,,
𬒑,8,0,0,,,0,,,,,
𬒒,8,0,0,,,0,,,,,
𬒓,8,0,0,,,0,,,,,
𬒔,8,0,0,,,0,,,,,
𬒕,8,0,0,,,0,,,,,
𬒖,8,0,0,,,0,,,,,
𬒗,8,0,0,,,0,,,,,
𬒘,8,0,0,,,0,,,,,
𬒙,8,0,0,,,0,,,,,
𬒚,8,0,0,,,0,,,,,
𬒛,8,0,0,,,0,,,,,
𬒜,8,0,0,,,0,,,,,
𬒝,8,0,0,,,0,,,,,
𬒞,8,0,0,,,0,,,,,
𬒟,8,0,0,,,0,,,,,
𬒠,8,0,0,,,0,,,,,
𬒡,8,0,0,,,0,,,,,
𬒢,8,0,0,,,0,,,,,
𬒣,8,0,0,,,0,,,,,
𬒤,8,0,0,,,0,,,,,
𬒥,8,0,0,,,0,,,,,
𬒦,8,0,0,,,0,,,,,
𬒧,8,0,0,,,0,,,,,
𬒨,8,0,0,,えご,0,,,,,
𬒩,8,0,0,,,0,,,,,
𬒪,8,0,0,,,0,,,,,
𬒫,8,0,0,,,0,,,,,
𬒬,8,0,0,,,0,,,,,
𬒭,8,0,0,,ぜんじ,0,,,,,
𬒮,8,0,0,,,0,,,,,
𬒯,8,0,0,,,0,,,,,
𬒰,8,0,0,,,0,,,,,
𬒱,8,0,0,,,0,,,,,
𬒲,8,0,0,フツ ハイ フチ ヘ バイ,はらう,0,,,,,
𬒳,8,0,0,ヒ,,0,,,,,
𬒴,8,0,0,,,0,,,,,
𬒵,8,0,0,,,0,,,,,
𬒶,8,0,0,,,0,,,,,
𬒷,8,0,0,,,0,,,,,
𬒸,8,0,0,,,0,,,,,
𬒹,8,0,0,,,0,,,,,
𬒺,8,0,0,,,0,,,,,
𬒻,8,0,0,,,0,,,,,
𬒼,8,0,0,,,0,,,,,
𬒽,8,0,0,,,0,,,,,
𬒾,8,0,0,,,0,,,,,
𬒿,8,0,0,,,0,,,,,
𬓀,8,0,0,,,0,,,,,
𬓁,8,0,0,,いのる,0,,,,,
𬓂,8,0,0,,,0,,,,,
𬓃,8,0,0,,,0,,,,,
𬓄,8,0,0,,いけにえ,0,,,,,
𬓅,8,0,0,,,0,,,,,
𬓆,8,0,0,タン デン,,0,,,,,
𬓇,8,0,0,,,0,,,,,
𬓈,8,0,0,,,0,,,,,
𬓉,8,0,0,,,0,,,,,
𬓊,8,0,0,,,0,,,,,
𬓋,8,0,0,,,0,,,,,
𬓌,8,0,0,,,0,,,,,
𬓍,8,0,0,,,0,,,,,
𬓎,8,0,0,,,0,,,,,
𬓏,8,0,0,,,0,,,,,
𬓐,8,0,0,,,0,,,,,
𬓑,8,0,0,,,0,,,,,
𬓒,8,0,0,,,0,,,,,
𬓓,8,0,0,,,0,,,,,
𬓔,8,0,0,,,0,,,,,
𬓕,8,0,0,,,0,,,,,
𬓖,8,0,0,,さか,0,,,,,
𬓗,8,0,0,,,0,,,,,
𬓘,8,0,0,,,0,,,,,
𬓙,8,0,0,,,0,,,,,
𬓚,8,0,0,,,0,,,,,
𬓛,8,0,0,,,0,,,,,
𬓜,8,0,0,,,0,,,,,
𬓝,8,0,0,,,0,,,,,
𬓞,8,0,0,,,0,,,,,
𬓟,8,0,0,,,0,,,,,
𬓠,8,0,0,,,0,,,,,
𬓡,8,0,0,,,0,,,,,
𬓢,8,0,0,,,0,,,,,
𬓣,8,0,0,,,0,,,,,
𬓤,8,0,0,,,0,,,,,
𬓥,8,0,0,,,0,,,,,
𬓦,8,0,0,,あらまき,0,,,,,
𬓧,8,0,0,,,0,,,,,
𬓨,8,0,0,,,0,,,,,
𬓩,8,0,0,,,0,,,,,
𬓪,8,0,0,,,0,,,,,
𬓫,8,0,0,,,0,,,,,
𬓬,8,0,0,,,0,,,,,
𬓭,8,0,0,,,0,,,,,
𬓮,8,0,0,,,0,,,,,
𬓯,8,0,0,,,0,,,,,
𬓰,8,0,0,,,0,,,,,
𬓱,8,0,0,,,0,,,,,
𬓲,8,0,0,テイ,,0,,,,,
𬓳,8,0,0,,あわ,0,,,,,
𬓴,8,0,0,,,0,,,,,
𬓵,8,0,0,,,0,,,,,
𬓶,8,0,0,,,0,,,,,
𬓷,8,0,0,,,0,,,,,
𬓸,8,0,0,,,0,,,,,
𬓹,8,0,0,,あらもと,0,,,,,
𬓺,8,0,0,,,0,,,,,
𬓻,8,0,0,,,0,,,,,
𬓼,8,0,0,,,0,,,,,
𬓽,8,0,0,,,0,,,,,
𬓾,8,0,0,,,0,,,,,
𬓿,8,0,0,,,0,,,,,
𬔀,8,0,0,,うごく,0,,,,,
𬔁,8,0,0,,,0,,,,,
𬔂,8,0,0,,,0,,,,,
𬔃,8,0,0,,,0,,,,,
𬔄,8,0,0,,,0,,,,,
𬔅,8,0,0,,,0,,,,,
𬔆,8,0,0,,,0,,,,,
𬔇,8,0,0,,,0,,,,,
𬔈,8,0,0,,,0,,,,,
𬔉,8,0,0,,,0,,,,,
𬔊,8,0,0,,,0,,,,,
𬔋,8,0,0,,,0,,,,,
𬔌,8,0,0,,,0,,,,,
𬔍,8,0,0,,,0,,,,,
𬔎,8,0,0,,おぼつかない,0,,,,,
𬔏,8,0,0,,へ,0,,,,,
𬔐,8,0,0,,,0,,,,,
𬔑,8,0,0,,,0,,,,,
𬔒,8,0,0,,,0,,,,,
𬔓,8,0,0,,,0,,,,,
𬔔,8,0,0,,,0,,,,,
𬔕,8,0,0,,,0,,,,,
𬔖,8,0,0,,,0,,,,,
𬔗,8,0,0,,,0,,,,,
𬔘,8,0,0,,,0,,,,,
𬔙,8,0,0,,,0,,,,,
𬔚,8,0,0,,,0,,,,,
𬔛,8,0,0,,,0,,,,,
𬔜,8,0,0,,,0,,,,,
𬔝,8,0,0,,,0,,,,,
𬔞,8,0,0,,,0,,,,,
𬔟,8,0,0,,,0,,,,,
𬔠,8,0,0,,,0,,,,,
𬔡,8,0,0,,,0,,,,,
𬔢,8,0,0,,,0,,,,,
𬔣,8,0,0,,,0,,,,,
𬔤,8,0,0,,,0,,,,,
𬔥,8,0,0,,,0,,,,,
𬔦,8,0,0,,,0,,,,,
𬔧,8,0,0,,,0,,,,,
𬔨,8,0,0,,しない,0,,,,,
𬔩,8,0,0,,,0,,,,,
𬔪,8,0,0,,,0,,,,,
𬔫,8,0,0,,,0,,,,,
𬔬,8,0,0,,しもと,0,,,,,
𬔭,8,0,0,,,0,,,,,
𬔮,8,0,0,,,0,,,,,
𬔯,8,0,0,,,0,,,,,
𬔰,8,0,0,,さし,0,,,,,
𬔱,8,0,0,,,0,,,,,
𬔲,8,0,0,,,0,,,,,
𬔳,8,0,0,,,0,,,,,
𬔴,8,0,0,,,0,,,,,
𬔵,8,0,0,,,0,,,,,
𬔶,8,0,0,,,0,,,,,
𬔷,8,0,0,,,0,,,,,
𬔸,8,0,0,,い,0,,,,,
𬔹,8,0,0,,,0,,,,,
𬔺,8,0,0,,,0,,,,,
𬔻,8,0,0,,,0,,,,,
𬔼,8,0,0,,,0,,,,,
𬔽,8,0,0,,,0,,,,,
𬔾,8,0,0,,,0,,,,,
𬔿,8,0,0,,,0,,,,,
𬕀,8,0,0,,,0,,,,,
𬕁,8,0,0,,みの,0,,,,,
𬕂,8,0,0,,,0,,,,,
𬕃,8,0,0,,,0,,,,,
𬕄,8,0,0,,,0,,,,,
𬕅,8,0,0,,,0,,,,,
𬕆,8,0,0,,,0,,,,,
𬕇,8,0,0,,,0,,,,,
𬕈,8,0,0,,,0,,,,,
𬕉,8,0,0,,,0,,,,,
𬕊,8,0,0,,,0,,,,,
𬕋,8,0,0,,すだれ,0,,,,,
𬕌,8,0,0,,,0,,,,,
𬕍,8,0,0,,,0,,,,,
𬕎,8,0,0,,ささら,0,,,,,
𬕏,8,0,0,,,0,,,,,
𬕐,8,0,0,,,0,,,,,
𬕑,8,0,0,,,0,,,,,
𬕒,8,0,0,,,0,,,,,
𬕓,8,0,0,,,0,,,,,
𬕔,8,0,0,,,0,,,,,
𬕕,8,0,0,,,0,,,,,
𬕖,8,0,0,,,0,,,,,
𬕗,8,0,0,,,0,,,,,
𬕘,8,0,0,,,0,,,,,
𬕙,8,0,0,,,0,,,,,
𬕚,8,0,0,,,0,,,,,
𬕛,8,0,0,,,0,,,,,
𬕜,8,0,0,,,0,,,,,
𬕝,8,0,0,,,0,,,,,
𬕞,8,0,0,,,0,,,,,
𬕟,8,0,0,,,0,,,,,
𬕠,8,0,0,,,0,,,,,
𬕡,8,0,0,,,0,,,,,
𬕢,8,0,0,,,0,,,,,
𬕣,8,0,0,,,0,,,,,
𬕤,8,0,0,,,0,,,,,
𬕥,8,0,0,,,0,,,,,
𬕦,8,0,0,,,0,,,,,
𬕧,8,0,0,,あまはこ,0,,,,,
𬕨,8,0,0,,,0,,,,,
𬕩,8,0,0,,,0,,,,,
𬕪,8,0,0,,,0,,,,,
𬕫,8,0,0,,,0,,,,,
𬕬,8,0,0,,,0,,,,,
𬕭,8,0,0,,,0,,,,,
𬕮,8,0,0,,きせる,0,,,,,
𬕯,8,0,0,,,0,,,,,
𬕰,8,0,0,,,0,,,,,
𬕱,8,0,0,,,0,,,,,
𬕲,8,0,0,,,0,,,,,
𬕳,8,0,0,,,0,,,,,
𬕴,8,0,0,,,0,,,,,
𬕵,8,0,0,,,0,,,,,
𬕶,8,0,0,,その,0,,,,,
𬕷,8,0,0,,,0,,,,,
𬕸,8,0,0,,,0,,,,,
𬕹,8,0,0,,,0,,,,,
𬕺,8,0,0,,,0,,,,,
𬕻,8,0,0,,,0,,,,,
𬕼,8,0,0,,,0,,,,,
𬕽,8,0,0,,,0,,,,,
𬕾,8,0,0,,,0,,,,,
𬕿,8,0,0,,,0,,,,,
𬖀,8,0,0,,,0,,,,,
𬖁,8,0,0,,,0,,,,,
𬖂,8,0,0,,,0,,,,,
𬖃,8,0,0,,,0,,,,,
𬖄,8,0,0,,,0,,,,,
𬖅,8,0,0,,,0,,,,,
𬖆,8,0,0,,,0,,,,,
𬖇,8,0,0,,くだ,0,,,,,
𬖈,8,0,0,,,0,,,,,
𬖉,8,0,0,,,0,,,,,
𬖊,8,0,0,,,0,,,,,
𬖋,8,0,0,,,0,,,,,
𬖌,8,0,0,,,0,,,,,
𬖍,8,0,0,,,0,,,,,
𬖎,8,0,0,,,0,,,,,
𬖏,8,0,0,,,0,,,,,
𬖐,8,0,0,,,0,,,,,
𬖑,8,0,0,,,0,,,,,
𬖒,8,0,0,,けわい,0,,,,,
𬖓,8,0,0,,,0,,,,,
𬖔,8,0,0,,,0,,,,,
𬖕,8,0,0,,,0,,,,,
𬖖,8,0,0,,,0,,,,,
𬖗,8,0,0,,,0,,,,,
𬖘,8,0,0,,,0,,,,,
𬖙,8,0,0,,,0,,,,,
𬖚,8,0,0,,,0,,,,,
𬖛,8,0,0,,,0,,,,,
𬖜,8,0,0,,,0,,,,,
𬖝,8,0,0,,,0,,,,,
𬖞,8,0,0,,,0,,,,,
𬖟,8,0,0,,,0,,,,,
𬖠,8,0,0,,,0,,,,,
𬖡,8,0,0,,,0,,,,,
𬖢,8,0,0,,,0,,,,,
𬖣,8,0,0,,ゆする,0,,,,,
𬖤,8,0,0,,,0,,,,,
𬖥,8,0,0,,,0,,,,,
𬖦,8,0,0,,,0,,,,,
𬖧,8,0,0,,,0,,,,,
𬖨,8,0,0,,,0,,,,,
𬖩,8,0,0,,,0,,,,,
𬖪,8,0,0,,,0,,,,,
𬖫,8,0,0,,,0,,,,,
𬖬,8,0,0,,,0,,,,,
𬖭,8,0,0,,,0,,,,,
𬖮,8,0,0,,,0,,,,,
𬖯,8,0,0,,,0,,,,,
𬖰,8,0,0,,,0,,,,,
𬖱,8,0,0,,,0,,,,,
𬖲,8,0,0,,,0,,,,,
𬖳,8,0,0,,,0,,,,,
𬖴,8,0,0,,,0,,,,,
𬖵,8,0,0,,,0,,,,,
𬖶,8,0,0,,,0,,,,,
𬖷,8,0,0,,,0,,,,,
𬖸,8,0,0,,,0,,,,,
𬖹,8,0,0,,,0,,,,,
𬖺,8,0,0,,,0,,,,,
𬖻,8,0,0,,かて,0,,,,,
𬖼,8,0,0,,,0,,,,,
𬖽,8,0,0,,,0,,,,,
𬖾,8,0,0,,,0,,,,,
𬖿,8,0,0,,,0,,,,,
𬗀,8,0,0,,,0,,,,,
𬗁,8,0,0,,,0,,,,,
𬗂,8,0,0,,,0,,,,,
𬗃,8,0,0,,,0,,,,,
𬗄,8,0,0,,,0,,,,,
𬗅,8,0,0,,,0,,,,,
𬗆,8,0,0,,,0,,,,,
𬗇,8,0,0,,,0,,,,,
𬗈,8,0,0,,,0,,,,,
𬗉,8,0,0,,,0,,,,,
𬗊,8,0,0,,,0,,,,,
𬗋,8,0,0,,,0,,,,,
𬗌,8,0,0,,,0,,,,,
𬗍,8,0,0,,,0,,,,,
𬗎,8,0,0,,,0,,,,,
𬗏,8,0,0,,,0,,,,,
𬗐,8,0,0,,,0,,,,,
𬗑,8,0,0,,,0,,,,,
𬗒,8,0,0,,,0,,,,,
𬗓,8,0,0,,,0,,,,,
𬗔,8,0,0,,,0,,,,,
𬗕,8,0,0,,,0,,,,,
𬗖,8,0,0,,だん,0,,,,,
𬗗,8,0,0,,,0,,,,,
𬗘,8,0,0,,,0,,,,,
𬗙,8,0,0,,,0,,,,,
𬗚,8,0,0,ケン,あや,0,,,,,
𬗛,8,0,0,,,0,,,,,
𬗜,8,0,0,,,0,,,,,
𬗝,8,0,0,,,0,,,,,
𬗞,8,0,0,,,0,,,,,
𬗟,8,0,0,,,0,,,,,
𬗠,8,0,0,,,0,,,,,
𬗡,8,0,0,,,0,,,,,
𬗢,8,0,0,,,0,,,,,
𬗣,8,0,0,,,0,,,,,
𬗤,8,0,0,,,0,,,,,
𬗥,8,0,0,,,0,,,,,
𬗦,8,0,0,,,0,,,,,
𬗧,8,0,0,,,0,,,,,
𬗨,8,0,0,,,0,,,,,
𬗩,8,0,0,,,0,,,,,
𬗪,8,0,0,,,0,,,,,
𬗫,8,0,0,,,0,,,,,
𬗬,8,0,0,,つがり,0,,,,,
𬗭,8,0,0,,,0,,,,,
𬗮,8,0,0,,,0,,,,,
𬗯,8,0,0,,,0,,,,,
𬗰,8,0,0,,,0,,,,,
𬗱,8,0,0,,,0,,,,,
𬗲,8,0,0,,,0,,,,,
𬗳,8,0,0,,,0,,,,,
𬗴,8,0,0,,,0,,,,,
𬗵,8,0,0,,,0,,,,,
𬗶,8,0,0,,,0,,,,,
𬗷,8,0,0,,,0,,,,,
𬗸,8,0,0,,,0,,,,,
𬗹,8,0,0,,,0,,,,,
𬗺,8,0,0,,,0,,,,,
𬗻,8,0,0,,,0,,,,,
𬗼,8,0,0,,,0,,,,,
𬗽,8,0,0,,,0,,,,,
𬗾,8,0,0,,,0,,,,,
𬗿,8,0,0,,,0,,,,,
𬘀,8,0,0,,,0,,,,,
𬘁,8,0,0,,,0,,,,,
𬘂,8,0,0,,,0,,,,,
𬘃,8,0,0,,,0,,,,,
𬘄,8,0,0,,,0,,,,,
𬘅,8,0,0,,,0,,,,,
𬘆,8,0,0,,,0,,,,,
𬘇,8,0,0,,,0,,,,,
𬘈,8,0,0,,こと,0,,,,,
𬘉,8,0,0,,,0,,,,,
𬘊,8,0,0,,,0,,,,,
𬘋,8,0,0,,,0,,,,,
𬘌,8,0,0,,,0,,,,,
𬘍,8,0,0,,,0,,,,,
𬘎,8,0,0,,,0,,,,,
𬘏,8,0,0,,,0,,,,,
𬘐,8,0,0,,,0,,,,,
𬘑,8,0,0,,,0,,,,,
𬘒,8,0,0,,,0,,,,,
𬘓,8,0,0,,,0,,,,,
𬘔,8,0,0,,,0,,,,,
𬘕,8,0,0,,,0,,,,,
𬘖,8,0,0,,,0,,,,,
𬘗,8,0,0,,,0,,,,,
𬘘,8,0,0,,,0,,,,,
𬘙,8,0,0,,,0,,,,,
𬘚,8,0,0,,,0,,,,,
𬘛,8,0,0,,,0,,,,,
𬘜,8,0,0,,,0,,,,,
𬘝,8,0,0,,,0,,,,,
𬘞,8,0,0,,,0,,,,,
𬘟,8,0,0,,,0,,,,,
𬘠,8,0,0,,,0,,,,,
𬘡,8,0,0,,,0,,,,,
𬘢,8,0,0,,,0,,,,,
𬘣,8,0,0,,,0,,,,,
𬘤,8,0,0,,,0,,,,,
𬘥,8,0,0,,,0,,,,,
𬘦,8,0,0,,,0,,,,,
𬘧,8,0,0,,,0,,,,,
𬘨,8,0,0,,,0,,,,,
𬘩,8,0,0,,,0,,,,,
𬘪,8,0,0,,,0,,,,,
𬘫,8,0,0,,,0,,,,,
𬘬,8,0,0,,,0,,,,,
𬘭,8,0,0,,,0,,,,,
𬘮,8,0,0,,,0,,,,,
𬘯,8,0,0,,,0,,,,,
𬘰,8,0,0,,,0,,,,,
𬘱,8,0,0,,,0,,,,,
𬘲,8,0,0,,,0,,,,,
𬘳,8,0,0,,,0,,,,,
𬘴,8,0,0,,,0,,,,,
𬘵,8,0,0,,,0,,,,,
𬘶,8,0,0,,,0,,,,,
𬘷,8,0,0,,,0,,,,,
𬘸,8,0,0,,,0,,,,,
𬘹,8,0,0,,,0,,,,,
𬘺,8,0,0,,,0,,,,,
𬘻,8,0,0,,,0,,,,,
𬘼,8,0,0,,,0,,,,,
𬘽,8,0,0,,,0,,,,,
𬘾,8,0,0,,,0,,,,,
𬘿,8,0,0,,,0,,,,,
𬙀,8,0,0,,,0,,,,,
𬙁,8,0,0,,,0,,,,,
𬙂,8,0,0,,,0,,,,,
𬙃,8,0,0,,,0,,,,,
𬙄,8,0,0,,,0,,,,,
𬙅,8,0,0,,,0,,,,,
𬙆,8,0,0,,,0,,,,,
𬙇,8,0,0,,,0,,,,,
𬙈,8,0,0,,,0,,,,,
𬙉,8,0,0,,,0,,,,,
𬙊,8,0,0,,,0,,,,,
𬙋,8,0,0,,,0,,,,,
𬙌,8,0,0,,,0,,,,,
𬙍,8,0,0,,,0,,,,,
𬙎,8,0,0,,,0,,,,,
𬙏,8,0,0,,,0,,,,,
𬙐,8,0,0,,,0,,,,,
𬙑,8,0,0,,,0,,,,,
𬙒,8,0,0,,,0,,,,,
𬙓,8,0,0,,,0,,,,,
𬙔,8,0,0,,,0,,,,,
𬙕,8,0,0,,,0,,,,,
𬙖,8,0,0,,,0,,,,,
𬙗,8,0,0,,,0,,,,,
𬙘,8,0,0,,,0,,,,,
𬙙,8,0,0,,,0,,,,,
𬙚,8,0,0,,,0,,,,,
𬙛,8,0,0,,,0,,,,,
𬙜,8,0,0,,,0,,,,,
𬙝,8,0,0,,,0,,,,,
𬙞,8,0,0,,,0,,,,,
𬙟,8,0,0,,,0,,,,,
𬙠,8,0,0,,,0,,,,,
𬙡,8,0,0,,,0,,,,,
𬙢,8,0,0,,,0,,,,,
𬙣,8,0,0,,,0,,,,,
𬙤,8,0,0,,,0,,,,,
𬙥,8,0,0,,,0,,,,,
𬙦,8,0,0,,,0,,,,,
𬙧,8,0,0,,,0,,,,,
𬙨,8,0,0,,,0,,,,,
𬙩,8,0,0,,,0,,,,,
𬙪,8,0,0,,,0,,,,,
𬙫,8,0,0,,,0,,,,,
𬙬,8,0,0,,,0,,,,,
𬙭,8,0,0,,,0,,,,,
𬙮,8,0,0,,,0,,,,,
𬙯,8,0,0,,,0,,,,,
𬙰,8,0,0,,かが,0,,,,,
𬙱,8,0,0,,,0,,,,,
𬙲,8,0,0,,,0,,,,,
𬙳,8,0,0,,,0,,,,,
𬙴,8,0,0,,,0,,,,,
𬙵,8,0,0,,,0,,,,,
𬙶,8,0,0,,,0,,,,,
𬙷,8,0,0,,,0,,,,,
𬙸,8,0,0,,,0,,,,,
𬙹,8,0,0,,,0,,,,,
𬙺,8,0,0,,,0,,,,,
𬙻,8,0,0,,,0,,,,,
𬙼,8,0,0,,,0,,,,,
𬙽,8,0,0,,,0,,,,,
𬙾,8,0,0,,,0,,,,,
𬙿,8,0,0,,,0,,,,,
𬚀,8,0,0,,,0,,,,,
𬚁,8,0,0,,,0,,,,,
𬚂,8,0,0,,,0,,,,,
𬚃,8,0,0,,,0,,,,,
𬚄,8,0,0,,,0,,,,,
𬚅,8,0,0,,,0,,,,,
𬚆,8,0,0,,,0,,,,,
𬚇,8,0,0,,,0,,,,,
𬚈,8,0,0,,,0,,,,,
𬚉,8,0,0,,,0,,,,,
𬚊,8,0,0,,,0,,,,,
𬚋,8,0,0,,,0,,,,,
𬚌,8,0,0,,,0,,,,,
𬚍,8,0,0,,,0,,,,,
𬚎,8,0,0,,,0,,,,,
𬚏,8,0,0,,,0,,,,,
𬚐,8,0,0,,,0,,,,,
𬚑,8,0,0,,,0,,,,,
𬚒,8,0,0,,,0,,,,,
𬚓,8,0,0,,,0,,,,,
𬚔,8,0,0,,,0,,,,,
𬚕,8,0,0,,,0,,,,,
𬚖,8,0,0,,,0,,,,,
𬚗,8,0,0,,,0,,,,,
𬚘,8,0,0,,,0,,,,,
𬚙,8,0,0,,,0,,,,,
𬚚,8,0,0,,,0,,,,,
𬚛,8,0,0,,,0,,,,,
𬚜,8,0,0,,,0,,,,,
𬚝,8,0,0,,ささやく,0,,,,,
𬚞,8,0,0,,,0,,,,,
𬚟,8,0,0,,,0,,,,,
𬚠,8,0,0,,,0,,,,,
𬚡,8,0,0,,,0,,,,,
𬚢,8,0,0,,,0,,,,,
𬚣,8,0,0,,,0,,,,,
𬚤,8,0,0,,,0,,,,,
𬚥,8,0,0,,,0,,,,,
𬚦,8,0,0,,,0,,,,,
𬚧,8,0,0,,,0,,,,,
𬚨,8,0,0,,,0,,,,,
𬚩,8,0,0,,いわくら,0,,,,,
𬚪,8,0,0,,,0,,,,,
𬚫,8,0,0,,,0,,,,,
𬚬,8,0,0,,,0,,,,,
𬚭,8,0,0,,,0,,,,,
𬚮,8,0,0,,,0,,,,,
𬚯,8,0,0,,,0,,,,,
𬚰,8,0,0,,,0,,,,,
𬚱,8,0,0,,,0,,,,,
𬚲,8,0,0,,,0,,,,,
𬚳,8,0,0,,,0,,,,,
𬚴,8,0,0,,,0,,,,,
𬚵,8,0,0,,,0,,,,,
𬚶,8,0,0,,,0,,,,,
𬚷,8,0,0,,,0,,,,,
𬚸,8,0,0,,,0,,,,,
𬚹,8,0,0,ワ,,0,,,,,
𬚺,8,0,0,,,0,,,,,
𬚻,8,0,0,,,0,,,,,
𬚼,8,0,0,,,0,,,,,
𬚽,8,0,0,ケイ,,0,,,,,
𬚾,8,0,0,,,0,,,,,
𬚿,8,0,0,,,0,,,,,
𬛀,8,0,0,,,0,,,,,
𬛁,8,0,0,,,0,,,,,
𬛂,8,0,0,,はばき,0,,,,,
𬛃,8,0,0,,,0,,,,,
𬛄,8,0,0,,,0,,,,,
𬛅,8,0,0,,,0,,,,,
𬛆,8,0,0,,,0,,,,,
𬛇,8,0,0,,,0,,,,,
𬛈,8,0,0,,,0,,,,,
𬛉,8,0,0,,,0,,,,,
𬛊,8,0,0,,,0,,,,,
𬛋,8,0,0,,,0,,,,,
𬛌,8,0,0,,たなしし,0,,,,,
𬛍,8,0,0,,,0,,,,,
𬛎,8,0,0,,,0,,,,,
𬛏,8,0,0,,,0,,,,,
𬛐,8,0,0,,,0,,,,,
𬛑,8,0,0,,,0,,,,,
𬛒,8,0,0,,,0,,,,,
𬛓,8,0,0,,とりびしお,0,,,,,
𬛔,8,0,0,,,0,,,,,
𬛕,8,0,0,,,0,,,,,
𬛖,8,0,0,,,0,,,,,
𬛗,8,0,0,,,0,,,,,
𬛘,8,0,0,,,0,,,,,
𬛙,8,0,0,,,0,,,,,
𬛚,8,0,0,,,0,,,,,
𬛛,8,0,0,,,0,,,,,
𬛜,8,0,0,ビン ヒン,あしきる,0,,,,,
𬛝,8,0,0,,,0,,,,,
𬛞,8,0,0,,,0,,,,,
𬛟,8,0,0,,,0,,,,,
𬛠,8,0,0,,,0,,,,,
𬛡,8,0,0,,,0,,,,,
𬛢,8,0,0,,,0,,,,,
𬛣,8,0,0,,,0,,,,,
𬛤,8,0,0,,,0,,,,,
𬛥,8,0,0,,,0,,,,,
𬛦,8,0,0,,,0,,,,,
𬛧,8,0,0,,,0,,,,,
𬛨,8,0,0,,,0,,,,,
𬛩,8,0,0,,,0,,,,,
𬛪,8,0,0,,,0,,,,,
𬛫,8,0,0,,,0,,,,,
𬛬,8,0,0,,,0,,,,,
𬛭,8,0,0,,,0,,,,,
𬛮,8,0,0,,,0,,,,,
𬛯,8,0,0,,,0,,,,,
𬛰,8,0,0,,,0,,,,,
𬛱,8,0,0,,,0,,,,,
𬛲,8,0,0,,,0,,,,,
𬛳,8,0,0,,,0,,,,,
𬛴,8,0,0,,,0,,,,,
𬛵,8,0,0,,,0,,,,,
𬛶,8,0,0,,,0,,,,,
𬛷,8,0,0,,,0,,,,,
𬛸,8,0,0,,,0,,,,,
𬛹,8,0,0,,,0,,,,,
𬛺,8,0,0,,,0,,,,,
𬛻,8,0,0,,,0,,,,,
𬛼,8,0,0,,,0,,,,,
𬛽,8,0,0,,,0,,,,,
𬛾,8,0,0,,,0,,,,,
𬛿,8,0,0,,,0,,,,,
𬜀,8,0,0,,,0,,,,,
𬜁,8,0,0,,,0,,,,,
𬜂,8,0,0,,,0,,,,,
𬜃,8,0,0,,,0,,,,,
𬜄,8,0,0,,,0,,,,,
𬜅,8,0,0,,,0,,,,,
𬜆,8,0,0,,,0,,,,,
𬜇,8,0,0,,,0,,,,,
𬜈,8,0,0,,,0,,,,,
𬜉,8,0,0,,,0,,,,,
𬜊,8,0,0,,,0,,,,,
𬜋,8,0,0,,やかた,0,,,,,
𬜌,8,0,0,,,0,,,,,
𬜍,8,0,0,,,0,,,,,
𬜎,8,0,0,,,0,,,,,
𬜏,8,0,0,,,0,,,,,
𬜐,8,0,0,,,0,,,,,
𬜑,8,0,0,,,0,,,,,
𬜒,8,0,0,ハン,,0,,,,,
𬜓,8,0,0,,,0,,,,,
𬜔,8,0,0,,,0,,,,,
𬜕,8,0,0,,,0,,,,,
𬜖,8,0,0,,うつけ,0,,,,,
𬜗,8,0,0,,とまぶね,0,,,,,
𬜘,8,0,0,,,0,,,,,
𬜙,8,0,0,,,0,,,,,
𬜚,8,0,0,,,0,,,,,
𬜛,8,0,0,,,0,,,,,
𬜜,8,0,0,,,0,,,,,
𬜝,8,0,0,,,0,,,,,
𬜞,8,0,0,,,0,,,,,
𬜟,8,0,0,,,0,,,,,
𬜠,8,0,0,,,0,,,,,
𬜡,8,0,0,,,0,,,,,
𬜢,8,0,0,,,0,,,,,
𬜣,8,0,0,,いそ,0,,,,,
𬜤,8,0,0,,,0,,,,,
𬜥,8,0,0,,,0,,,,,
𬜦,8,0,0,,,0,,,,,
𬜧,8,0,0,,,0,,,,,
𬜨,8,0,0,,,0,,,,,
𬜩,8,0,0,,か,0,,,,,
𬜪,8,0,0,,,0,,,,,
𬜫,8,0,0,,,0,,,,,
𬜬,8,0,0,,,0,,,,,
𬜭,8,0,0,,ところ,0,,,,,
𬜮,8,0,0,,ひげ,0,,,,,
𬜯,8,0,0,,,0,,,,,
𬜰,8,0,0,,かいそぐ,0,,,,,
𬜱,8,0,0,,いら,0,,,,,
𬜲,8,0,0,,ほんだわら,0,,,,,
𬜳,8,0,0,,,0,,,,,
𬜴,8,0,0,,たばこ,0,,,,,
𬜵,8,0,0,,,0,,,,,
𬜶,8,0,0,,,0,,,,,
𬜷,8,0,0,,や,0,,,,,
𬜸,8,0,0,,,0,,,,,
𬜹,8,0,0,,,0,,,,,
𬜺,8,0,0,,,0,,,,,
𬜻,8,0,0,サイ スイ ズイ セ,あつまる,0,,,,,
𬜼,8,0,0,,いぬい,0,,,,,
𬜽,8,0,0,,,0,,,,,
𬜾,8,0,0,,,0,,,,,
𬜿,8,0,0,,,0,,,,,
𬝀,8,0,0,,,0,,,,,
𬝁,8,0,0,,,0,,,,,
𬝂,8,0,0,,ぬた,0,,,,,
𬝃,8,0,0,,,0,,,,,
𬝄,8,0,0,,,0,,,,,
𬝅,8,0,0,,,0,,,,,
𬝆,8,0,0,,,0,,,,,
𬝇,8,0,0,,,0,,,,,
𬝈,8,0,0,,,0,,,,,
𬝉,8,0,0,,,0,,,,,
𬝊,8,0,0,,,0,,,,,
𬝋,8,0,0,,,0,,,,,
𬝌,8,0,0,,,0,,,,,
𬝍,8,0,0,,はこべら,0,,,,,
𬝎,8,0,0,,,0,,,,,
𬝏,8,0,0,,,0,,,,,
𬝐,8,0,0,,,0,,,,,
𬝑,8,0,0,,,0,,,,,
𬝒,8,0,0,,,0,,,,,
𬝓,8,0,0,,,0,,,,,
𬝔,8,0,0,,かがみうり,0,,,,,
𬝕,8,0,0,,,0,,,,,
𬝖,8,0,0,,しらくち,0,,,,,
𬝗,8,0,0,,,0,,,,,
𬝘,8,0,0,,,0,,,,,
𬝙,8,0,0,,,0,,,,,
𬝚,8,0,0,,,0,,,,,
𬝛,8,0,0,,,0,,,,,
𬝜,8,0,0,,,0,,,,,
𬝝,8,0,0,,さるかき,0,,,,,
𬝞,8,0,0,,なもみ,0,,,,,
𬝟,8,0,0,,,0,,,,,
𬝠,8,0,0,,,0,,,,,
𬝡,8,0,0,,,0,,,,,
𬝢,8,0,0,,,0,,,,,
𬝣,8,0,0,,,0,,,,,
𬝤,8,0,0,,,0,,,,,
𬝥,8,0,0,,かね,0,,,,,
𬝦,8,0,0,,わら,0,,,,,
𬝧,8,0,0,,,0,,,,,
𬝨,8,0,0,,,0,,,,,
𬝩,8,0,0,,やふく,0,,,,,
𬝪,8,0,0,,,0,,,,,
𬝫,8,0,0,,,0,,,,,
𬝬,8,0,0,,,0,,,,,
𬝭,8,0,0,,あさ,0,,,,,
𬝮,8,0,0,,,0,,,,,
𬝯,8,0,0,,,0,,,,,
𬝰,8,0,0,,,0,,,,,
𬝱,8,0,0,,,0,,,,,
𬝲,8,0,0,,,0,,,,,
𬝳,8,0,0,,,0,,,,,
𬝴,8,0,0,,,0,,,,,
𬝵,8,0,0,,,0,,,,,
𬝶,8,0,0,,,0,,,,,
𬝷,8,0,0,,,0,,,,,
𬝸,8,0,0,,,0,,,,,
𬝹,8,0,0,,,0,,,,,
𬝺,8,0,0,,,0,,,,,
𬝻,8,0,0,,くぼて,0,,,,,
𬝼,8,0,0,,,0,,,,,
𬝽,8,0,0,,,0,,,,,
𬝾,8,0,0,,,0,,,,,
𬝿,8,0,0,,すずほり,0,,,,,
𬞀,8,0,0,,,0,,,,,
𬞁,8,0,0,,,0,,,,,
𬞂,8,0,0,,,0,,,,,
𬞃,8,0,0,,,0,,,,,
𬞄,8,0,0,,,0,,,,,
𬞅,8,0,0,,,0,,,,,
𬞆,8,0,0,,,0,,,,,
𬞇,8,0,0,,,0,,,,,
𬞈,8,0,0,,,0,,,,,
𬞉,8,0,0,,かはしくさ,0,,,,,
𬞊,8,0,0,,,0,,,,,
𬞋,8,0,0,,,0,,,,,
𬞌,8,0,0,,,0,,,,,
𬞍,8,0,0,,からむし,0,,,,,
𬞎,8,0,0,,,0,,,,,
𬞏,8,0,0,,,0,,,,,
𬞐,8,0,0,,あくたれる,0,,,,,
𬞑,8,0,0,,,0,,,,,
𬞒,8,0,0,,,0,,,,,
𬞓,8,0,0,,,0,,,,,
𬞔,8,0,0,,なりひさご,0,,,,,
𬞕,8,0,0,,,0,,,,,
𬞖,8,0,0,,,0,,,,,
𬞗,8,0,0,,,0,,,,,
𬞘,8,0,0,,,0,,,,,
𬞙,8,0,0,,なたね,0,,,,,
𬞚,8,0,0,,,0,,,,,
𬞛,8,0,0,,,0,,,,,
𬞜,8,0,0,,,0,,,,,
𬞝,8,0,0,,,0,,,,,
𬞞,8,0,0,,,0,,,,,
𬞟,8,0,0,,,0,,,,,
𬞠,8,0,0,,,0,,,,,
𬞡,8,0,0,,つるまき,0,,,,,
𬞢,8,0,0,,,0,,,,,
𬞣,8,0,0,,,0,,,,,
𬞤,8,0,0,,,0,,,,,
𬞥,8,0,0,,,0,,,,,
𬞦,8,0,0,,つね,0,,,,,
𬞧,8,0,0,,,0,,,,,
𬞨,8,0,0,,,0,,,,,
𬞩,8,0,0,,,0,,,,,
𬞪,8,0,0,,,0,,,,,
𬞫,8,0,0,,,0,,,,,
𬞬,8,0,0,,,0,,,,,
𬞭,8,0,0,,,0,,,,,
𬞮,8,0,0,,,0,,,,,
𬞯,8,0,0,,,0,,,,,
𬞰,8,0,0,,,0,,,,,
𬞱,8,0,0,,,0,,,,,
𬞲,8,0,0,,,0,,,,,
𬞳,8,0,0,,,0,,,,,
𬞴,8,0,0,,,0,,,,,
𬞵,8,0,0,,,0,,,,,
𬞶,8,0,0,,,0,,,,,
𬞷,8,0,0,,,0,,,,,
𬞸,8,0,0,,おおい,0,,,,,
𬞹,8,0,0,,わら,0,,,,,
𬞺,8,0,0,,,0,,,,,
𬞻,8,0,0,,,0,,,,,
𬞼,8,0,0,イ,,0,,,,,
𬞽,8,0,0,,,0,,,,,
𬞾,8,0,0,,,0,,,,,
𬞿,8,0,0,,,0,,,,,
𬟀,8,0,0,,,0,,,,,
𬟁,8,0,0,,,0,,,,,
𬟂,8,0,0,,いぎす,0,,,,,
𬟃,8,0,0,,,0,,,,,
𬟄,8,0,0,,,0,,,,,
𬟅,8,0,0,,,0,,,,,
𬟆,8,0,0,,,0,,,,,
𬟇,8,0,0,,,0,,,,,
𬟈,8,0,0,,,0,,,,,
𬟉,8,0,0,,,0,,,,,
𬟊,8,0,0,,,0,,,,,
𬟋,8,0,0,,あまずら,0,,,,,
𬟌,8,0,0,,,0,,,,,
𬟍,8,0,0,,,0,,,,,
𬟎,8,0,0,,,0,,,,,
𬟏,8,0,0,,,0,,,,,
𬟐,8,0,0,,つきくさ,0,,,,,
𬟑,8,0,0,,,0,,,,,
𬟒,8,0,0,,いえあららぎ,0,,,,,
𬟓,8,0,0,クン,かおりぐさ かおる かおり,0,,,,,
𬟔,8,0,0,,,0,,,,,
𬟕,8,0,0,,,0,,,,,
𬟖,8,0,0,,,0,,,,,
𬟗,8,0,0,,,0,,,,,
𬟘,8,0,0,スイ,,0,,,,,
𬟙,8,0,0,,,0,,,,,
𬟚,8,0,0,,,0,,,,,
𬟛,8,0,0,,,0,,,,,
𬟜,8,0,0,,,0,,,,,
𬟝,8,0,0,,,0,,,,,
𬟞,8,0,0,,,0,,,,,
𬟟,8,0,0,,,0,,,,,
𬟠,8,0,0,,,0,,,,,
𬟡,8,0,0,,,0,,,,,
𬟢,8,0,0,,こもくさ,0,,,,,
𬟣,8,0,0,,,0,,,,,
𬟤,8,0,0,,,0,,,,,
𬟥,8,0,0,,,0,,,,,
𬟦,8,0,0,,かずら,0,,,,,
𬟧,8,0,0,,,0,,,,,
𬟨,8,0,0,,,0,,,,,
𬟩,8,0,0,,,0,,,,,
𬟪,8,0,0,,,0,,,,,
𬟫,8,0,0,,,0,,,,,
𬟬,8,0,0,,,0,,,,,
𬟭,8,0,0,,,0,,,,,
𬟮,8,0,0,,,0,,,,,
𬟯,8,0,0,,,0,,,,,
𬟰,8,0,0,,,0,,,,,
𬟱,8,0,0,,,0,,,,,
𬟲,8,0,0,,,0,,,,,
𬟳,8,0,0,,,0,,,,,
𬟴,8,0,0,,,0,,,,,
𬟵,8,0,0,,,0,,,,,
𬟶,8,0,0,,のきはむし,0,,,,,
𬟷,8,0,0,,こえのみ,0,,,,,
𬟸,8,0,0,,のみ,0,,,,,
𬟹,8,0,0,,,0,,,,,
𬟺,8,0,0,,,0,,,,,
𬟻,8,0,0,,,0,,,,,
𬟼,8,0,0,,,0,,,,,
𬟽,8,0,0,,,0,,,,,
𬟾,8,0,0,,,0,,,,,
𬟿,8,0,0,,,0,,,,,
𬠀,8,0,0,,しらみ,0,,,,,
𬠁,8,0,0,,,0,,,,,
𬠂,8,0,0,,えび,0,,,,,
𬠃,8,0,0,,,0,,,,,
𬠄,8,0,0,,,0,,,,,
𬠅,8,0,0,,,0,,,,,
𬠆,8,0,0,,,0,,,,,
𬠇,8,0,0,,,0,,,,,
𬠈,8,0,0,,,0,,,,,
𬠉,8,0,0,,ふん,0,,,,,
𬠊,8,0,0,,じ,0,,,,,
𬠋,8,0,0,,うむき,0,,,,,
𬠌,8,0,0,,,0,,,,,
𬠍,8,0,0,,もむ,0,,,,,
𬠎,8,0,0,,ひき,0,,,,,
𬠏,8,0,0,,,0,,,,,
𬠐,8,0,0,,,0,,,,,
𬠑,8,0,0,,,0,,,,,
𬠒,8,0,0,,かたつぶり,0,,,,,
𬠓,8,0,0,,,0,,,,,
𬠔,8,0,0,,,0,,,,,
𬠕,8,0,0,,,0,,,,,
𬠖,8,0,0,,,0,,,,,
𬠗,8,0,0,,,0,,,,,
𬠘,8,0,0,,えい,0,,,,,
𬠙,8,0,0,,ふな,0,,,,,
𬠚,8,0,0,,,0,,,,,
𬠛,8,0,0,,,0,,,,,
𬠜,8,0,0,,,0,,,,,
𬠝,8,0,0,,かき,0,,,,,
𬠞,8,0,0,,かわほり,0,,,,,
𬠟,8,0,0,,ふな,0,,,,,
𬠠,8,0,0,,,0,,,,,
𬠡,8,0,0,,,0,,,,,
𬠢,8,0,0,,,0,,,,,
𬠣,8,0,0,,,0,,,,,
𬠤,8,0,0,,ひる,0,,,,,
𬠥,8,0,0,,,0,,,,,
𬠦,8,0,0,,,0,,,,,
𬠧,8,0,0,,くらげ,0,,,,,
𬠨,8,0,0,,,0,,,,,
𬠩,8,0,0,,つび,0,,,,,
𬠪,8,0,0,,,0,,,,,
𬠫,8,0,0,,,0,,,,,
𬠬,8,0,0,,くも,0,,,,,
𬠭,8,0,0,,くわご,0,,,,,
𬠮,8,0,0,,かさむし,0,,,,,
𬠯,8,0,0,,あわび,0,,,,,
𬠰,8,0,0,,,0,,,,,
𬠱,8,0,0,,,0,,,,,
𬠲,8,0,0,,,0,,,,,
𬠳,8,0,0,,さけのはえ,0,,,,,
𬠴,8,0,0,,くも,0,,,,,
𬠵,8,0,0,,,0,,,,,
𬠶,8,0,0,,,0,,,,,
𬠷,8,0,0,,,0,,,,,
𬠸,8,0,0,,,0,,,,,
𬠹,8,0,0,,,0,,,,,
𬠺,8,0,0,,,0,,,,,
𬠻,8,0,0,,かき,0,,,,,
𬠼,8,0,0,,,0,,,,,
𬠽,8,0,0,,,0,,,,,
𬠾,8,0,0,,,0,,,,,
𬠿,8,0,0,,,0,,,,,
𬡀,8,0,0,,ふくむ,0,,,,,
𬡁,8,0,0,,,0,,,,,
𬡂,8,0,0,,,0,,,,,
𬡃,8,0,0,,,0,,,,,
𬡄,8,0,0,,,0,,,,,
𬡅,8,0,0,,,0,,,,,
𬡆,8,0,0,,,0,,,,,
𬡇,8,0,0,,,0,,,,,
𬡈,8,0,0,,,0,,,,,
𬡉,8,0,0,,,0,,,,,
𬡊,8,0,0,,,0,,,,,
𬡋,8,0,0,,,0,,,,,
𬡌,8,0,0,,,0,,,,,
𬡍,8,0,0,,,0,,,,,
𬡎,8,0,0,,,0,,,,,
𬡏,8,0,0,,,0,,,,,
𬡐,8,0,0,,,0,,,,,
𬡑,8,0,0,,,0,,,,,
𬡒,8,0,0,,,0,,,,,
𬡓,8,0,0,,,0,,,,,
𬡔,8,0,0,,,0,,,,,
𬡕,8,0,0,,,0,,,,,
𬡖,8,0,0,,,0,,,,,
𬡗,8,0,0,,,0,,,,,
𬡘,8,0,0,,,0,,,,,
𬡙,8,0,0,,,0,,,,,
𬡚,8,0,0,,,0,,,,,
𬡛,8,0,0,,ふすま,0,,,,,
𬡜,8,0,0,,,0,,,,,
𬡝,8,0,0,,,0,,,,,
𬡞,8,0,0,,,0,,,,,
𬡟,8,0,0,,,0,,,,,
𬡠,8,0,0,,,0,,,,,
𬡡,8,0,0,,,0,,,,,
𬡢,8,0,0,,,0,,,,,
𬡣,8,0,0,,,0,,,,,
𬡤,8,0,0,,,0,,,,,
𬡥,8,0,0,チョウ テイ,さいわい ただしい,0,,,,,
𬡦,8,0,0,,,0,,,,,
𬡧,8,0,0,,,0,,,,,
𬡨,8,0,0,,,0,,,,,
𬡩,8,0,0,,たもと,0,,,,,
𬡪,8,0,0,,,0,,,,,
𬡫,8,0,0,,,0,,,,,
𬡬,8,0,0,,,0,,,,,
𬡭,8,0,0,,,0,,,,,
𬡮,8,0,0,,,0,,,,,
𬡯,8,0,0,,,0,,,,,
𬡰,8,0,0,,,0,,,,,
𬡱,8,0,0,,,0,,,,,
𬡲,8,0,0,,,0,,,,,
𬡳,8,0,0,,,0,,,,,
𬡴,8,0,0,,,0,,,,,
𬡵,8,0,0,,,0,,,,,
𬡶,8,0,0,,,0,,,,,
𬡷,8,0,0,,,0,,,,,
𬡸,8,0,0,,,0,,,,,
𬡹,8,0,0,,,0,,,,,
𬡺,8,0,0,,,0,,,,,
𬡻,8,0,0,,,0,,,,,
𬡼,8,0,0,,,0,,,,,
𬡽,8,0,0,,みせ,0,,,,,
𬡾,8,0,0,,みる,0,,,,,
𬡿,8,0,0,,,0,,,,,
𬢀,8,0,0,,,0,,,,,
𬢁,8,0,0,,,0,,,,,
𬢂,8,0,0,,,0,,,,,
𬢃,8,0,0,,,0,,,,,
𬢄,8,0,0,,いけん,0,,,,,
𬢅,8,0,0,,,0,,,,,
𬢆,8,0,0,,なびく,0,,,,,
𬢇,8,0,0,,,0,,,,,
𬢈,8,0,0,,,0,,,,,
𬢉,8,0,0,,,0,,,,,
𬢊,8,0,0,,,0,,,,,
𬢋,8,0,0,,,0,,,,,
𬢌,8,0,0,,,0,,,,,
𬢍,8,0,0,,,0,,,,,
𬢎,8,0,0,,,0,,,,,
𬢏,8,0,0,,,0,,,,,
𬢐,8,0,0,,,0,,,,,
𬢑,8,0,0,,,0,,,,,
𬢒,8,0,0,,,0,,,,,
𬢓,8,0,0,,,0,,,,,
𬢔,8,0,0,,,0,,,,,
𬢕,8,0,0,,,0,,,,,
𬢖,8,0,0,,かい,0,,,,,
𬢗,8,0,0,,,0,,,,,
𬢘,8,0,0,,,0,,,,,
𬢙,8,0,0,,,0,,,,,
𬢚,8,0,0,,,0,,,,,
𬢛,8,0,0,,,0,,,,,
𬢜,8,0,0,,,0,,,,,
𬢝,8,0,0,,,0,,,,,
𬢞,8,0,0,,,0,,,,,
𬢟,8,0,0,,,0,,,,,
𬢠,8,0,0,,,0,,,,,
𬢡,8,0,0,,,0,,,,,
𬢢,8,0,0,,,0,,,,,
𬢣,8,0,0,,,0,,,,,
𬢤,8,0,0,,,0,,,,,
𬢥,8,0,0,,,0,,,,,
𬢦,8,0,0,,,0,,,,,
𬢧,8,0,0,,,0,,,,,
𬢨,8,0,0,,,0,,,,,
𬢩,8,0,0,,,0,,,,,
𬢪,8,0,0,,,0,,,,,
𬢫,8,0,0,,,0,,,,,
𬢬,8,0,0,,,0,,,,,
𬢭,8,0,0,,,0,,,,,
𬢮,8,0,0,,,0,,,,,
𬢯,8,0,0,,,0,,,,,
𬢰,8,0,0,,,0,,,,,
𬢱,8,0,0,,,0,,,,,
𬢲,8,0,0,,,0,,,,,
𬢳,8,0,0,,,0,,,,,
𬢴,8,0,0,,,0,,,,,
𬢵,8,0,0,,,0,,,,,
𬢶,8,0,0,,,0,,,,,
𬢷,8,0,0,,へつらう,0,,,,,
𬢸,8,0,0,,,0,,,,,
𬢹,8,0,0,,,0,,,,,
𬢺,8,0,0,,,0,,,,,
𬢻,8,0,0,,,0,,,,,
𬢼,8,0,0,,,0,,,,,
𬢽,8,0,0,,すかす,0,,,,,
𬢾,8,0,0,,,0,,,,,
𬢿,8,0,0,,,0,,,,,
𬣀,8,0,0,,,0,,,,,
𬣁,8,0,0,,,0,,,,,
𬣂,8,0,0,,,0,,,,,
𬣃,8,0,0,,,0,,,,,
𬣄,8,0,0,,のべる,0,,,,,
𬣅,8,0,0,,,0,,,,,
𬣆,8,0,0,,,0,,,,,
𬣇,8,0,0,,,0,,,,,
𬣈,8,0,0,,,0,,,,,
𬣉,8,0,0,,,0,,,,,
𬣊,8,0,0,,,0,,,,,
𬣋,8,0,0,,,0,,,,,
𬣌,8,0,0,,,0,,,,,
𬣍,8,0,0,,,0,,,,,
𬣎,8,0,0,,,0,,,,,
𬣏,8,0,0,,,0,,,,,
𬣐,8,0,0,,おもしろい やさしい,0,,,,,
𬣑,8,0,0,,,0,,,,,
𬣒,8,0,0,,,0,,,,,
𬣓,8,0,0,,,0,,,,,
𬣔,8,0,0,,,0,,,,,
𬣕,8,0,0,,にち,0,,,,,
𬣖,8,0,0,,ほれる,0,,,,,
𬣗,8,0,0,,せりふ,0,,,,,
𬣘,8,0,0,,,0,,,,,
𬣙,8,0,0,,,0,,,,,
𬣚,8,0,0,,,0,,,,,
𬣛,8,0,0,,,0,,,,,
𬣜,8,0,0,,,0,,,,,
𬣝,8,0,0,,,0,,,,,
𬣞,8,0,0,,,0,,,,,
𬣟,8,0,0,,,0,,,,,
𬣠,8,0,0,,,0,,,,,
𬣡,8,0,0,,,0,,,,,
𬣢,8,0,0,,,0,,,,,
𬣣,8,0,0,,,0,,,,,
𬣤,8,0,0,,,0,,,,,
𬣥,8,0,0,,,0,,,,,
𬣦,8,0,0,,,0,,,,,
𬣧,8,0,0,,,0,,,,,
𬣨,8,0,0,,,0,,,,,
𬣩,8,0,0,,,0,,,,,
𬣪,8,0,0,,,0,,,,,
𬣫,8,0,0,,,0,,,,,
𬣬,8,0,0,,,0,,,,,
𬣭,8,0,0,,,0,,,,,
𬣮,8,0,0,,,0,,,,,
𬣯,8,0,0,,,0,,,,,
𬣰,8,0,0,,,0,,,,,
𬣱,8,0,0,,,0,,,,,
𬣲,8,0,0,,,0,,,,,
𬣳,8,0,0,,,0,,,,,
𬣴,8,0,0,,,0,,,,,
𬣵,8,0,0,,,0,,,,,
𬣶,8,0,0,,,0,,,,,
𬣷,8,0,0,,,0,,,,,
𬣸,8,0,0,,,0,,,,,
𬣹,8,0,0,,,0,,,,,
𬣺,8,0,0,,,0,,,,,
𬣻,8,0,0,,,0,,,,,
𬣼,8,0,0,,,0,,,,,
𬣽,8,0,0,,,0,,,,,
𬣾,8,0,0,,,0,,,,,
𬣿,8,0,0,,,0,,,,,
𬤀,8,0,0,,,0,,,,,
𬤁,8,0,0,,,0,,,,,
𬤂,8,0,0,,,0,,,,,
𬤃,8,0,0,,,0,,,,,
𬤄,8,0,0,,,0,,,,,
𬤅,8,0,0,,,0,,,,,
𬤆,8,0,0,,,0,,,,,
𬤇,8,0,0,,,0,,,,,
𬤈,8,0,0,,,0,,,,,
𬤉,8,0,0,,,0,,,,,
𬤊,8,0,0,,,0,,,,,
𬤋,8,0,0,,,0,,,,,
𬤌,8,0,0,,,0,,,,,
𬤍,8,0,0,,,0,,,,,
𬤎,8,0,0,,,0,,,,,
𬤏,8,0,0,,,0,,,,,
𬤐,8,0,0,,,0,,,,,
𬤑,8,0,0,,,0,,,,,
𬤒,8,0,0,,,0,,,,,
𬤓,8,0,0,,,0,,,,,
𬤔,8,0,0,,,0,,,,,
𬤕,8,0,0,,,0,,,,,
𬤖,8,0,0,,,0,,,,,
𬤗,8,0,0,,,0,,,,,
𬤘,8,0,0,,,0,,,,,
𬤙,8,0,0,,,0,,,,,
𬤚,8,0,0,,,0,,,,,
𬤛,8,0,0,,,0,,,,,
𬤜,8,0,0,,,0,,,,,
𬤝,8,0,0,,,0,,,,,
𬤞,8,0,0,,,0,,,,,
𬤟,8,0,0,,,0,,,,,
𬤠,8,0,0,,,0,,,,,
𬤡,8,0,0,,,0,,,,,
𬤢,8,0,0,,,0,,,,,
𬤣,8,0,0,,,0,,,,,
𬤤,8,0,0,,,0,,,,,
𬤥,8,0,0,,,0,,,,,
𬤦,8,0,0,,,0,,,,,
𬤧,8,0,0,,,0,,,,,
𬤨,8,0,0,,,0,,,,,
𬤩,8,0,0,,,0,,,,,
𬤪,8,0,0,,,0,,,,,
𬤫,8,0,0,,,0,,,,,
𬤬,8,0,0,,,0,,,,,
𬤭,8,0,0,,,0,,,,,
𬤮,8,0,0,,,0,,,,,
𬤯,8,0,0,,,0,,,,,
𬤰,8,0,0,,,0,,,,,
𬤱,8,0,0,,,0,,,,,
𬤲,8,0,0,,こだま,0,,,,,
𬤳,8,0,0,,,0,,,,,
𬤴,8,0,0,,,0,,,,,
𬤵,8,0,0,,,0,,,,,
𬤶,8,0,0,,,0,,,,,
𬤷,8,0,0,,,0,,,,,
𬤸,8,0,0,,,0,,,,,
𬤹,8,0,0,,,0,,,,,
𬤺,8,0,0,,,0,,,,,
𬤻,8,0,0,,,0,,,,,
𬤼,8,0,0,,,0,,,,,
𬤽,8,0,0,,,0,,,,,
𬤾,8,0,0,,,0,,,,,
𬤿,8,0,0,,,0,,,,,
𬥀,8,0,0,,,0,,,,,
𬥁,8,0,0,シュウ シュ ジュ,あつまる,0,,,,,
𬥂,8,0,0,,,0,,,,,
𬥃,8,0,0,,,0,,,,,
𬥄,8,0,0,,,0,,,,,
𬥅,8,0,0,,,0,,,,,
𬥆,8,0,0,,,0,,,,,
𬥇,8,0,0,,,0,,,,,
𬥈,8,0,0,,,0,,,,,
𬥉,8,0,0,,,0,,,,,
𬥊,8,0,0,,,0,,,,,
𬥋,8,0,0,,,0,,,,,
𬥌,8,0,0,,,0,,,,,
𬥍,8,0,0,,,0,,,,,
𬥎,8,0,0,,,0,,,,,
𬥏,8,0,0,,,0,,,,,
𬥐,8,0,0,,,0,,,,,
𬥑,8,0,0,,,0,,,,,
𬥒,8,0,0,,,0,,,,,
𬥓,8,0,0,,,0,,,,,
𬥔,8,0,0,,,0,,,,,
𬥕,8,0,0,,,0,,,,,
𬥖,8,0,0,,,0,,,,,
𬥗,8,0,0,,,0,,,,,
𬥘,8,0,0,,,0,,,,,
𬥙,8,0,0,,,0,,,,,
𬥚,8,0,0,,,0,,,,,
𬥛,8,0,0,,,0,,,,,
𬥜,8,0,0,,,0,,,,,
𬥝,8,0,0,,,0,,,,,
𬥞,8,0,0,,,0,,,,,
𬥟,8,0,0,,,0,,,,,
𬥠,8,0,0,,,0,,,,,
𬥡,8,0,0,,,0,,,,,
𬥢,8,0,0,,,0,,,,,
𬥣,8,0,0,,,0,,,,,
𬥤,8,0,0,,,0,,,,,
𬥥,8,0,0,,,0,,,,,
𬥦,8,0,0,,,0,,,,,
𬥧,8,0,0,,,0,,,,,
𬥨,8,0,0,,,0,,,,,
𬥩,8,0,0,,,0,,,,,
𬥪,8,0,0,,,0,,,,,
𬥫,8,0,0,,,0,,,,,
𬥬,8,0,0,,,0,,,,,
𬥭,8,0,0,,,0,,,,,
𬥮,8,0,0,,,0,,,,,
𬥯,8,0,0,,,0,,,,,
𬥰,8,0,0,,,0,,,,,
𬥱,8,0,0,,,0,,,,,
𬥲,8,0,0,,,0,,,,,
𬥳,8,0,0,,,0,,,,,
𬥴,8,0,0,,,0,,,,,
𬥵,8,0,0,,,0,,,,,
𬥶,8,0,0,,,0,,,,,
𬥷,8,0,0,,,0,,,,,
𬥸,8,0,0,,,0,,,,,
𬥹,8,0,0,,,0,,,,,
𬥺,8,0,0,,,0,,,,,
𬥻,8,0,0,,,0,,,,,
𬥼,8,0,0,,,0,,,,,
𬥽,8,0,0,,,0,,,,,
𬥾,8,0,0,,,0,,,,,
𬥿,8,0,0,,,0,,,,,
𬦀,8,0,0,,,0,,,,,
𬦁,8,0,0,,べに,0,,,,,
𬦂,8,0,0,,,0,,,,,
𬦃,8,0,0,,,0,,,,,
𬦄,8,0,0,,,0,,,,,
𬦅,8,0,0,,,0,,,,,
𬦆,8,0,0,,,0,,,,,
𬦇,8,0,0,,,0,,,,,
𬦈,8,0,0,,,0,,,,,
𬦉,8,0,0,,,0,,,,,
𬦊,8,0,0,,,0,,,,,
𬦋,8,0,0,,,0,,,,,
𬦌,8,0,0,エツ カツ オチ,こえる こす ここに こし,0,,,,,
𬦍,8,0,0,,,0,,,,,
𬦎,8,0,0,,,0,,,,,
𬦏,8,0,0,,,0,,,,,
𬦐,8,0,0,,,0,,,,,
𬦑,8,0,0,,,0,,,,,
𬦒,8,0,0,,,0,,,,,
𬦓,8,0,0,,,0,,,,,
𬦔,8,0,0,,,0,,,,,
𬦕,8,0,0,,,0,,,,,
𬦖,8,0,0,,,0,,,,,
𬦗,8,0,0,,,0,,,,,
𬦘,8,0,0,,,0,,,,,
𬦙,8,0,0,,,0,,,,,
𬦚,8,0,0,,,0,,,,,
𬦛,8,0,0,,,0,,,,,
𬦜,8,0,0,,かるい,0,,,,,
𬦝,8,0,0,,,0,,,,,
𬦞,8,0,0,,,0,,,,,
𬦟,8,0,0,,,0,,,,,
𬦠,8,0,0,,,0,,,,,
𬦡,8,0,0,,,0,,,,,
𬦢,8,0,0,,,0,,,,,
𬦣,8,0,0,,,0,,,,,
𬦤,8,0,0,,,0,,,,,
𬦥,8,0,0,,,0,,,,,
𬦦,8,0,0,,きびす,0,,,,,
𬦧,8,0,0,,,0,,,,,
𬦨,8,0,0,,,0,,,,,
𬦩,8,0,0,,,0,,,,,
𬦪,8,0,0,,,0,,,,,
𬦫,8,0,0,,,0,,,,,
𬦬,8,0,0,,,0,,,,,
𬦭,8,0,0,,はねる,0,,,,,
𬦮,8,0,0,,,0,,,,,
𬦯,8,0,0,,,0,,,,,
𬦰,8,0,0,,,0,,,,,
𬦱,8,0,0,,,0,,,,,
𬦲,8,0,0,,,0,,,,,
𬦳,8,0,0,,,0,,,,,
𬦴,8,0,0,,,0,,,,,
𬦵,8,0,0,,,0,,,,,
𬦶,8,0,0,,,0,,,,,
𬦷,8,0,0,,ひな,0,,,,,
𬦸,8,0,0,,,0,,,,,
𬦹,8,0,0,,,0,,,,,
𬦺,8,0,0,,こ,0,,,,,
𬦻,8,0,0,,,0,,,,,
𬦼,8,0,0,,,0,,,,,
𬦽,8,0,0,,,0,,,,,
𬦾,8,0,0,,,0,,,,,
𬦿,8,0,0,,,0,,,,,
𬧀,8,0,0,,,0,,,,,
𬧁,8,0,0,,,0,,,,,
𬧂,8,0,0,,,0,,,,,
𬧃,8,0,0,,,0,,,,,
𬧄,8,0,0,,,0,,,,,
𬧅,8,0,0,,こむら,0,,,,,
𬧆,8,0,0,,,0,,,,,
𬧇,8,0,0,,,0,,,,,
𬧈,8,0,0,,,0,,,,,
𬧉,8,0,0,,,0,,,,,
𬧊,8,0,0,,,0,,,,,
𬧋,8,0,0,,,0,,,,,
𬧌,8,0,0,,,0,,,,,
𬧍,8,0,0,,,0,,,,,
𬧎,8,0,0,,,0,,,,,
𬧏,8,0,0,,,0,,,,,
𬧐,8,0,0,,,0,,,,,
𬧑,8,0,0,,,0,,,,,
𬧒,8,0,0,,,0,,,,,
𬧓,8,0,0,,つごう,0,,,,,
𬧔,8,0,0,,,0,,,,,
𬧕,8,0,0,,,0,,,,,
𬧖,8,0,0,,,0,,,,,
𬧗,8,0,0,,,0,,,,,
𬧘,8,0,0,,,0,,,,,
𬧙,8,0,0,,,0,,,,,
𬧚,8,0,0,,,0,,,,,
𬧛,8,0,0,,,0,,,,,
𬧜,8,0,0,,,0,,,,,
𬧝,8,0,0,,,0,,,,,
𬧞,8,0,0,,,0,,,,,
𬧟,8,0,0,,,0,,,,,
𬧠,8,0,0,,,0,,,,,
𬧡,8,0,0,,,0,,,,,
𬧢,8,0,0,,,0,,,,,
𬧣,8,0,0,,,0,,,,,
𬧤,8,0,0,,,0,,,,,
𬧥,8,0,0,,,0,,,,,
𬧦,8,0,0,,,0,,,,,
𬧧,8,0,0,,しつけ,0,,,,,
𬧨,8,0,0,,,0,,,,,
𬧩,8,0,0,,,0,,,,,
𬧪,8,0,0,,,0,,,,,
𬧫,8,0,0,,,0,,,,,
𬧬,8,0,0,,しつけ,0,,,,,
𬧭,8,0,0,,やつれる,0,,,,,
𬧮,8,0,0,,,0,,,,,
𬧯,8,0,0,,,0,,,,,
𬧰,8,0,0,,,0,,,,,
𬧱,8,0,0,,,0,,,,,
𬧲,8,0,0,,,0,,,,,
𬧳,8,0,0,,でんしゃ,0,,,,,
𬧴,8,0,0,,,0,,,,,
𬧵,8,0,0,,,0,,,,,
𬧶,8,0,0,,,0,,,,,
𬧷,8,0,0,,,0,,,,,
𬧸,8,0,0,,,0,,,,,
𬧹,8,0,0,,,0,,,,,
𬧺,8,0,0,,,0,,,,,
𬧻,8,0,0,,,0,,,,,
𬧼,8,0,0,,,0,,,,,
𬧽,8,0,0,,,0,,,,,
𬧾,8,0,0,,,0,,,,,
𬧿,8,0,0,,,0,,,,,
𬨀,8,0,0,,,0,,,,,
𬨁,8,0,0,,,0,,,,,
𬨂,8,0,0,,,0,,,,,
𬨃,8,0,0,,,0,,,,,
𬨄,8,0,0,,,0,,,,,
𬨅,8,0,0,,,0,,,,,
𬨆,8,0,0,,,0,,,,,
𬨇,8,0,0,,,0,,,,,
𬨈,8,0,0,,,0,,,,,
𬨉,8,0,0,,,0,,,,,
𬨊,8,0,0,,,0,,,,,
𬨋,8,0,0,,,0,,,,,
𬨌,8,0,0,,,0,,,,,
𬨍,8,0,0,,,0,,,,,
𬨎,8,0,0,,,0,,,,,
𬨏,8,0,0,,,0,,,,,
𬨐,8,0,0,,,0,,,,,
𬨑,8,0,0,,,0,,,,,
𬨒,8,0,0,,,0,,,,,
𬨓,8,0,0,,,0,,,,,
𬨔,8,0,0,,,0,,,,,
𬨕,8,0,0,,,0,,,,,
𬨖,8,0,0,,,0,,,,,
𬨗,8,0,0,,,0,,,,,
𬨘,8,0,0,,,0,,,,,
𬨙,8,0,0,,,0,,,,,
𬨚,8,0,0,,,0,,,,,
𬨛,8,0,0,,,0,,,,,
𬨜,8,0,0,,ころぶ,0,,,,,
𬨝,8,0,0,,,0,,,,,
𬨞,8,0,0,,,0,,,,,
𬨟,8,0,0,,,0,,,,,
𬨠,8,0,0,,,0,,,,,
𬨡,8,0,0,,,0,,,,,
𬨢,8,0,0,,,0,,,,,
𬨣,8,0,0,,,0,,,,,
𬨤,8,0,0,,,0,,,,,
𬨥,8,0,0,,,0,,,,,
𬨦,8,0,0,,,0,,,,,
𬨧,8,0,0,,,0,,,,,
𬨨,8,0,0,,,0,,,,,
𬨩,8,0,0,,,0,,,,,
𬨪,8,0,0,,,0,,,,,
𬨫,8,0,0,,,0,,,,,
𬨬,8,0,0,,,0,,,,,
𬨭,8,0,0,,,0,,,,,
𬨮,8,0,0,,,0,,,,,
𬨯,8,0,0,,は,0,,,,,
𬨰,8,0,0,,,0,,,,,
𬨱,8,0,0,,,0,,,,,
𬨲,8,0,0,,,0,,,,,
𬨳,8,0,0,,,0,,,,,
𬨴,8,0,0,,,0,,,,,
𬨵,8,0,0,,,0,,,,,
𬨶,8,0,0,,,0,,,,,
𬨷,8,0,0,,,0,,,,,
𬨸,8,0,0,,,0,,,,,
𬨹,8,0,0,,,0,,,,,
𬨺,8,0,0,,,0,,,,,
𬨻,8,0,0,,,0,,,,,
𬨼,8,0,0,,,0,,,,,
𬨽,8,0,0,,,0,,,,,
𬨾,8,0,0,,,0,,,,,
𬨿,8,0,0,,,0,,,,,
𬩀,8,0,0,,,0,,,,,
𬩁,8,0,0,,,0,,,,,
𬩂,8,0,0,,,0,,,,,
𬩃,8,0,0,,,0,,,,,
𬩄,8,0,0,,,0,,,,,
𬩅,8,0,0,,,0,,,,,
𬩆,8,0,0,,,0,,,,,
𬩇,8,0,0,,,0,,,,,
𬩈,8,0,0,,,0,,,,,
𬩉,8,0,0,,,0,,,,,
𬩊,8,0,0,,,0,,,,,
𬩋,8,0,0,,,0,,,,,
𬩌,8,0,0,,,0,,,,,
𬩍,8,0,0,,,0,,,,,
𬩎,8,0,0,,,0,,,,,
𬩏,8,0,0,,,0,,,,,
𬩐,8,0,0,,,0,,,,,
𬩑,8,0,0,,,0,,,,,
𬩒,8,0,0,,,0,,,,,
𬩓,8,0,0,,,0,,,,,
𬩔,8,0,0,,,0,,,,,
𬩕,8,0,0,,,0,,,,,
𬩖,8,0,0,,さても,0,,,,,
𬩗,8,0,0,,,0,,,,,
𬩘,8,0,0,,,0,,,,,
𬩙,8,0,0,,,0,,,,,
𬩚,8,0,0,,,0,,,,,
𬩛,8,0,0,,,0,,,,,
𬩜,8,0,0,,,0,,,,,
𬩝,8,0,0,,,0,,,,,
𬩞,8,0,0,,,0,,,,,
𬩟,8,0,0,,,0,,,,,
𬩠,8,0,0,,,0,,,,,
𬩡,8,0,0,,,0,,,,,
𬩢,8,0,0,,,0,,,,,
𬩣,8,0,0,,,0,,,,,
𬩤,8,0,0,,,0,,,,,
𬩥,8,0,0,,,0,,,,,
𬩦,8,0,0,,,0,,,,,
𬩧,8,0,0,,,0,,,,,
𬩨,8,0,0,,,0,,,,,
𬩩,8,0,0,,,0,,,,,
𬩪,8,0,0,,,0,,,,,
𬩫,8,0,0,,,0,,,,,
𬩬,8,0,0,,,0,,,,,
𬩭,8,0,0,,,0,,,,,
𬩮,8,0,0,,,0,,,,,
𬩯,8,0,0,,,0,,,,,
𬩰,8,0,0,,,0,,,,,
𬩱,8,0,0,,,0,,,,,
𬩲,8,0,0,,,0,,,,,
𬩳,8,0,0,,,0,,,,,
𬩴,8,0,0,,,0,,,,,
𬩵,8,0,0,,,0,,,,,
𬩶,8,0,0,,,0,,,,,
𬩷,8,0,0,,,0,,,,,
𬩸,8,0,0,,,0,,,,,
𬩹,8,0,0,,,0,,,,,
𬩺,8,0,0,,,0,,,,,
𬩻,8,0,0,,,0,,,,,
𬩼,8,0,0,,,0,,,,,
𬩽,8,0,0,,,0,,,,,
𬩾,8,0,0,,,0,,,,,
𬩿,8,0,0,,,0,,,,,
𬪀,8,0,0,,,0,,,,,
𬪁,8,0,0,,,0,,,,,
𬪂,8,0,0,,,0,,,,,
𬪃,8,0,0,,,0,,,,,
𬪄,8,0,0,,,0,,,,,
𬪅,8,0,0,,,0,,,,,
𬪆,8,0,0,,,0,,,,,
𬪇,8,0,0,,,0,,,,,
𬪈,8,0,0,,,0,,,,,
𬪉,8,0,0,,,0,,,,,
𬪊,8,0,0,,,0,,,,,
𬪋,8,0,0,,,0,,,,,
𬪌,8,0,0,,,0,,,,,
𬪍,8,0,0,,,0,,,,,
𬪎,8,0,0,,,0,,,,,
𬪏,8,0,0,,,0,,,,,
𬪐,8,0,0,,,0,,,,,
𬪑,8,0,0,,,0,,,,,
𬪒,8,0,0,,,0,,,,,
𬪓,8,0,0,,,0,,,,,
𬪔,8,0,0,,,0,,,,,
𬪕,8,0,0,,,0,,,,,
𬪖,8,0,0,,,0,,,,,
𬪗,8,0,0,,,0,,,,,
𬪘,8,0,0,,,0,,,,,
𬪙,8,0,0,,,0,,,,,
𬪚,8,0,0,,,0,,,,,
𬪛,8,0,0,,,0,,,,,
𬪜,8,0,0,,,0,,,,,
𬪝,8,0,0,,,0,,,,,
𬪞,8,0,0,,,0,,,,,
𬪟,8,0,0,,,0,,,,,
𬪠,8,0,0,,,0,,,,,
𬪡,8,0,0,,,0,,,,,
𬪢,8,0,0,,,0,,,,,
𬪣,8,0,0,,,0,,,,,
𬪤,8,0,0,,,0,,,,,
𬪥,8,0,0,,,0,,,,,
𬪦,8,0,0,,すずほり,0,,,,,
𬪧,8,0,0,,,0,,,,,
𬪨,8,0,0,,,0,,,,,
𬪩,8,0,0,,,0,,,,,
𬪪,8,0,0,,,0,,,,,
𬪫,8,0,0,,,0,,,,,
𬪬,8,0,0,,からし,0,,,,,
𬪭,8,0,0,,,0,,,,,
𬪮,8,0,0,,,0,,,,,
𬪯,8,0,0,,,0,,,,,
𬪰,8,0,0,,,0,,,,,
𬪱,8,0,0,,,0,,,,,
𬪲,8,0,0,,,0,,,,,
𬪳,8,0,0,,,0,,,,,
𬪴,8,0,0,,,0,,,,,
𬪵,8,0,0,,,0,,,,,
𬪶,8,0,0,,,0,,,,,
𬪷,8,0,0,,,0,,,,,
𬪸,8,0,0,,,0,,,,,
𬪹,8,0,0,,,0,,,,,
𬪺,8,0,0,,,0,,,,,
𬪻,8,0,0,,かえる,0,,,,,
𬪼,8,0,0,,,0,,,,,
𬪽,8,0,0,,,0,,,,,
𬪾,8,0,0,,,0,,,,,
𬪿,8,0,0,センチアール,,0,,,,,
𬫀,8,0,0,,,0,,,,,
𬫁,8,0,0,,,0,,,,,
𬫂,8,0,0,,,0,,,,,
𬫃,8,0,0,,,0,,,,,
𬫄,8,0,0,,かつち,0,,,,,
𬫅,8,0,0,,,0,,,,,
𬫆,8,0,0,,,0,,,,,
𬫇,8,0,0,,,0,,,,,
𬫈,8,0,0,,,0,,,,,
𬫉,8,0,0,,,0,,,,,
𬫊,8,0,0,,,0,,,,,
𬫋,8,0,0,,,0,,,,,
𬫌,8,0,0,,,0,,,,,
𬫍,8,0,0,,,0,,,,,
𬫎,8,0,0,,,0,,,,,
𬫏,8,0,0,,,0,,,,,
𬫐,8,0,0,,,0,,,,,
𬫑,8,0,0,,かつち,0,,,,,
𬫒,8,0,0,,,0,,,,,
𬫓,8,0,0,,,0,,,,,
𬫔,8,0,0,,,0,,,,,
𬫕,8,0,0,,,0,,,,,
𬫖,8,0,0,,すき,0,,,,,
𬫗,8,0,0,,はさみ,0,,,,,
𬫘,8,0,0,,,0,,,,,
𬫙,8,0,0,,,0,,,,,
𬫚,8,0,0,,,0,,,,,
𬫛,8,0,0,,,0,,,,,
𬫜,8,0,0,,,0,,,,,
𬫝,8,0,0,ショウ,,0,,,,,
𬫞,8,0,0,,,0,,,,,
𬫟,8,0,0,,,0,,,,,
𬫠,8,0,0,,ふくりん,0,,,,,
𬫡,8,0,0,,,0,,,,,
𬫢,8,0,0,,,0,,,,,
𬫣,8,0,0,,,0,,,,,
𬫤,8,0,0,,,0,,,,,
𬫥,8,0,0,,しとみがね,0,,,,,
𬫦,8,0,0,,,0,,,,,
𬫧,8,0,0,,たがね,0,,,,,
𬫨,8,0,0,,,0,,,,,
𬫩,8,0,0,,,0,,,,,
𬫪,8,0,0,,,0,,,,,
𬫫,8,0,0,,,0,,,,,
𬫬,8,0,0,,,0,,,,,
𬫭,8,0,0,,かなひかき,0,,,,,
𬫮,8,0,0,,,0,,,,,
𬫯,8,0,0,,,0,,,,,
𬫰,8,0,0,,あぶみ,0,,,,,
𬫱,8,0,0,,ほとぎ,0,,,,,
𬫲,8,0,0,,,0,,,,,
𬫳,8,0,0,,,0,,,,,
𬫴,8,0,0,,,0,,,,,
𬫵,8,0,0,,,0,,,,,
𬫶,8,0,0,,,0,,,,,
𬫷,8,0,0,,,0,,,,,
𬫸,8,0,0,,,0,,,,,
𬫹,8,0,0,,,0,,,,,
𬫺,8,0,0,,,0,,,,,
𬫻,8,0,0,,かなほこ,0,,,,,
𬫼,8,0,0,,,0,,,,,
𬫽,8,0,0,,,0,,,,,
𬫾,8,0,0,,たがに,0,,,,,
𬫿,8,0,0,,,0,,,,,
𬬀,8,0,0,,,0,,,,,
𬬁,8,0,0,,,0,,,,,
𬬂,8,0,0,,かぶと,0,,,,,
𬬃,8,0,0,,,0,,,,,
𬬄,8,0,0,,,0,,,,,
𬬅,8,0,0,,,0,,,,,
𬬆,8,0,0,,,0,,,,,
𬬇,8,0,0,,,0,,,,,
𬬈,8,0,0,,やな,0,,,,,
𬬉,8,0,0,,へら,0,,,,,
𬬊,8,0,0,,かがり,0,,,,,
𬬋,8,0,0,,,0,,,,,
𬬌,8,0,0,,,0,,,,,
𬬍,8,0,0,,,0,,,,,
𬬎,8,0,0,,,0,,,,,
𬬏,8,0,0,,,0,,,,,
𬬐,8,0,0,,,0,,,,,
𬬑,8,0,0,,,0,,,,,
𬬒,8,0,0,,,0,,,,,
𬬓,8,0,0,,,0,,,,,
𬬔,8,0,0,,,0,,,,,
𬬕,8,0,0,,,0,,,,,
𬬖,8,0,0,,,0,,,,,
𬬗,8,0,0,,じん,0,,,,,
𬬘,8,0,0,,,0,,,,,
𬬙,8,0,0,,,0,,,,,
𬬚,8,0,0,,,0,,,,,
𬬛,8,0,0,,,0,,,,,
𬬜,8,0,0,,,0,,,,,
𬬝,8,0,0,,,0,,,,,
𬬞,8,0,0,,,0,,,,,
𬬟,8,0,0,,,0,,,,,
𬬠,8,0,0,,,0,,,,,
𬬡,8,0,0,,,0,,,,,
𬬢,8,0,0,,かぬち,0,,,,,
𬬣,8,0,0,,ふき,0,,,,,
𬬤,8,0,0,,,0,,,,,
𬬥,8,0,0,,,0,,,,,
𬬦,8,0,0,,,0,,,,,
𬬧,8,0,0,,,0,,,,,
𬬨,8,0,0,,,0,,,,,
𬬩,8,0,0,,,0,,,,,
𬬪,8,0,0,,,0,,,,,
𬬫,8,0,0,,,0,,,,,
𬬬,8,0,0,,,0,,,,,
𬬭,8,0,0,,,0,,,,,
𬬮,8,0,0,,,0,,,,,
𬬯,8,0,0,,,0,,,,,
𬬰,8,0,0,,,0,,,,,
𬬱,8,0,0,,,0,,,,,
𬬲,8,0,0,,,0,,,,,
𬬳,8,0,0,,,0,,,,,
𬬴,8,0,0,,,0,,,,,
𬬵,8,0,0,,,0,,,,,
𬬶,8,0,0,,,0,,,,,
𬬷,8,0,0,,,0,,,,,
𬬸,8,0,0,,,0,,,,,
𬬹,8,0,0,,,0,,,,,
𬬺,8,0,0,,,0,,,,,
𬬻,8,0,0,,,0,,,,,
𬬼,8,0,0,,,0,,,,,
𬬽,8,0,0,,,0,,,,,
𬬾,8,0,0,,,0,,,,,
𬬿,8,0,0,,,0,,,,,
𬭀,8,0,0,,,0,,,,,
𬭁,8,0,0,,,0,,,,,
𬭂,8,0,0,,,0,,,,,
𬭃,8,0,0,,,0,,,,,
𬭄,8,0,0,,,0,,,,,
𬭅,8,0,0,,,0,,,,,
𬭆,8,0,0,,,0,,,,,
𬭇,8,0,0,,,0,,,,,
𬭈,8,0,0,,,0,,,,,
𬭉,8,0,0,,,0,,,,,
𬭊,8,0,0,,,0,,,,,
𬭋,8,0,0,,,0,,,,,
𬭌,8,0,0,,,0,,,,,
𬭍,8,0,0,,,0,,,,,
𬭎,8,0,0,,,0,,,,,
𬭏,8,0,0,,,0,,,,,
𬭐,8,0,0,,,0,,,,,
𬭑,8,0,0,,,0,,,,,
𬭒,8,0,0,,,0,,,,,
𬭓,8,0,0,,,0,,,,,
𬭔,8,0,0,,,0,,,,,
𬭕,8,0,0,,,0,,,,,
𬭖,8,0,0,,,0,,,,,
𬭗,8,0,0,,,0,,,,,
𬭘,8,0,0,,,0,,,,,
𬭙,8,0,0,,,0,,,,,
𬭚,8,0,0,,,0,,,,,
𬭛,8,0,0,,,0,,,,,
𬭜,8,0,0,,,0,,,,,
𬭝,8,0,0,,,0,,,,,
𬭞,8,0,0,,,0,,,,,
𬭟,8,0,0,,,0,,,,,
𬭠,8,0,0,,,0,,,,,
𬭡,8,0,0,,,0,,,,,
𬭢,8,0,0,,,0,,,,,
𬭣,8,0,0,,,0,,,,,
𬭤,8,0,0,,,0,,,,,
𬭥,8,0,0,,,0,,,,,
𬭦,8,0,0,,,0,,,,,
𬭧,8,0,0,,,0,,,,,
𬭨,8,0,0,,,0,,,,,
𬭩,8,0,0,,,0,,,,,
𬭪,8,0,0,,,0,,,,,
𬭫,8,0,0,,,0,,,,,
𬭬,8,0,0,,,0,,,,,
𬭭,8,0,0,,,0,,,,,
𬭮,8,0,0,,,0,,,,,
𬭯,8,0,0,,,0,,,,,
𬭰,8,0,0,,,0,,,,,
𬭱,8,0,0,,,0,,,,,
𬭲,8,0,0,,,0,,,,,
𬭳,8,0,0,,,0,,,,,
𬭴,8,0,0,,,0,,,,,
𬭵,8,0,0,,,0,,,,,
𬭶,8,0,0,,,0,,,,,
𬭷,8,0,0,,,0,,,,,
𬭸,8,0,0,,,0,,,,,
𬭹,8,0,0,,,0,,,,,
𬭺,8,0,0,,,0,,,,,
𬭻,8,0,0,,,0,,,,,
𬭼,8,0,0,,,0,,,,,
𬭽,8,0,0,,,0,,,,,
𬭾,8,0,0,,,0,,,,,
𬭿,8,0,0,,,0,,,,,
𬮀,8,0,0,,,0,,,,,
𬮁,8,0,0,,,0,,,,,
𬮂,8,0,0,,,0,,,,,
𬮃,8,0,0,,,0,,,,,
𬮄,8,0,0,,,0,,,,,
𬮅,8,0,0,,ひらく,0,,,,,
𬮆,8,0,0,,しなたりくぼ,0,,,,,
𬮇,8,0,0,,,0,,,,,
𬮈,8,0,0,,,0,,,,,
𬮉,8,0,0,,,0,,,,,
𬮊,8,0,0,,,0,,,,,
𬮋,8,0,0,,,0,,,,,
𬮌,8,0,0,,,0,,,,,
𬮍,8,0,0,,,0,,,,,
𬮎,8,0,0,,,0,,,,,
𬮏,8,0,0,,,0,,,,,
𬮐,8,0,0,,,0,,,,,
𬮑,8,0,0,,ききがき,0,,,,,
𬮒,8,0,0,,,0,,,,,
𬮓,8,0,0,,,0,,,,,
𬮔,8,0,0,,,0,,,,,
𬮕,8,0,0,,,0,,,,,
𬮖,8,0,0,,かん,0,,,,,
𬮗,8,0,0,,,0,,,,,
𬮘,8,0,0,,,0,,,,,
𬮙,8,0,0,,,0,,,,,
𬮚,8,0,0,,,0,,,,,
𬮛,8,0,0,,,0,,,,,
𬮜,8,0,0,,,0,,,,,
𬮝,8,0,0,,,0,,,,,
𬮞,8,0,0,,,0,,,,,
𬮟,8,0,0,,,0,,,,,
𬮠,8,0,0,,,0,,,,,
𬮡,8,0,0,,,0,,,,,
𬮢,8,0,0,,,0,,,,,
𬮣,8,0,0,,,0,,,,,
𬮤,8,0,0,,,0,,,,,
𬮥,8,0,0,,,0,,,,,
𬮦,8,0,0,カン ワン ケン,せき かんぬき からくり かかわる,0,,,,,
𬮧,8,0,0,,,0,,,,,
𬮨,8,0,0,,,0,,,,,
𬮩,8,0,0,,,0,,,,,
𬮪,8,0,0,,,0,,,,,
𬮫,8,0,0,,,0,,,,,
𬮬,8,0,0,,,0,,,,,
𬮭,8,0,0,,,0,,,,,
𬮮,8,0,0,,,0,,,,,
𬮯,8,0,0,,,0,,,,,
𬮰,8,0,0,,,0,,,,,
𬮱,8,0,0,,,0,,,,,
𬮲,8,0,0,,,0,,,,,
𬮳,8,0,0,,,0,,,,,
𬮴,8,0,0,,,0,,,,,
𬮵,8,0,0,,,0,,,,,
𬮶,8,0,0,,,0,,,,,
𬮷,8,0,0,,,0,,,,,
𬮸,8,0,0,,,0,,,,,
𬮹,8,0,0,,,0,,,,,
𬮺,8,0,0,,,0,,,,,
𬮻,8,0,0,,,0,,,,,
𬮼,8,0,0,,,0,,,,,
𬮽,8,0,0,,,0,,,,,
𬮾,8,0,0,,,0,,,,,
𬮿,8,0,0,,,0,,,,,
𬯀,8,0,0,,,0,,,,,
𬯁,8,0,0,,けち,0,,,,,
𬯂,8,0,0,,,0,,,,,
𬯃,8,0,0,,,0,,,,,
𬯄,8,0,0,,,0,,,,,
𬯅,8,0,0,,,0,,,,,
𬯆,8,0,0,,,0,,,,,
𬯇,8,0,0,,,0,,,,,
𬯈,8,0,0,,,0,,,,,
𬯉,8,0,0,,,0,,,,,
𬯊,8,0,0,,,0,,,,,
𬯋,8,0,0,,,0,,,,,
𬯌,8,0,0,,,0,,,,,
𬯍,8,0,0,,,0,,,,,
𬯎,8,0,0,,,0,,,,,
𬯏,8,0,0,,,0,,,,,
𬯐,8,0,0,,,0,,,,,
𬯑,8,0,0,,,0,,,,,
𬯒,8,0,0,,,0,,,,,
𬯓,8,0,0,,,0,,,,,
𬯔,8,0,0,,,0,,,,,
𬯕,8,0,0,,,0,,,,,
𬯖,8,0,0,,,0,,,,,
𬯗,8,0,0,,,0,,,,,
𬯘,8,0,0,,,0,,,,,
𬯙,8,0,0,,,0,,,,,
𬯚,8,0,0,,,0,,,,,
𬯛,8,0,0,,,0,,,,,
𬯜,8,0,0,,,0,,,,,
𬯝,8,0,0,,,0,,,,,
𬯞,8,0,0,,,0,,,,,
𬯟,8,0,0,,,0,,,,,
𬯠,8,0,0,,,0,,,,,
𬯡,8,0,0,,,0,,,,,
𬯢,8,0,0,,,0,,,,,
𬯣,8,0,0,,,0,,,,,
𬯤,8,0,0,,,0,,,,,
𬯥,8,0,0,,,0,,,,,
𬯦,8,0,0,,,0,,,,,
𬯧,8,0,0,,,0,,,,,
𬯨,8,0,0,,,0,,,,,
𬯩,8,0,0,,,0,,,,,
𬯪,8,0,0,,,0,,,,,
𬯫,8,0,0,,,0,,,,,
𬯬,8,0,0,,,0,,,,,
𬯭,8,0,0,,,0,,,,,
𬯮,8,0,0,,,0,,,,,
𬯯,8,0,0,,,0,,,,,
𬯰,8,0,0,,,0,,,,,
𬯱,8,0,0,,,0,,,,,
𬯲,8,0,0,,ひなづる,0,,,,,
𬯳,8,0,0,,まなづる,0,,,,,
𬯴,8,0,0,,,0,,,,,
𬯵,8,0,0,ク グ キョク,おそれる みる,0,,,,,
𬯶,8,0,0,,,0,,,,,
𬯷,8,0,0,,,0,,,,,
𬯸,8,0,0,,あられ,0,,,,,
𬯹,8,0,0,,,0,,,,,
𬯺,8,0,0,,,0,,,,,
𬯻,8,0,0,,,0,,,,,
𬯼,8,0,0,,,0,,,,,
𬯽,8,0,0,,,0,,,,,
𬯾,8,0,0,,,0,,,,,
𬯿,8,0,0,,,0,,,,,
𬰀,8,0,0,,,0,,,,,
𬰁,8,0,0,サイ ザイ セイ,はれる,0,,,,,
𬰂,8,0,0,,,0,,,,,
𬰃,8,0,0,,,0,,,,,
𬰄,8,0,0,,,0,,,,,
𬰅,8,0,0,,,0,,,,,
𬰆,8,0,0,,,0,,,,,
𬰇,8,0,0,,,0,,,,,
𬰈,8,0,0,,しぐれ,0,,,,,
𬰉,8,0,0,,,0,,,,,
𬰊,8,0,0,,,0,,,,,
𬰋,8,0,0,,,0,,,,,
𬰌,8,0,0,,,0,,,,,
𬰍,8,0,0,,,0,,,,,
𬰎,8,0,0,,,0,,,,,
𬰏,8,0,0,,,0,,,,,
𬰐,8,0,0,,,0,,,,,
𬰑,8,0,0,,,0,,,,,
𬰒,8,0,0,,,0,,,,,
𬰓,8,0,0,,,0,,,,,
𬰔,8,0,0,,,0,,,,,
𬰕,8,0,0,,,0,,,,,
𬰖,8,0,0,,,0,,,,,
𬰗,8,0,0,,,0,,,,,
𬰘,8,0,0,,,0,,,,,
𬰙,8,0,0,,,0,,,,,
𬰚,8,0,0,,,0,,,,,
𬰛,8,0,0,,,0,,,,,
𬰜,8,0,0,,,0,,,,,
𬰝,8,0,0,,,0,,,,,
𬰞,8,0,0,,,0,,,,,
𬰟,8,0,0,,,0,,,,,
𬰠,8,0,0,,,0,,,,,
𬰡,8,0,0,,,0,,,,,
𬰢,8,0,0,,,0,,,,,
𬰣,8,0,0,,,0,,,,,
𬰤,8,0,0,,,0,,,,,
𬰥,8,0,0,,,0,,,,,
𬰦,8,0,0,,しころ,0,,,,,
𬰧,8,0,0,,,0,,,,,
𬰨,8,0,0,,ゆがけ,0,,,,,
𬰩,8,0,0,,,0,,,,,
𬰪,8,0,0,,,0,,,,,
𬰫,8,0,0,,,0,,,,,
𬰬,8,0,0,,こはぜ,0,,,,,
𬰭,8,0,0,,,0,,,,,
𬰮,8,0,0,,,0,,,,,
𬰯,8,0,0,,,0,,,,,
𬰰,8,0,0,,,0,,,,,
𬰱,8,0,0,,,0,,,,,
𬰲,8,0,0,,,0,,,,,
𬰳,8,0,0,,,0,,,,,
𬰴,8,0,0,,,0,,,,,
𬰵,8,0,0,,,0,,,,,
𬰶,8,0,0,,,0,,,,,
𬰷,8,0,0,,,0,,,,,
𬰸,8,0,0,,,0,,,,,
𬰹,8,0,0,,,0,,,,,
𬰺,8,0,0,,,0,,,,,
𬰻,8,0,0,,,0,,,,,
𬰼,8,0,0,,,0,,,,,
𬰽,8,0,0,,,0,,,,,
𬰾,8,0,0,,,0,,,,,
𬰿,8,0,0,,,0,,,,,
𬱀,8,0,0,,,0,,,,,
𬱁,8,0,0,,,0,,,,,
𬱂,8,0,0,,,0,,,,,
𬱃,8,0,0,,,0,,,,,
𬱄,8,0,0,,,0,,,,,
𬱅,8,0,0,,,0,,,,,
𬱆,8,0,0,,,0,,,,,
𬱇,8,0,0,,,0,,,,,
𬱈,8,0,0,,,0,,,,,
𬱉,8,0,0,,,0,,,,,
𬱊,8,0,0,,,0,,,,,
𬱋,8,0,0,,あしもと,0,,,,,
𬱌,8,0,0,,,0,,,,,
𬱍,8,0,0,,,0,,,,,
𬱎,8,0,0,,,0,,,,,
𬱏,8,0,0,,がん,0,,,,,
𬱐,8,0,0,,,0,,,,,
𬱑,8,0,0,,,0,,,,,
𬱒,8,0,0,,,0,,,,,
𬱓,8,0,0,,,0,,,,,
𬱔,8,0,0,,,0,,,,,
𬱕,8,0,0,,,0,,,,,
𬱖,8,0,0,,,0,,,,,
𬱗,8,0,0,,,0,,,,,
𬱘,8,0,0,,,0,,,,,
𬱙,8,0,0,,,0,,,,,
𬱚,8,0,0,,,0,,,,,
𬱛,8,0,0,,,0,,,,,
𬱜,8,0,0,,,0,,,,,
𬱝,8,0,0,,,0,,,,,
𬱞,8,0,0,,,0,,,,,
𬱟,8,0,0,,,0,,,,,
𬱠,8,0,0,,,0,,,,,
𬱡,8,0,0,,,0,,,,,
𬱢,8,0,0,,,0,,,,,
𬱣,8,0,0,,,0,,,,,
𬱤,8,0,0,,,0,,,,,
𬱥,8,0,0,,,0,,,,,
𬱦,8,0,0,,,0,,,,,
𬱧,8,0,0,,,0,,,,,
𬱨,8,0,0,,,0,,,,,
𬱩,8,0,0,,,0,,,,,
𬱪,8,0,0,,,0,,,,,
𬱫,8,0,0,,,0,,,,,
𬱬,8,0,0,,,0,,,,,
𬱭,8,0,0,,,0,,,,,
𬱮,8,0,0,,,0,,,,,
𬱯,8,0,0,,,0,,,,,
𬱰,8,0,0,,,0,,,,,
𬱱,8,0,0,,,0,,,,,
𬱲,8,0,0,,,0,,,,,
𬱳,8,0,0,,,0,,,,,
𬱴,8,0,0,,つむじかぜ,0,,,,,
𬱵,8,0,0,,,0,,,,,
𬱶,8,0,0,,,0,,,,,
𬱷,8,0,0,,,0,,,,,
𬱸,8,0,0,,,0,,,,,
𬱹,8,0,0,,,0,,,,,
𬱺,8,0,0,,,0,,,,,
𬱻,8,0,0,,,0,,,,,
𬱼,8,0,0,,,0,,,,,
𬱽,8,0,0,,,0,,,,,
𬱾,8,0,0,,,0,,,,,
𬱿,8,0,0,,,0,,,,,
𬲀,8,0,0,,,0,,,,,
𬲁,8,0,0,,,0,,,,,
𬲂,8,0,0,,,0,,,,,
𬲃,8,0,0,,,0,,,,,
𬲄,8,0,0,,,0,,,,,
𬲅,8,0,0,,,0,,,,,
𬲆,8,0,0,,,0,,,,,
𬲇,8,0,0,,,0,,,,,
𬲈,8,0,0,,,0,,,,,
𬲉,8,0,0,,,0,,,,,
𬲊,8,0,0,,,0,,,,,
𬲋,8,0,0,,,0,,,,,
𬲌,8,0,0,,,0,,,,,
𬲍,8,0,0,,,0,,,,,
𬲎,8,0,0,,,0,,,,,
𬲏,8,0,0,,,0,,,,,
𬲐,8,0,0,,,0,,,,,
𬲑,8,0,0,,,0,,,,,
𬲒,8,0,0,,,0,,,,,
𬲓,8,0,0,,,0,,,,,
𬲔,8,0,0,,,0,,,,,
𬲕,8,0,0,,,0,,,,,
𬲖,8,0,0,,,0,,,,,
𬲗,8,0,0,,,0,,,,,
𬲘,8,0,0,,,0,,,,,
𬲙,8,0,0,,,0,,,,,
𬲚,8,0,0,,,0,,,,,
𬲛,8,0,0,,,0,,,,,
𬲜,8,0,0,,,0,,,,,
𬲝,8,0,0,,もたい,0,,,,,
𬲞,8,0,0,,,0,,,,,
𬲟,8,0,0,,,0,,,,,
𬲠,8,0,0,,,0,,,,,
𬲡,8,0,0,,,0,,,,,
𬲢,8,0,0,,,0,,,,,
𬲣,8,0,0,,,0,,,,,
𬲤,8,0,0,,,0,,,,,
𬲥,8,0,0,,,0,,,,,
𬲦,8,0,0,,,0,,,,,
𬲧,8,0,0,,,0,,,,,
𬲨,8,0,0,,,0,,,,,
𬲩,8,0,0,,,0,,,,,
𬲪,8,0,0,,,0,,,,,
𬲫,8,0,0,,,0,,,,,
𬲬,8,0,0,,,0,,,,,
𬲭,8,0,0,,,0,,,,,
𬲮,8,0,0,,,0,,,,,
𬲯,8,0,0,,,0,,,,,
𬲰,8,0,0,,,0,,,,,
𬲱,8,0,0,,,0,,,,,
𬲲,8,0,0,,,0,,,,,
𬲳,8,0,0,,,0,,,,,
𬲴,8,0,0,,,0,,,,,
𬲵,8,0,0,,,0,,,,,
𬲶,8,0,0,,,0,,,,,
𬲷,8,0,0,,,0,,,,,
𬲸,8,0,0,,,0,,,,,
𬲹,8,0,0,,,0,,,,,
𬲺,8,0,0,,,0,,,,,
𬲻,8,0,0,,,0,,,,,
𬲼,8,0,0,,,0,,,,,
𬲽,8,0,0,,,0,,,,,
𬲾,8,0,0,,,0,,,,,
𬲿,8,0,0,,,0,,,,,
𬳀,8,0,0,,,0,,,,,
𬳁,8,0,0,,,0,,,,,
𬳂,8,0,0,,,0,,,,,
𬳃,8,0,0,,,0,,,,,
𬳄,8,0,0,,,0,,,,,
𬳅,8,0,0,,,0,,,,,
𬳆,8,0,0,,,0,,,,,
𬳇,8,0,0,,,0,,,,,
𬳈,8,0,0,,,0,,,,,
𬳉,8,0,0,,,0,,,,,
𬳊,8,0,0,,,0,,,,,
𬳋,8,0,0,,,0,,,,,
𬳌,8,0,0,,,0,,,,,
𬳍,8,0,0,,,0,,,,,
𬳎,8,0,0,,,0,,,,,
𬳏,8,0,0,,,0,,,,,
𬳐,8,0,0,,,0,,,,,
𬳑,8,0,0,,,0,,,,,
𬳒,8,0,0,,,0,,,,,
𬳓,8,0,0,,,0,,,,,
𬳔,8,0,0,,,0,,,,,
𬳕,8,0,0,,,0,,,,,
𬳖,8,0,0,,,0,,,,,
𬳗,8,0,0,,,0,,,,,
𬳘,8,0,0,,,0,,,,,
𬳙,8,0,0,,,0,,,,,
𬳚,8,0,0,,,0,,,,,
𬳛,8,0,0,,,0,,,,,
𬳜,8,0,0,,,0,,,,,
𬳝,8,0,0,,,0,,,,,
𬳞,8,0,0,,,0,,,,,
𬳟,8,0,0,,,0,,,,,
𬳠,8,0,0,,,0,,,,,
𬳡,8,0,0,,,0,,,,,
𬳢,8,0,0,,,0,,,,,
𬳣,8,0,0,,,0,,,,,
𬳤,8,0,0,,,0,,,,,
𬳥,8,0,0,,,0,,,,,
𬳦,8,0,0,,,0,,,,,
𬳧,8,0,0,,,0,,,,,
𬳨,8,0,0,,,0,,,,,
𬳩,8,0,0,,,0,,,,,
𬳪,8,0,0,,,0,,,,,
𬳫,8,0,0,,,0,,,,,
𬳬,8,0,0,,,0,,,,,
𬳭,8,0,0,,,0,,,,,
𬳮,8,0,0,,,0,,,,,
𬳯,8,0,0,サン,そえうま そえのり,0,,,,,
𬳰,8,0,0,,つきげ,0,,,,,
𬳱,8,0,0,,,0,,,,,
𬳲,8,0,0,,,0,,,,,
𬳳,8,0,0,,,0,,,,,
𬳴,8,0,0,,,0,,,,,
𬳵,8,0,0,,,0,,,,,
𬳶,8,0,0,,,0,,,,,
𬳷,8,0,0,,,0,,,,,
𬳸,8,0,0,,,0,,,,,
𬳹,8,0,0,,,0,,,,,
𬳺,8,0,0,,,0,,,,,
𬳻,8,0,0,,,0,,,,,
𬳼,8,0,0,,,0,,,,,
𬳽,8,0,0,,,0,,,,,
𬳾,8,0,0,,,0,,,,,
𬳿,8,0,0,,,0,,,,,
𬴀,8,0,0,,,0,,,,,
𬴁,8,0,0,,,0,,,,,
𬴂,8,0,0,,,0,,,,,
𬴃,8,0,0,,,0,,,,,
𬴄,8,0,0,,,0,,,,,
𬴅,8,0,0,,,0,,,,,
𬴆,8,0,0,,,0,,,,,
𬴇,8,0,0,,,0,,,,,
𬴈,8,0,0,,,0,,,,,
𬴉,8,0,0,,,0,,,,,
𬴊,8,0,0,,,0,,,,,
𬴋,8,0,0,,,0,,,,,
𬴌,8,0,0,,,0,,,,,
𬴍,8,0,0,,,0,,,,,
𬴎,8,0,0,,,0,,,,,
𬴏,8,0,0,,,0,,,,,
𬴐,8,0,0,,,0,,,,,
𬴑,8,0,0,,,0,,,,,
𬴒,8,0,0,,,0,,,,,
𬴓,8,0,0,,,0,,,,,
𬴔,8,0,0,,,0,,,,,
𬴕,8,0,0,,,0,,,,,
𬴖,8,0,0,,,0,,,,,
𬴗,8,0,0,,,0,,,,,
𬴘,8,0,0,,,0,,,,,
𬴙,8,0,0,,,0,,,,,
𬴚,8,0,0,,,0,,,,,
𬴛,8,0,0,,,0,,,,,
𬴜,8,0,0,,,0,,,,,
𬴝,8,0,0,,,0,,,,,
𬴞,8,0,0,,,0,,,,,
𬴟,8,0,0,,,0,,,,,
𬴠,8,0,0,,,0,,,,,
𬴡,8,0,0,,,0,,,,,
𬴢,8,0,0,,,0,,,,,
𬴣,8,0,0,,,0,,,,,
𬴤,8,0,0,,,0,,,,,
𬴥,8,0,0,,,0,,,,,
𬴦,8,0,0,,,0,,,,,
𬴧,8,0,0,,ひげ,0,,,,,
𬴨,8,0,0,,,0,,,,,
𬴩,8,0,0,,,0,,,,,
𬴪,8,0,0,,,0,,,,,
𬴫,8,0,0,,,0,,,,,
𬴬,8,0,0,,かみのすえ,0,,,,,
𬴭,8,0,0,,,0,,,,,
𬴮,8,0,0,,,0,,,,,
𬴯,8,0,0,,,0,,,,,
𬴰,8,0,0,,,0,,,,,
𬴱,8,0,0,,,0,,,,,
𬴲,8,0,0,,,0,,,,,
𬴳,8,0,0,,,0,,,,,
𬴴,8,0,0,,,0,,,,,
𬴵,8,0,0,,,0,,,,,
𬴶,8,0,0,,,0,,,,,
𬴷,8,0,0,,,0,,,,,
𬴸,8,0,0,,,0,,,,,
𬴹,8,0,0,,,0,,,,,
𬴺,8,0,0,,,0,,,,,
𬴻,8,0,0,,,0,,,,,
𬴼,8,0,0,,,0,,,,,
𬴽,8,0,0,,はした,0,,,,,
𬴾,8,0,0,,きびしい,0,,,,,
𬴿,8,0,0,,,0,,,,,
𬵀,8,0,0,,,0,,,,,
𬵁,8,0,0,,あゆ,0,,,,,
𬵂,8,0,0,,ひうお,0,,,,,
𬵃,8,0,0,,,0,,,,,
𬵄,8,0,0,,すっぽん,0,,,,,
𬵅,8,0,0,,,0,,,,,
𬵆,8,0,0,,いなだ,0,,,,,
𬵇,8,0,0,,いな,0,,,,,
𬵈,8,0,0,,さめ,0,,,,,
𬵉,8,0,0,,,0,,,,,
𬵊,8,0,0,,いさざ,0,,,,,
𬵋,8,0,0,,うるめいわし,0,,,,,
𬵌,8,0,0,,ひお,0,,,,,
𬵍,8,0,0,,はえ,0,,,,,
𬵎,8,0,0,,,0,,,,,
𬵏,8,0,0,,さめ,0,,,,,
𬵐,8,0,0,,さけ,0,,,,,
𬵑,8,0,0,,にべ,0,,,,,
𬵒,8,0,0,,なまず,0,,,,,
𬵓,8,0,0,,,0,,,,,
𬵔,8,0,0,,げそ,0,,,,,
𬵕,8,0,0,,なまず,0,,,,,
𬵖,8,0,0,,ふぐ,0,,,,,
𬵗,8,0,0,,ぎぎ,0,,,,,
𬵘,8,0,0,,,0,,,,,
𬵙,8,0,0,,,0,,,,,
𬵚,8,0,0,,かつお,0,,,,,
𬵛,8,0,0,,,0,,,,,
𬵜,8,0,0,,とびうお,0,,,,,
𬵝,8,0,0,,ぎぎ,0,,,,,
𬵞,8,0,0,,かつお,0,,,,,
𬵟,8,0,0,,まごい,0,,,,,
𬵠,8,0,0,,かまきり,0,,,,,
𬵡,8,0,0,,す すばしり,0,,,,,
𬵢,8,0,0,,かわらごり,0,,,,,
𬵣,8,0,0,,ふな,0,,,,,
𬵤,8,0,0,,,0,,,,,
𬵥,8,0,0,,,0,,,,,
𬵦,8,0,0,,かじか,0,,,,,
𬵧,8,0,0,,かつお,0,,,,,
𬵨,8,0,0,,ほしたなご,0,,,,,
𬵩,8,0,0,,にべ,0,,,,,
𬵪,8,0,0,,さば,0,,,,,
𬵫,8,0,0,,はえ はや,0,,,,,
𬵬,8,0,0,,はぜ,0,,,,,
𬵭,8,0,0,,みごい,0,,,,,
𬵮,8,0,0,,,0,,,,,
𬵯,8,0,0,,めなだ,0,,,,,
𬵰,8,0,0,,めくらはぜ,0,,,,,
𬵱,8,0,0,,はや,0,,,,,
𬵲,8,0,0,,おこぜ,0,,,,,
𬵳,8,0,0,,いしもち,0,,,,,
𬵴,8,0,0,,なしもの,0,,,,,
𬵵,8,0,0,,きす,0,,,,,
𬵶,8,0,0,,いるか,0,,,,,
𬵷,8,0,0,,あこう,0,,,,,
𬵸,8,0,0,,,0,,,,,
𬵹,8,0,0,,たい,0,,,,,
𬵺,8,0,0,,すずき,0,,,,,
𬵻,8,0,0,,ふぐ,0,,,,,
𬵼,8,0,0,,,0,,,,,
𬵽,8,0,0,,すばしり,0,,,,,
𬵾,8,0,0,,やがら,0,,,,,
𬵿,8,0,0,,,0,,,,,
𬶀,8,0,0,,,0,,,,,
𬶁,8,0,0,,,0,,,,,
𬶂,8,0,0,,,0,,,,,
𬶃,8,0,0,,,0,,,,,
𬶄,8,0,0,,,0,,,,,
𬶅,8,0,0,,,0,,,,,
𬶆,8,0,0,,,0,,,,,
𬶇,8,0,0,,,0,,,,,
𬶈,8,0,0,,,0,,,,,
𬶉,8,0,0,,,0,,,,,
𬶊,8,0,0,,,0,,,,,
𬶋,8,0,0,,,0,,,,,
𬶌,8,0,0,,,0,,,,,
𬶍,8,0,0,,,0,,,,,
𬶎,8,0,0,,,0,,,,,
𬶏,8,0,0,,,0,,,,,
𬶐,8,0,0,,,0,,,,,
𬶑,8,0,0,,,0,,,,,
𬶒,8,0,0,,,0,,,,,
𬶓,8,0,0,,,0,,,,,
𬶔,8,0,0,,,0,,,,,
𬶕,8,0,0,,,0,,,,,
𬶖,8,0,0,,,0,,,,,
𬶗,8,0,0,,,0,,,,,
𬶘,8,0,0,,,0,,,,,
𬶙,8,0,0,,,0,,,,,
𬶚,8,0,0,,,0,,,,,
𬶛,8,0,0,,,0,,,,,
𬶜,8,0,0,,,0,,,,,
𬶝,8,0,0,,,0,,,,,
𬶞,8,0,0,,,0,,,,,
𬶟,8,0,0,,,0,,,,,
𬶠,8,0,0,,,0,,,,,
𬶡,8,0,0,,,0,,,,,
𬶢,8,0,0,,,0,,,,,
𬶣,8,0,0,,,0,,,,,
𬶤,8,0,0,,,0,,,,,
𬶥,8,0,0,,,0,,,,,
𬶦,8,0,0,,,0,,,,,
𬶧,8,0,0,,,0,,,,,
𬶨,8,0,0,,,0,,,,,
𬶩,8,0,0,,,0,,,,,
𬶪,8,0,0,,,0,,,,,
𬶫,8,0,0,,,0,,,,,
𬶬,8,0,0,,,0,,,,,
𬶭,8,0,0,,,0,,,,,
𬶮,8,0,0,,,0,,,,,
𬶯,8,0,0,,,0,,,,,
𬶰,8,0,0,,,0,,,,,
𬶱,8,0,0,,,0,,,,,
𬶲,8,0,0,,,0,,,,,
𬶳,8,0,0,,,0,,,,,
𬶴,8,0,0,,,0,,,,,
𬶵,8,0,0,,,0,,,,,
𬶶,8,0,0,,,0,,,,,
𬶷,8,0,0,,,0,,,,,
𬶸,8,0,0,,,0,,,,,
𬶹,8,0,0,,,0,,,,,
𬶺,8,0,0,,,0,,,,,
𬶻,8,0,0,,,0,,,,,
𬶼,8,0,0,,,0,,,,,
𬶽,8,0,0,,,0,,,,,
𬶾,8,0,0,,,0,,,,,
𬶿,8,0,0,,よたか,0,,,,,
𬷀,8,0,0,,,0,,,,,
𬷁,8,0,0,,,0,,,,,
𬷂,8,0,0,,,0,,,,,
𬷃,8,0,0,,,0,,,,,
𬷄,8,0,0,,かしどり,0,,,,,
𬷅,8,0,0,,,0,,,,,
𬷆,8,0,0,,,0,,,,,
𬷇,8,0,0,,,0,,,,,
𬷈,8,0,0,,,0,,,,,
𬷉,8,0,0,,とき,0,,,,,
𬷊,8,0,0,,,0,,,,,
𬷋,8,0,0,,,0,,,,,
𬷌,8,0,0,,,0,,,,,
𬷍,8,0,0,,,0,,,,,
𬷎,8,0,0,,,0,,,,,
𬷏,8,0,0,,,0,,,,,
𬷐,8,0,0,,,0,,,,,
𬷑,8,0,0,,,0,,,,,
𬷒,8,0,0,,かも,0,,,,,
𬷓,8,0,0,,,0,,,,,
𬷔,8,0,0,,つる,0,,,,,
𬷕,8,0,0,,,0,,,,,
𬷖,8,0,0,,,0,,,,,
𬷗,8,0,0,,うそ,0,,,,,
𬷘,8,0,0,,,0,,,,,
𬷙,8,0,0,,みさご,0,,,,,
𬷚,8,0,0,,,0,,,,,
𬷛,8,0,0,,,0,,,,,
𬷜,8,0,0,,,0,,,,,
𬷝,8,0,0,,つぐみ,0,,,,,
𬷞,8,0,0,,,0,,,,,
𬷟,8,0,0,,,0,,,,,
𬷠,8,0,0,,,0,,,,,
𬷡,8,0,0,,うぐいす,0,,,,,
𬷢,8,0,0,,いすか,0,,,,,
𬷣,8,0,0,,,0,,,,,
𬷤,8,0,0,,,0,,,,,
𬷥,8,0,0,,,0,,,,,
𬷦,8,0,0,,わし,0,,,,,
𬷧,8,0,0,,さぎ,0,,,,,
𬷨,8,0,0,,,0,,,,,
𬷩,8,0,0,,,0,,,,,
𬷪,8,0,0,,,0,,,,,
𬷫,8,0,0,,こうないし とど,0,,,,,
𬷬,8,0,0,,にわとり,0,,,,,
𬷭,8,0,0,,,0,,,,,
𬷮,8,0,0,,,0,,,,,
𬷯,8,0,0,,,0,,,,,
𬷰,8,0,0,,ひな,0,,,,,
𬷱,8,0,0,,やまがら,0,,,,,
𬷲,8,0,0,,,0,,,,,
𬷳,8,0,0,,さくなき,0,,,,,
𬷴,8,0,0,,,0,,,,,
𬷵,8,0,0,,うぐいす,0,,,,,
𬷶,8,0,0,,,0,,,,,
𬷷,8,0,0,,かやくき,0,,,,,
𬷸,8,0,0,,,0,,,,,
𬷹,8,0,0,,,0,,,,,
𬷺,8,0,0,,おおたか,0,,,,,
𬷻,8,0,0,,,0,,,,,
𬷼,8,0,0,,,0,,,,,
𬷽,8,0,0,,,0,,,,,
𬷾,8,0,0,,,0,,,,,
𬷿,8,0,0,,,0,,,,,
𬸀,8,0,0,,,0,,,,,
𬸁,8,0,0,,,0,,,,,
𬸂,8,0,0,,,0,,,,,
𬸃,8,0,0,,,0,,,,,
𬸄,8,0,0,,,0,,,,,
𬸅,8,0,0,,,0,,,,,
𬸆,8,0,0,,,0,,,,,
𬸇,8,0,0,,,0,,,,,
𬸈,8,0,0,,,0,,,,,
𬸉,8,0,0,,,0,,,,,
𬸊,8,0,0,,,0,,,,,
𬸋,8,0,0,,,0,,,,,
𬸌,8,0,0,,,0,,,,,
𬸍,8,0,0,,,0,,,,,
𬸎,8,0,0,,,0,,,,,
𬸏,8,0,0,,,0,,,,,
𬸐,8,0,0,,,0,,,,,
𬸑,8,0,0,,,0,,,,,
𬸒,8,0,0,,,0,,,,,
𬸓,8,0,0,,,0,,,,,
𬸔,8,0,0,,,0,,,,,
𬸕,8,0,0,,,0,,,,,
𬸖,8,0,0,,,0,,,,,
𬸗,8,0,0,,,0,,,,,
𬸘,8,0,0,,,0,,,,,
𬸙,8,0,0,,,0,,,,,
𬸚,8,0,0,,,0,,,,,
𬸛,8,0,0,,,0,,,,,
𬸜,8,0,0,,,0,,,,,
𬸝,8,0,0,,,0,,,,,
𬸞,8,0,0,,,0,,,,,
𬸟,8,0,0,,,0,,,,,
𬸠,8,0,0,,,0,,,,,
𬸡,8,0,0,,,0,,,,,
𬸢,8,0,0,,,0,,,,,
𬸣,8,0,0,,,0,,,,,
𬸤,8,0,0,,,0,,,,,
𬸥,8,0,0,,,0,,,,,
𬸦,8,0,0,,,0,,,,,
𬸧,8,0,0,,,0,,,,,
𬸨,8,0,0,,,0,,,,,
𬸩,8,0,0,,,0,,,,,
𬸪,8,0,0,,,0,,,,,
𬸫,8,0,0,,,0,,,,,
𬸬,8,0,0,,,0,,,,,
𬸭,8,0,0,,,0,,,,,
𬸮,8,0,0,,,0,,,,,
𬸯,8,0,0,,,0,,,,,
𬸰,8,0,0,,,0,,,,,
𬸱,8,0,0,,,0,,,,,
𬸲,8,0,0,,,0,,,,,
𬸳,8,0,0,,,0,,,,,
𬸴,8,0,0,,,0,,,,,
𬸵,8,0,0,,,0,,,,,
𬸶,8,0,0,,,0,,,,,
𬸷,8,0,0,,,0,,,,,
𬸸,8,0,0,,,0,,,,,
𬸹,8,0,0,,,0,,,,,
𬸺,8,0,0,,,0,,,,,
𬸻,8,0,0,,,0,,,,,
𬸼,8,0,0,,,0,,,,,
𬸽,8,0,0,,かごや,0,,,,,
𬸾,8,0,0,,,0,,,,,
𬸿,8,0,0,,,0,,,,,
𬹀,8,0,0,,,0,,,,,
𬹁,8,0,0,,,0,,,,,
𬹂,8,0,0,,,0,,,,,
𬹃,8,0,0,,,0,,,,,
𬹄,8,0,0,,,0,,,,,
𬹅,8,0,0,,,0,,,,,
𬹆,8,0,0,,,0,,,,,
𬹇,8,0,0,,,0,,,,,
𬹈,8,0,0,,,0,,,,,
𬹉,8,0,0,,,0,,,,,
𬹊,8,0,0,,,0,,,,,
𬹋,8,0,0,,,0,,,,,
𬹌,8,0,0,,,0,,,,,
𬹍,8,0,0,,,0,,,,,
𬹎,8,0,0,,,0,,,,,
𬹏,8,0,0,,,0,,,,,
𬹐,8,0,0,,,0,,,,,
𬹑,8,0,0,,,0,,,,,
𬹒,8,0,0,,,0,,,,,
𬹓,8,0,0,,,0,,,,,
𬹔,8,0,0,,,0,,,,,
𬹕,8,0,0,,,0,,,,,
𬹖,8,0,0,,,0,,,,,
𬹗,8,0,0,,,0,,,,,
𬹘,8,0,0,,,0,,,,,
𬹙,8,0,0,,,0,,,,,
𬹚,8,0,0,,,0,,,,,
𬹛,8,0,0,,,0,,,,,
𬹜,8,0,0,,,0,,,,,
𬹝,8,0,0,,,0,,,,,
𬹞,8,0,0,,,0,,,,,
𬹟,8,0,0,,,0,,,,,
𬹠,8,0,0,,,0,,,,,
𬹡,8,0,0,,,0,,,,,
𬹢,8,0,0,,,0,,,,,
𬹣,8,0,0,,,0,,,,,
𬹤,8,0,0,,,0,,,,,
𬹥,8,0,0,,,0,,,,,
𬹦,8,0,0,,,0,,,,,
𬹧,8,0,0,,,0,,,,,
𬹨,8,0,0,,,0,,,,,
𬹩,8,0,0,,,0,,,,,
𬹪,8,0,0,,,0,,,,,
𬹫,8,0,0,,,0,,,,,
𬹬,8,0,0,,,0,,,,,
𬹭,8,0,0,,,0,,,,,
𬹮,8,0,0,,,0,,,,,
𬹯,8,0,0,,,0,,,,,
𬹰,8,0,0,,,0,,,,,
𬹱,8,0,0,,,0,,,,,
𬹲,8,0,0,,,0,,,,,
𬹳,8,0,0,,,0,,,,,
𬹴,8,0,0,,,0,,,,,
𬹵,8,0,0,ダ,,0,,,,,
𬹶,8,0,0,,,0,,,,,
𬹷,8,0,0,,,0,,,,,
𬹸,8,0,0,,,0,,,,,
𬹹,8,0,0,,,0,,,,,
𬹺,8,0,0,,,0,,,,,
𬹻,8,0,0,,,0,,,,,
𬹼,8,0,0,,,0,,,,,
𬹽,8,0,0,,,0,,,,,
𬹾,8,0,0,,,0,,,,,
𬹿,8,0,0,,,0,,,,,
𬺀,8,0,0,,,0,,,,,
𬺁,8,0,0,,,0,,,,,
𬺂,8,0,0,,,0,,,,,
𬺃,8,0,0,,,0,,,,,
𬺄,8,0,0,,,0,,,,,
𬺅,8,0,0,,,0,,,,,
𬺆,8,0,0,,,0,,,,,
𬺇,8,0,0,,,0,,,,,
𬺈,8,0,0,,,0,,,,,
𬺉,8,0,0,,,0,,,,,
𬺊,8,0,0,,,0,,,,,
𬺋,8,0,0,,,0,,,,,
𬺌,8,0,0,,,0,,,,,
𬺍,8,0,0,,,0,,,,,
𬺎,8,0,0,,,0,,,,,
𬺏,8,0,0,,,0,,,,,
𬺐,8,0,0,,,0,,,,,
𬺑,8,0,0,,,0,,,,,
𬺒,8,0,0,,,0,,,,,
𬺓,8,0,0,,,0,,,,,
𬺔,8,0,0,,,0,,,,,
𬺕,8,0,0,,,0,,,,,
𬺖,8,0,0,,,0,,,,,
𬺗,8,0,0,,,0,,,,,
𬺘,8,0,0,,,0,,,,,
𬺙,8,0,0,,,0,,,,,
𬺚,8,0,0,,,0,,,,,
𬺛,8,0,0,,,0,,,,,
𬺜,8,0,0,,,0,,,,,
𬺝,8,0,0,,,0,,,,,
𬺞,8,0,0,,,0,,,,,
𬺟,8,0,0,,,0,,,,,
𬺠,8,0,0,,,0,,,,,
𬺡,8,0,0,,,0,,,,,