𰀀,10,0,0,,,0,,,,,
𰀁,10,0,0,,,0,,,,,
𰀂,10,0,0,,,0,,,,,
𰀃,10,0,0,,,0,,,,,
𰀄,10,0,0,,,0,,,,,
𰀅,10,0,0,,,0,,,,,
𰀆,10,0,0,,,0,,,,,
𰀇,10,0,0,,,0,,,,,
𰀈,10,0,0,,,0,,,,,
𰀉,10,0,0,,,0,,,,,
𰀊,10,0,0,,,0,,,,,
𰀋,10,0,0,,,0,,,,,
𰀌,10,0,0,,,0,,,,,
𰀍,10,0,0,,,0,,,,,
𰀎,10,0,0,,,0,,,,,
𰀏,10,0,0,,,0,,,,,
𰀐,10,0,0,,,0,,,,,
𰀑,10,0,0,,,0,,,,,
𰀒,10,0,0,,,0,,,,,
𰀓,10,0,0,,,0,,,,,
𰀔,10,0,0,,,0,,,,,
𰀕,10,0,0,,,0,,,,,
𰀖,10,0,0,,,0,,,,,
𰀗,10,0,0,,,0,,,,,
𰀘,10,0,0,,,0,,,,,
𰀙,10,0,0,,,0,,,,,
𰀚,10,0,0,,,0,,,,,
𰀛,10,0,0,,,0,,,,,
𰀜,10,0,0,,,0,,,,,
𰀝,10,0,0,,,0,,,,,
𰀞,10,0,0,,,0,,,,,
𰀟,10,0,0,,,0,,,,,
𰀠,10,0,0,,,0,,,,,
𰀡,10,0,0,,,0,,,,,
𰀢,10,0,0,,,0,,,,,
𰀣,10,0,0,,,0,,,,,
𰀤,10,0,0,,,0,,,,,
𰀥,10,0,0,,,0,,,,,
𰀦,10,0,0,,,0,,,,,
𰀧,10,0,0,,,0,,,,,
𰀨,10,0,0,,,0,,,,,
𰀩,10,0,0,,,0,,,,,
𰀪,10,0,0,,,0,,,,,
𰀫,10,0,0,,,0,,,,,
𰀬,10,0,0,,,0,,,,,
𰀭,10,0,0,,,0,,,,,
𰀮,10,0,0,,,0,,,,,
𰀯,10,0,0,,,0,,,,,
𰀰,10,0,0,,,0,,,,,
𰀱,10,0,0,,,0,,,,,
𰀲,10,0,0,,,0,,,,,
𰀳,10,0,0,,,0,,,,,
𰀴,10,0,0,,,0,,,,,
𰀵,10,0,0,,,0,,,,,
𰀶,10,0,0,,,0,,,,,
𰀷,10,0,0,,,0,,,,,
𰀸,10,0,0,,,0,,,,,
𰀹,10,0,0,,,0,,,,,
𰀺,10,0,0,,,0,,,,,
𰀻,10,0,0,,,0,,,,,
𰀼,10,0,0,,,0,,,,,
𰀽,10,0,0,,,0,,,,,
𰀾,10,0,0,,,0,,,,,
𰀿,10,0,0,,,0,,,,,
𰁀,10,0,0,,,0,,,,,
𰁁,10,0,0,,,0,,,,,
𰁂,10,0,0,,,0,,,,,
𰁃,10,0,0,,,0,,,,,
𰁄,10,0,0,,,0,,,,,
𰁅,10,0,0,,,0,,,,,
𰁆,10,0,0,,,0,,,,,
𰁇,10,0,0,,,0,,,,,
𰁈,10,0,0,,,0,,,,,
𰁉,10,0,0,,,0,,,,,
𰁊,10,0,0,,,0,,,,,
𰁋,10,0,0,,,0,,,,,
𰁌,10,0,0,,,0,,,,,
𰁍,10,0,0,,,0,,,,,
𰁎,10,0,0,,,0,,,,,
𰁏,10,0,0,,,0,,,,,
𰁐,10,0,0,,,0,,,,,
𰁑,10,0,0,,,0,,,,,
𰁒,10,0,0,,,0,,,,,
𰁓,10,0,0,,,0,,,,,
𰁔,10,0,0,,,0,,,,,
𰁕,10,0,0,,,0,,,,,
𰁖,10,0,0,,,0,,,,,
𰁗,10,0,0,,,0,,,,,
𰁘,10,0,0,,,0,,,,,
𰁙,10,0,0,,,0,,,,,
𰁚,10,0,0,,,0,,,,,
𰁛,10,0,0,,,0,,,,,
𰁜,10,0,0,,,0,,,,,
𰁝,10,0,0,,,0,,,,,
𰁞,10,0,0,,,0,,,,,
𰁟,10,0,0,,,0,,,,,
𰁠,10,0,0,,,0,,,,,
𰁡,10,0,0,,,0,,,,,
𰁢,10,0,0,,,0,,,,,
𰁣,10,0,0,,,0,,,,,
𰁤,10,0,0,,,0,,,,,
𰁥,10,0,0,,,0,,,,,
𰁦,10,0,0,,,0,,,,,
𰁧,10,0,0,,,0,,,,,
𰁨,10,0,0,,,0,,,,,
𰁩,10,0,0,,,0,,,,,
𰁪,10,0,0,,,0,,,,,
𰁫,10,0,0,,,0,,,,,
𰁬,10,0,0,,,0,,,,,
𰁭,10,0,0,,,0,,,,,
𰁮,10,0,0,,,0,,,,,
𰁯,10,0,0,,,0,,,,,
𰁰,10,0,0,,,0,,,,,
𰁱,10,0,0,,,0,,,,,
𰁲,10,0,0,,,0,,,,,
𰁳,10,0,0,,,0,,,,,
𰁴,10,0,0,,,0,,,,,
𰁵,10,0,0,,,0,,,,,
𰁶,10,0,0,,,0,,,,,
𰁷,10,0,0,,,0,,,,,
𰁸,10,0,0,,,0,,,,,
𰁹,10,0,0,,,0,,,,,
𰁺,10,0,0,,,0,,,,,
𰁻,10,0,0,,,0,,,,,
𰁼,10,0,0,,,0,,,,,
𰁽,10,0,0,,,0,,,,,
𰁾,10,0,0,,,0,,,,,
𰁿,10,0,0,,,0,,,,,
𰂀,10,0,0,,,0,,,,,
𰂁,10,0,0,,,0,,,,,
𰂂,10,0,0,,,0,,,,,
𰂃,10,0,0,,,0,,,,,
𰂄,10,0,0,,,0,,,,,
𰂅,10,0,0,,,0,,,,,
𰂆,10,0,0,,,0,,,,,
𰂇,10,0,0,,,0,,,,,
𰂈,10,0,0,,,0,,,,,
𰂉,10,0,0,,,0,,,,,
𰂊,10,0,0,,,0,,,,,
𰂋,10,0,0,,,0,,,,,
𰂌,10,0,0,,,0,,,,,
𰂍,10,0,0,,,0,,,,,
𰂎,10,0,0,,,0,,,,,
𰂏,10,0,0,,,0,,,,,
𰂐,10,0,0,,,0,,,,,
𰂑,10,0,0,,,0,,,,,
𰂒,10,0,0,,,0,,,,,
𰂓,10,0,0,,,0,,,,,
𰂔,10,0,0,,,0,,,,,
𰂕,10,0,0,,,0,,,,,
𰂖,10,0,0,,,0,,,,,
𰂗,10,0,0,,,0,,,,,
𰂘,10,0,0,,,0,,,,,
𰂙,10,0,0,,,0,,,,,
𰂚,10,0,0,,,0,,,,,
𰂛,10,0,0,,,0,,,,,
𰂜,10,0,0,,,0,,,,,
𰂝,10,0,0,,,0,,,,,
𰂞,10,0,0,,,0,,,,,
𰂟,10,0,0,,,0,,,,,
𰂠,10,0,0,,,0,,,,,
𰂡,10,0,0,,,0,,,,,
𰂢,10,0,0,,,0,,,,,
𰂣,10,0,0,,,0,,,,,
𰂤,10,0,0,,,0,,,,,
𰂥,10,0,0,,,0,,,,,
𰂦,10,0,0,,,0,,,,,
𰂧,10,0,0,,,0,,,,,
𰂨,10,0,0,,,0,,,,,
𰂩,10,0,0,,,0,,,,,
𰂪,10,0,0,,,0,,,,,
𰂫,10,0,0,,,0,,,,,
𰂬,10,0,0,,,0,,,,,
𰂭,10,0,0,,,0,,,,,
𰂮,10,0,0,,,0,,,,,
𰂯,10,0,0,,,0,,,,,
𰂰,10,0,0,,,0,,,,,
𰂱,10,0,0,,,0,,,,,
𰂲,10,0,0,,,0,,,,,
𰂳,10,0,0,,,0,,,,,
𰂴,10,0,0,,,0,,,,,
𰂵,10,0,0,,,0,,,,,
𰂶,10,0,0,,,0,,,,,
𰂷,10,0,0,,,0,,,,,
𰂸,10,0,0,,,0,,,,,
𰂹,10,0,0,,,0,,,,,
𰂺,10,0,0,,,0,,,,,
𰂻,10,0,0,,,0,,,,,
𰂼,10,0,0,,,0,,,,,
𰂽,10,0,0,,,0,,,,,
𰂾,10,0,0,,,0,,,,,
𰂿,10,0,0,,,0,,,,,
𰃀,10,0,0,,,0,,,,,
𰃁,10,0,0,,,0,,,,,
𰃂,10,0,0,,,0,,,,,
𰃃,10,0,0,,,0,,,,,
𰃄,10,0,0,,,0,,,,,
𰃅,10,0,0,,,0,,,,,
𰃆,10,0,0,,,0,,,,,
𰃇,10,0,0,,,0,,,,,
𰃈,10,0,0,,,0,,,,,
𰃉,10,0,0,,,0,,,,,
𰃊,10,0,0,,,0,,,,,
𰃋,10,0,0,,,0,,,,,
𰃌,10,0,0,,,0,,,,,
𰃍,10,0,0,,,0,,,,,
𰃎,10,0,0,,,0,,,,,
𰃏,10,0,0,,,0,,,,,
𰃐,10,0,0,,,0,,,,,
𰃑,10,0,0,,,0,,,,,
𰃒,10,0,0,,,0,,,,,
𰃓,10,0,0,,,0,,,,,
𰃔,10,0,0,,,0,,,,,
𰃕,10,0,0,,,0,,,,,
𰃖,10,0,0,,,0,,,,,
𰃗,10,0,0,,,0,,,,,
𰃘,10,0,0,,,0,,,,,
𰃙,10,0,0,,,0,,,,,
𰃚,10,0,0,,,0,,,,,
𰃛,10,0,0,,,0,,,,,
𰃜,10,0,0,,,0,,,,,
𰃝,10,0,0,,,0,,,,,
𰃞,10,0,0,,,0,,,,,
𰃟,10,0,0,,,0,,,,,
𰃠,10,0,0,,,0,,,,,
𰃡,10,0,0,,,0,,,,,
𰃢,10,0,0,,,0,,,,,
𰃣,10,0,0,,,0,,,,,
𰃤,10,0,0,,,0,,,,,
𰃥,10,0,0,,,0,,,,,
𰃦,10,0,0,,,0,,,,,
𰃧,10,0,0,,,0,,,,,
𰃨,10,0,0,,,0,,,,,
𰃩,10,0,0,,,0,,,,,
𰃪,10,0,0,,,0,,,,,
𰃫,10,0,0,,,0,,,,,
𰃬,10,0,0,,,0,,,,,
𰃭,10,0,0,,,0,,,,,
𰃮,10,0,0,,,0,,,,,
𰃯,10,0,0,,,0,,,,,
𰃰,10,0,0,,,0,,,,,
𰃱,10,0,0,,,0,,,,,
𰃲,10,0,0,,,0,,,,,
𰃳,10,0,0,,,0,,,,,
𰃴,10,0,0,,,0,,,,,
𰃵,10,0,0,,,0,,,,,
𰃶,10,0,0,,,0,,,,,
𰃷,10,0,0,,,0,,,,,
𰃸,10,0,0,,,0,,,,,
𰃹,10,0,0,,,0,,,,,
𰃺,10,0,0,,,0,,,,,
𰃻,10,0,0,,,0,,,,,
𰃼,10,0,0,,,0,,,,,
𰃽,10,0,0,,,0,,,,,
𰃾,10,0,0,,,0,,,,,
𰃿,10,0,0,,,0,,,,,
𰄀,10,0,0,,,0,,,,,
𰄁,10,0,0,,,0,,,,,
𰄂,10,0,0,,,0,,,,,
𰄃,10,0,0,,,0,,,,,
𰄄,10,0,0,,,0,,,,,
𰄅,10,0,0,,,0,,,,,
𰄆,10,0,0,,,0,,,,,
𰄇,10,0,0,,,0,,,,,
𰄈,10,0,0,,,0,,,,,
𰄉,10,0,0,,,0,,,,,
𰄊,10,0,0,,,0,,,,,
𰄋,10,0,0,,,0,,,,,
𰄌,10,0,0,,,0,,,,,
𰄍,10,0,0,,,0,,,,,
𰄎,10,0,0,,,0,,,,,
𰄏,10,0,0,,,0,,,,,
𰄐,10,0,0,,,0,,,,,
𰄑,10,0,0,,,0,,,,,
𰄒,10,0,0,,,0,,,,,
𰄓,10,0,0,,,0,,,,,
𰄔,10,0,0,,,0,,,,,
𰄕,10,0,0,,,0,,,,,
𰄖,10,0,0,,,0,,,,,
𰄗,10,0,0,,,0,,,,,
𰄘,10,0,0,,,0,,,,,
𰄙,10,0,0,,,0,,,,,
𰄚,10,0,0,,,0,,,,,
𰄛,10,0,0,,,0,,,,,
𰄜,10,0,0,,,0,,,,,
𰄝,10,0,0,,,0,,,,,
𰄞,10,0,0,,,0,,,,,
𰄟,10,0,0,,,0,,,,,
𰄠,10,0,0,,,0,,,,,
𰄡,10,0,0,,,0,,,,,
𰄢,10,0,0,,,0,,,,,
𰄣,10,0,0,,,0,,,,,
𰄤,10,0,0,,,0,,,,,
𰄥,10,0,0,,,0,,,,,
𰄦,10,0,0,,,0,,,,,
𰄧,10,0,0,,,0,,,,,
𰄨,10,0,0,,,0,,,,,
𰄩,10,0,0,,,0,,,,,
𰄪,10,0,0,,,0,,,,,
𰄫,10,0,0,,,0,,,,,
𰄬,10,0,0,,,0,,,,,
𰄭,10,0,0,,,0,,,,,
𰄮,10,0,0,,,0,,,,,
𰄯,10,0,0,,,0,,,,,
𰄰,10,0,0,,,0,,,,,
𰄱,10,0,0,,,0,,,,,
𰄲,10,0,0,,,0,,,,,
𰄳,10,0,0,,,0,,,,,
𰄴,10,0,0,,,0,,,,,
𰄵,10,0,0,,,0,,,,,
𰄶,10,0,0,,,0,,,,,
𰄷,10,0,0,,,0,,,,,
𰄸,10,0,0,,,0,,,,,
𰄹,10,0,0,,,0,,,,,
𰄺,10,0,0,,,0,,,,,
𰄻,10,0,0,,,0,,,,,
𰄼,10,0,0,,,0,,,,,
𰄽,10,0,0,,,0,,,,,
𰄾,10,0,0,,,0,,,,,
𰄿,10,0,0,,,0,,,,,
𰅀,10,0,0,,,0,,,,,
𰅁,10,0,0,,,0,,,,,
𰅂,10,0,0,,,0,,,,,
𰅃,10,0,0,,,0,,,,,
𰅄,10,0,0,,,0,,,,,
𰅅,10,0,0,,,0,,,,,
𰅆,10,0,0,,,0,,,,,
𰅇,10,0,0,,,0,,,,,
𰅈,10,0,0,,,0,,,,,
𰅉,10,0,0,,,0,,,,,
𰅊,10,0,0,,,0,,,,,
𰅋,10,0,0,,,0,,,,,
𰅌,10,0,0,,,0,,,,,
𰅍,10,0,0,,,0,,,,,
𰅎,10,0,0,,,0,,,,,
𰅏,10,0,0,,,0,,,,,
𰅐,10,0,0,,,0,,,,,
𰅑,10,0,0,,,0,,,,,
𰅒,10,0,0,,,0,,,,,
𰅓,10,0,0,,,0,,,,,
𰅔,10,0,0,,,0,,,,,
𰅕,10,0,0,,,0,,,,,
𰅖,10,0,0,,,0,,,,,
𰅗,10,0,0,,,0,,,,,
𰅘,10,0,0,,,0,,,,,
𰅙,10,0,0,,,0,,,,,
𰅚,10,0,0,,,0,,,,,
𰅛,10,0,0,,,0,,,,,
𰅜,10,0,0,,,0,,,,,
𰅝,10,0,0,,,0,,,,,
𰅞,10,0,0,,,0,,,,,
𰅟,10,0,0,,,0,,,,,
𰅠,10,0,0,,,0,,,,,
𰅡,10,0,0,,,0,,,,,
𰅢,10,0,0,,,0,,,,,
𰅣,10,0,0,,,0,,,,,
𰅤,10,0,0,,,0,,,,,
𰅥,10,0,0,,,0,,,,,
𰅦,10,0,0,,,0,,,,,
𰅧,10,0,0,,,0,,,,,
𰅨,10,0,0,,,0,,,,,
𰅩,10,0,0,,,0,,,,,
𰅪,10,0,0,,,0,,,,,
𰅫,10,0,0,,,0,,,,,
𰅬,10,0,0,,,0,,,,,
𰅭,10,0,0,,,0,,,,,
𰅮,10,0,0,,,0,,,,,
𰅯,10,0,0,,,0,,,,,
𰅰,10,0,0,,,0,,,,,
𰅱,10,0,0,,,0,,,,,
𰅲,10,0,0,,,0,,,,,
𰅳,10,0,0,,,0,,,,,
𰅴,10,0,0,,,0,,,,,
𰅵,10,0,0,,,0,,,,,
𰅶,10,0,0,,,0,,,,,
𰅷,10,0,0,,,0,,,,,
𰅸,10,0,0,,,0,,,,,
𰅹,10,0,0,,,0,,,,,
𰅺,10,0,0,,,0,,,,,
𰅻,10,0,0,,,0,,,,,
𰅼,10,0,0,,,0,,,,,
𰅽,10,0,0,,,0,,,,,
𰅾,10,0,0,,,0,,,,,
𰅿,10,0,0,,,0,,,,,
𰆀,10,0,0,,,0,,,,,
𰆁,10,0,0,,,0,,,,,
𰆂,10,0,0,,,0,,,,,
𰆃,10,0,0,,,0,,,,,
𰆄,10,0,0,,,0,,,,,
𰆅,10,0,0,,,0,,,,,
𰆆,10,0,0,,,0,,,,,
𰆇,10,0,0,,,0,,,,,
𰆈,10,0,0,,,0,,,,,
𰆉,10,0,0,,,0,,,,,
𰆊,10,0,0,,,0,,,,,
𰆋,10,0,0,,,0,,,,,
𰆌,10,0,0,,,0,,,,,
𰆍,10,0,0,,,0,,,,,
𰆎,10,0,0,,,0,,,,,
𰆏,10,0,0,,,0,,,,,
𰆐,10,0,0,,,0,,,,,
𰆑,10,0,0,,,0,,,,,
𰆒,10,0,0,,,0,,,,,
𰆓,10,0,0,,,0,,,,,
𰆔,10,0,0,,,0,,,,,
𰆕,10,0,0,,,0,,,,,
𰆖,10,0,0,,,0,,,,,
𰆗,10,0,0,,,0,,,,,
𰆘,10,0,0,,,0,,,,,
𰆙,10,0,0,,,0,,,,,
𰆚,10,0,0,,,0,,,,,
𰆛,10,0,0,,,0,,,,,
𰆜,10,0,0,,,0,,,,,
𰆝,10,0,0,,,0,,,,,
𰆞,10,0,0,,,0,,,,,
𰆟,10,0,0,,,0,,,,,
𰆠,10,0,0,,,0,,,,,
𰆡,10,0,0,,,0,,,,,
𰆢,10,0,0,,,0,,,,,
𰆣,10,0,0,,,0,,,,,
𰆤,10,0,0,,,0,,,,,
𰆥,10,0,0,,,0,,,,,
𰆦,10,0,0,,,0,,,,,
𰆧,10,0,0,,,0,,,,,
𰆨,10,0,0,,,0,,,,,
𰆩,10,0,0,,,0,,,,,
𰆪,10,0,0,,,0,,,,,
𰆫,10,0,0,,,0,,,,,
𰆬,10,0,0,,,0,,,,,
𰆭,10,0,0,,,0,,,,,
𰆮,10,0,0,,,0,,,,,
𰆯,10,0,0,,,0,,,,,
𰆰,10,0,0,,,0,,,,,
𰆱,10,0,0,,,0,,,,,
𰆲,10,0,0,,,0,,,,,
𰆳,10,0,0,,,0,,,,,
𰆴,10,0,0,,,0,,,,,
𰆵,10,0,0,,,0,,,,,
𰆶,10,0,0,,,0,,,,,
𰆷,10,0,0,,,0,,,,,
𰆸,10,0,0,,,0,,,,,
𰆹,10,0,0,,,0,,,,,
𰆺,10,0,0,,,0,,,,,
𰆻,10,0,0,,,0,,,,,
𰆼,10,0,0,,,0,,,,,
𰆽,10,0,0,,,0,,,,,
𰆾,10,0,0,,,0,,,,,
𰆿,10,0,0,,,0,,,,,
𰇀,10,0,0,,,0,,,,,
𰇁,10,0,0,,,0,,,,,
𰇂,10,0,0,,,0,,,,,
𰇃,10,0,0,,,0,,,,,
𰇄,10,0,0,,,0,,,,,
𰇅,10,0,0,,,0,,,,,
𰇆,10,0,0,,,0,,,,,
𰇇,10,0,0,,,0,,,,,
𰇈,10,0,0,,,0,,,,,
𰇉,10,0,0,,,0,,,,,
𰇊,10,0,0,,,0,,,,,
𰇋,10,0,0,,,0,,,,,
𰇌,10,0,0,,,0,,,,,
𰇍,10,0,0,,,0,,,,,
𰇎,10,0,0,,,0,,,,,
𰇏,10,0,0,,,0,,,,,
𰇐,10,0,0,,,0,,,,,
𰇑,10,0,0,,,0,,,,,
𰇒,10,0,0,,,0,,,,,
𰇓,10,0,0,,,0,,,,,
𰇔,10,0,0,,,0,,,,,
𰇕,10,0,0,,,0,,,,,
𰇖,10,0,0,,,0,,,,,
𰇗,10,0,0,,,0,,,,,
𰇘,10,0,0,,,0,,,,,
𰇙,10,0,0,,,0,,,,,
𰇚,10,0,0,,,0,,,,,
𰇛,10,0,0,,,0,,,,,
𰇜,10,0,0,,,0,,,,,
𰇝,10,0,0,,,0,,,,,
𰇞,10,0,0,,,0,,,,,
𰇟,10,0,0,,,0,,,,,
𰇠,10,0,0,,,0,,,,,
𰇡,10,0,0,,,0,,,,,
𰇢,10,0,0,,,0,,,,,
𰇣,10,0,0,,,0,,,,,
𰇤,10,0,0,,,0,,,,,
𰇥,10,0,0,,,0,,,,,
𰇦,10,0,0,,,0,,,,,
𰇧,10,0,0,,,0,,,,,
𰇨,10,0,0,,,0,,,,,
𰇩,10,0,0,,,0,,,,,
𰇪,10,0,0,,,0,,,,,
𰇫,10,0,0,,,0,,,,,
𰇬,10,0,0,,,0,,,,,
𰇭,10,0,0,,,0,,,,,
𰇮,10,0,0,,,0,,,,,
𰇯,10,0,0,,,0,,,,,
𰇰,10,0,0,,,0,,,,,
𰇱,10,0,0,,,0,,,,,
𰇲,10,0,0,,,0,,,,,
𰇳,10,0,0,,,0,,,,,
𰇴,10,0,0,,,0,,,,,
𰇵,10,0,0,,,0,,,,,
𰇶,10,0,0,,,0,,,,,
𰇷,10,0,0,,,0,,,,,
𰇸,10,0,0,,,0,,,,,
𰇹,10,0,0,,,0,,,,,
𰇺,10,0,0,,,0,,,,,
𰇻,10,0,0,,,0,,,,,
𰇼,10,0,0,,,0,,,,,
𰇽,10,0,0,,,0,,,,,
𰇾,10,0,0,,,0,,,,,
𰇿,10,0,0,,,0,,,,,
𰈀,10,0,0,,,0,,,,,
𰈁,10,0,0,,,0,,,,,
𰈂,10,0,0,,,0,,,,,
𰈃,10,0,0,,,0,,,,,
𰈄,10,0,0,,,0,,,,,
𰈅,10,0,0,,,0,,,,,
𰈆,10,0,0,,,0,,,,,
𰈇,10,0,0,,,0,,,,,
𰈈,10,0,0,,,0,,,,,
𰈉,10,0,0,,,0,,,,,
𰈊,10,0,0,,,0,,,,,
𰈋,10,0,0,,,0,,,,,
𰈌,10,0,0,,,0,,,,,
𰈍,10,0,0,,,0,,,,,
𰈎,10,0,0,,,0,,,,,
𰈏,10,0,0,,,0,,,,,
𰈐,10,0,0,,,0,,,,,
𰈑,10,0,0,,,0,,,,,
𰈒,10,0,0,,,0,,,,,
𰈓,10,0,0,,,0,,,,,
𰈔,10,0,0,,,0,,,,,
𰈕,10,0,0,,,0,,,,,
𰈖,10,0,0,,,0,,,,,
𰈗,10,0,0,,,0,,,,,
𰈘,10,0,0,,,0,,,,,
𰈙,10,0,0,,,0,,,,,
𰈚,10,0,0,,,0,,,,,
𰈛,10,0,0,,,0,,,,,
𰈜,10,0,0,,,0,,,,,
𰈝,10,0,0,,,0,,,,,
𰈞,10,0,0,,,0,,,,,
𰈟,10,0,0,,,0,,,,,
𰈠,10,0,0,,,0,,,,,
𰈡,10,0,0,,,0,,,,,
𰈢,10,0,0,,,0,,,,,
𰈣,10,0,0,,,0,,,,,
𰈤,10,0,0,,,0,,,,,
𰈥,10,0,0,,,0,,,,,
𰈦,10,0,0,,,0,,,,,
𰈧,10,0,0,,,0,,,,,
𰈨,10,0,0,,,0,,,,,
𰈩,10,0,0,,,0,,,,,
𰈪,10,0,0,,,0,,,,,
𰈫,10,0,0,,,0,,,,,
𰈬,10,0,0,,,0,,,,,
𰈭,10,0,0,,,0,,,,,
𰈮,10,0,0,,,0,,,,,
𰈯,10,0,0,,,0,,,,,
𰈰,10,0,0,,,0,,,,,
𰈱,10,0,0,,,0,,,,,
𰈲,10,0,0,,,0,,,,,
𰈳,10,0,0,,,0,,,,,
𰈴,10,0,0,,,0,,,,,
𰈵,10,0,0,,,0,,,,,
𰈶,10,0,0,,,0,,,,,
𰈷,10,0,0,,,0,,,,,
𰈸,10,0,0,,,0,,,,,
𰈹,10,0,0,,,0,,,,,
𰈺,10,0,0,,,0,,,,,
𰈻,10,0,0,,,0,,,,,
𰈼,10,0,0,,,0,,,,,
𰈽,10,0,0,,,0,,,,,
𰈾,10,0,0,,,0,,,,,
𰈿,10,0,0,,,0,,,,,
𰉀,10,0,0,,,0,,,,,
𰉁,10,0,0,,,0,,,,,
𰉂,10,0,0,,,0,,,,,
𰉃,10,0,0,,,0,,,,,
𰉄,10,0,0,,,0,,,,,
𰉅,10,0,0,,,0,,,,,
𰉆,10,0,0,,,0,,,,,
𰉇,10,0,0,,,0,,,,,
𰉈,10,0,0,,,0,,,,,
𰉉,10,0,0,,,0,,,,,
𰉊,10,0,0,,,0,,,,,
𰉋,10,0,0,,,0,,,,,
𰉌,10,0,0,,,0,,,,,
𰉍,10,0,0,,,0,,,,,
𰉎,10,0,0,,,0,,,,,
𰉏,10,0,0,,,0,,,,,
𰉐,10,0,0,,,0,,,,,
𰉑,10,0,0,,,0,,,,,
𰉒,10,0,0,,,0,,,,,
𰉓,10,0,0,,,0,,,,,
𰉔,10,0,0,,,0,,,,,
𰉕,10,0,0,,,0,,,,,
𰉖,10,0,0,,,0,,,,,
𰉗,10,0,0,,,0,,,,,
𰉘,10,0,0,,,0,,,,,
𰉙,10,0,0,,,0,,,,,
𰉚,10,0,0,,,0,,,,,
𰉛,10,0,0,,,0,,,,,
𰉜,10,0,0,,,0,,,,,
𰉝,10,0,0,,,0,,,,,
𰉞,10,0,0,,,0,,,,,
𰉟,10,0,0,,,0,,,,,
𰉠,10,0,0,,,0,,,,,
𰉡,10,0,0,,,0,,,,,
𰉢,10,0,0,,,0,,,,,
𰉣,10,0,0,,,0,,,,,
𰉤,10,0,0,,,0,,,,,
𰉥,10,0,0,,,0,,,,,
𰉦,10,0,0,,,0,,,,,
𰉧,10,0,0,,,0,,,,,
𰉨,10,0,0,,,0,,,,,
𰉩,10,0,0,,,0,,,,,
𰉪,10,0,0,,,0,,,,,
𰉫,10,0,0,,,0,,,,,
𰉬,10,0,0,,,0,,,,,
𰉭,10,0,0,,,0,,,,,
𰉮,10,0,0,,,0,,,,,
𰉯,10,0,0,,,0,,,,,
𰉰,10,0,0,,,0,,,,,
𰉱,10,0,0,,,0,,,,,
𰉲,10,0,0,,,0,,,,,
𰉳,10,0,0,,,0,,,,,
𰉴,10,0,0,,,0,,,,,
𰉵,10,0,0,,,0,,,,,
𰉶,10,0,0,,,0,,,,,
𰉷,10,0,0,,,0,,,,,
𰉸,10,0,0,,,0,,,,,
𰉹,10,0,0,,,0,,,,,
𰉺,10,0,0,,,0,,,,,
𰉻,10,0,0,,,0,,,,,
𰉼,10,0,0,,,0,,,,,
𰉽,10,0,0,,,0,,,,,
𰉾,10,0,0,,,0,,,,,
𰉿,10,0,0,,,0,,,,,
𰊀,10,0,0,,,0,,,,,
𰊁,10,0,0,,,0,,,,,
𰊂,10,0,0,,,0,,,,,
𰊃,10,0,0,,,0,,,,,
𰊄,10,0,0,,,0,,,,,
𰊅,10,0,0,,,0,,,,,
𰊆,10,0,0,,,0,,,,,
𰊇,10,0,0,,,0,,,,,
𰊈,10,0,0,,,0,,,,,
𰊉,10,0,0,,,0,,,,,
𰊊,10,0,0,,,0,,,,,
𰊋,10,0,0,,,0,,,,,
𰊌,10,0,0,,,0,,,,,
𰊍,10,0,0,,,0,,,,,
𰊎,10,0,0,,,0,,,,,
𰊏,10,0,0,,,0,,,,,
𰊐,10,0,0,,,0,,,,,
𰊑,10,0,0,,,0,,,,,
𰊒,10,0,0,,,0,,,,,
𰊓,10,0,0,,,0,,,,,
𰊔,10,0,0,,,0,,,,,
𰊕,10,0,0,,,0,,,,,
𰊖,10,0,0,,,0,,,,,
𰊗,10,0,0,,,0,,,,,
𰊘,10,0,0,,,0,,,,,
𰊙,10,0,0,,,0,,,,,
𰊚,10,0,0,,,0,,,,,
𰊛,10,0,0,,,0,,,,,
𰊜,10,0,0,,,0,,,,,
𰊝,10,0,0,,,0,,,,,
𰊞,10,0,0,,,0,,,,,
𰊟,10,0,0,,,0,,,,,
𰊠,10,0,0,,,0,,,,,
𰊡,10,0,0,,,0,,,,,
𰊢,10,0,0,,,0,,,,,
𰊣,10,0,0,,,0,,,,,
𰊤,10,0,0,,,0,,,,,
𰊥,10,0,0,,,0,,,,,
𰊦,10,0,0,,,0,,,,,
𰊧,10,0,0,,,0,,,,,
𰊨,10,0,0,,,0,,,,,
𰊩,10,0,0,,,0,,,,,
𰊪,10,0,0,,,0,,,,,
𰊫,10,0,0,,,0,,,,,
𰊬,10,0,0,,,0,,,,,
𰊭,10,0,0,,,0,,,,,
𰊮,10,0,0,,,0,,,,,
𰊯,10,0,0,,,0,,,,,
𰊰,10,0,0,,,0,,,,,
𰊱,10,0,0,,,0,,,,,
𰊲,10,0,0,,,0,,,,,
𰊳,10,0,0,,,0,,,,,
𰊴,10,0,0,,,0,,,,,
𰊵,10,0,0,,,0,,,,,
𰊶,10,0,0,,,0,,,,,
𰊷,10,0,0,,,0,,,,,
𰊸,10,0,0,,,0,,,,,
𰊹,10,0,0,,,0,,,,,
𰊺,10,0,0,,,0,,,,,
𰊻,10,0,0,,,0,,,,,
𰊼,10,0,0,,,0,,,,,
𰊽,10,0,0,,,0,,,,,
𰊾,10,0,0,,,0,,,,,
𰊿,10,0,0,,,0,,,,,
𰋀,10,0,0,,,0,,,,,
𰋁,10,0,0,,,0,,,,,
𰋂,10,0,0,,,0,,,,,
𰋃,10,0,0,,,0,,,,,
𰋄,10,0,0,,,0,,,,,
𰋅,10,0,0,,,0,,,,,
𰋆,10,0,0,,,0,,,,,
𰋇,10,0,0,,,0,,,,,
𰋈,10,0,0,,,0,,,,,
𰋉,10,0,0,,,0,,,,,
𰋊,10,0,0,,,0,,,,,
𰋋,10,0,0,,,0,,,,,
𰋌,10,0,0,,,0,,,,,
𰋍,10,0,0,,,0,,,,,
𰋎,10,0,0,,,0,,,,,
𰋏,10,0,0,,,0,,,,,
𰋐,10,0,0,,,0,,,,,
𰋑,10,0,0,,,0,,,,,
𰋒,10,0,0,,,0,,,,,
𰋓,10,0,0,,,0,,,,,
𰋔,10,0,0,,,0,,,,,
𰋕,10,0,0,,,0,,,,,
𰋖,10,0,0,,,0,,,,,
𰋗,10,0,0,,,0,,,,,
𰋘,10,0,0,,,0,,,,,
𰋙,10,0,0,,,0,,,,,
𰋚,10,0,0,,,0,,,,,
𰋛,10,0,0,,,0,,,,,
𰋜,10,0,0,,,0,,,,,
𰋝,10,0,0,,,0,,,,,
𰋞,10,0,0,,,0,,,,,
𰋟,10,0,0,,,0,,,,,
𰋠,10,0,0,,,0,,,,,
𰋡,10,0,0,,,0,,,,,
𰋢,10,0,0,,,0,,,,,
𰋣,10,0,0,,,0,,,,,
𰋤,10,0,0,,,0,,,,,
𰋥,10,0,0,,,0,,,,,
𰋦,10,0,0,,,0,,,,,
𰋧,10,0,0,,,0,,,,,
𰋨,10,0,0,,,0,,,,,
𰋩,10,0,0,,,0,,,,,
𰋪,10,0,0,,,0,,,,,
𰋫,10,0,0,,,0,,,,,
𰋬,10,0,0,,,0,,,,,
𰋭,10,0,0,,,0,,,,,
𰋮,10,0,0,,,0,,,,,
𰋯,10,0,0,,,0,,,,,
𰋰,10,0,0,,,0,,,,,
𰋱,10,0,0,,,0,,,,,
𰋲,10,0,0,,,0,,,,,
𰋳,10,0,0,,,0,,,,,
𰋴,10,0,0,,,0,,,,,
𰋵,10,0,0,,,0,,,,,
𰋶,10,0,0,,,0,,,,,
𰋷,10,0,0,,,0,,,,,
𰋸,10,0,0,,,0,,,,,
𰋹,10,0,0,,,0,,,,,
𰋺,10,0,0,,,0,,,,,
𰋻,10,0,0,,,0,,,,,
𰋼,10,0,0,,,0,,,,,
𰋽,10,0,0,,,0,,,,,
𰋾,10,0,0,,,0,,,,,
𰋿,10,0,0,,,0,,,,,
𰌀,10,0,0,,,0,,,,,
𰌁,10,0,0,,,0,,,,,
𰌂,10,0,0,,,0,,,,,
𰌃,10,0,0,,,0,,,,,
𰌄,10,0,0,,,0,,,,,
𰌅,10,0,0,,,0,,,,,
𰌆,10,0,0,,,0,,,,,
𰌇,10,0,0,,,0,,,,,
𰌈,10,0,0,,,0,,,,,
𰌉,10,0,0,,,0,,,,,
𰌊,10,0,0,,,0,,,,,
𰌋,10,0,0,,,0,,,,,
𰌌,10,0,0,,,0,,,,,
𰌍,10,0,0,,,0,,,,,
𰌎,10,0,0,,,0,,,,,
𰌏,10,0,0,,,0,,,,,
𰌐,10,0,0,,,0,,,,,
𰌑,10,0,0,,,0,,,,,
𰌒,10,0,0,,,0,,,,,
𰌓,10,0,0,,,0,,,,,
𰌔,10,0,0,,,0,,,,,
𰌕,10,0,0,,,0,,,,,
𰌖,10,0,0,,,0,,,,,
𰌗,10,0,0,,,0,,,,,
𰌘,10,0,0,,,0,,,,,
𰌙,10,0,0,,,0,,,,,
𰌚,10,0,0,,,0,,,,,
𰌛,10,0,0,,,0,,,,,
𰌜,10,0,0,,,0,,,,,
𰌝,10,0,0,,,0,,,,,
𰌞,10,0,0,,,0,,,,,
𰌟,10,0,0,,,0,,,,,
𰌠,10,0,0,,,0,,,,,
𰌡,10,0,0,,,0,,,,,
𰌢,10,0,0,,,0,,,,,
𰌣,10,0,0,,,0,,,,,
𰌤,10,0,0,,,0,,,,,
𰌥,10,0,0,,,0,,,,,
𰌦,10,0,0,,,0,,,,,
𰌧,10,0,0,,,0,,,,,
𰌨,10,0,0,,,0,,,,,
𰌩,10,0,0,,,0,,,,,
𰌪,10,0,0,,,0,,,,,
𰌫,10,0,0,,,0,,,,,
𰌬,10,0,0,,,0,,,,,
𰌭,10,0,0,,,0,,,,,
𰌮,10,0,0,,,0,,,,,
𰌯,10,0,0,,,0,,,,,
𰌰,10,0,0,,,0,,,,,
𰌱,10,0,0,,,0,,,,,
𰌲,10,0,0,,,0,,,,,
𰌳,10,0,0,,,0,,,,,
𰌴,10,0,0,,,0,,,,,
𰌵,10,0,0,,,0,,,,,
𰌶,10,0,0,,,0,,,,,
𰌷,10,0,0,,,0,,,,,
𰌸,10,0,0,,,0,,,,,
𰌹,10,0,0,,,0,,,,,
𰌺,10,0,0,,,0,,,,,
𰌻,10,0,0,,,0,,,,,
𰌼,10,0,0,,,0,,,,,
𰌽,10,0,0,,,0,,,,,
𰌾,10,0,0,,,0,,,,,
𰌿,10,0,0,,,0,,,,,
𰍀,10,0,0,,,0,,,,,
𰍁,10,0,0,,,0,,,,,
𰍂,10,0,0,,,0,,,,,
𰍃,10,0,0,,,0,,,,,
𰍄,10,0,0,,,0,,,,,
𰍅,10,0,0,,,0,,,,,
𰍆,10,0,0,,,0,,,,,
𰍇,10,0,0,,,0,,,,,
𰍈,10,0,0,,,0,,,,,
𰍉,10,0,0,,,0,,,,,
𰍊,10,0,0,,,0,,,,,
𰍋,10,0,0,,,0,,,,,
𰍌,10,0,0,,,0,,,,,
𰍍,10,0,0,,,0,,,,,
𰍎,10,0,0,,,0,,,,,
𰍏,10,0,0,,,0,,,,,
𰍐,10,0,0,,,0,,,,,
𰍑,10,0,0,,,0,,,,,
𰍒,10,0,0,,,0,,,,,
𰍓,10,0,0,,,0,,,,,
𰍔,10,0,0,,,0,,,,,
𰍕,10,0,0,,,0,,,,,
𰍖,10,0,0,,,0,,,,,
𰍗,10,0,0,,,0,,,,,
𰍘,10,0,0,,,0,,,,,
𰍙,10,0,0,,,0,,,,,
𰍚,10,0,0,,,0,,,,,
𰍛,10,0,0,,,0,,,,,
𰍜,10,0,0,,,0,,,,,
𰍝,10,0,0,,,0,,,,,
𰍞,10,0,0,,,0,,,,,
𰍟,10,0,0,,,0,,,,,
𰍠,10,0,0,,,0,,,,,
𰍡,10,0,0,,,0,,,,,
𰍢,10,0,0,,,0,,,,,
𰍣,10,0,0,,,0,,,,,
𰍤,10,0,0,,,0,,,,,
𰍥,10,0,0,,,0,,,,,
𰍦,10,0,0,,,0,,,,,
𰍧,10,0,0,,,0,,,,,
𰍨,10,0,0,,,0,,,,,
𰍩,10,0,0,,,0,,,,,
𰍪,10,0,0,,,0,,,,,
𰍫,10,0,0,,,0,,,,,
𰍬,10,0,0,,,0,,,,,
𰍭,10,0,0,,,0,,,,,
𰍮,10,0,0,,,0,,,,,
𰍯,10,0,0,,,0,,,,,
𰍰,10,0,0,,,0,,,,,
𰍱,10,0,0,,,0,,,,,
𰍲,10,0,0,,,0,,,,,
𰍳,10,0,0,,,0,,,,,
𰍴,10,0,0,,,0,,,,,
𰍵,10,0,0,,,0,,,,,
𰍶,10,0,0,,,0,,,,,
𰍷,10,0,0,,,0,,,,,
𰍸,10,0,0,,,0,,,,,
𰍹,10,0,0,,,0,,,,,
𰍺,10,0,0,,,0,,,,,
𰍻,10,0,0,,,0,,,,,
𰍼,10,0,0,,,0,,,,,
𰍽,10,0,0,,,0,,,,,
𰍾,10,0,0,,,0,,,,,
𰍿,10,0,0,,,0,,,,,
𰎀,10,0,0,,,0,,,,,
𰎁,10,0,0,,,0,,,,,
𰎂,10,0,0,,,0,,,,,
𰎃,10,0,0,,,0,,,,,
𰎄,10,0,0,,,0,,,,,
𰎅,10,0,0,,,0,,,,,
𰎆,10,0,0,,,0,,,,,
𰎇,10,0,0,,,0,,,,,
𰎈,10,0,0,,,0,,,,,
𰎉,10,0,0,,,0,,,,,
𰎊,10,0,0,,,0,,,,,
𰎋,10,0,0,,,0,,,,,
𰎌,10,0,0,,,0,,,,,
𰎍,10,0,0,,,0,,,,,
𰎎,10,0,0,,,0,,,,,
𰎏,10,0,0,,,0,,,,,
𰎐,10,0,0,,,0,,,,,
𰎑,10,0,0,,,0,,,,,
𰎒,10,0,0,,,0,,,,,
𰎓,10,0,0,,,0,,,,,
𰎔,10,0,0,,,0,,,,,
𰎕,10,0,0,,,0,,,,,
𰎖,10,0,0,,,0,,,,,
𰎗,10,0,0,,,0,,,,,
𰎘,10,0,0,,,0,,,,,
𰎙,10,0,0,,,0,,,,,
𰎚,10,0,0,,,0,,,,,
𰎛,10,0,0,,,0,,,,,
𰎜,10,0,0,,,0,,,,,
𰎝,10,0,0,,,0,,,,,
𰎞,10,0,0,,,0,,,,,
𰎟,10,0,0,,,0,,,,,
𰎠,10,0,0,,,0,,,,,
𰎡,10,0,0,,,0,,,,,
𰎢,10,0,0,,,0,,,,,
𰎣,10,0,0,,,0,,,,,
𰎤,10,0,0,,,0,,,,,
𰎥,10,0,0,,,0,,,,,
𰎦,10,0,0,,,0,,,,,
𰎧,10,0,0,,,0,,,,,
𰎨,10,0,0,,,0,,,,,
𰎩,10,0,0,,,0,,,,,
𰎪,10,0,0,,,0,,,,,
𰎫,10,0,0,,,0,,,,,
𰎬,10,0,0,,,0,,,,,
𰎭,10,0,0,,,0,,,,,
𰎮,10,0,0,,,0,,,,,
𰎯,10,0,0,,,0,,,,,
𰎰,10,0,0,,,0,,,,,
𰎱,10,0,0,,,0,,,,,
𰎲,10,0,0,,,0,,,,,
𰎳,10,0,0,,,0,,,,,
𰎴,10,0,0,,,0,,,,,
𰎵,10,0,0,,,0,,,,,
𰎶,10,0,0,,,0,,,,,
𰎷,10,0,0,,,0,,,,,
𰎸,10,0,0,,,0,,,,,
𰎹,10,0,0,,,0,,,,,
𰎺,10,0,0,,,0,,,,,
𰎻,10,0,0,,,0,,,,,
𰎼,10,0,0,,,0,,,,,
𰎽,10,0,0,,,0,,,,,
𰎾,10,0,0,,,0,,,,,
𰎿,10,0,0,,,0,,,,,
𰏀,10,0,0,,,0,,,,,
𰏁,10,0,0,,,0,,,,,
𰏂,10,0,0,,,0,,,,,
𰏃,10,0,0,,,0,,,,,
𰏄,10,0,0,,,0,,,,,
𰏅,10,0,0,,,0,,,,,
𰏆,10,0,0,,,0,,,,,
𰏇,10,0,0,,,0,,,,,
𰏈,10,0,0,,,0,,,,,
𰏉,10,0,0,,,0,,,,,
𰏊,10,0,0,,,0,,,,,
𰏋,10,0,0,,,0,,,,,
𰏌,10,0,0,,,0,,,,,
𰏍,10,0,0,,,0,,,,,
𰏎,10,0,0,,,0,,,,,
𰏏,10,0,0,,,0,,,,,
𰏐,10,0,0,,,0,,,,,
𰏑,10,0,0,,,0,,,,,
𰏒,10,0,0,,,0,,,,,
𰏓,10,0,0,,,0,,,,,
𰏔,10,0,0,,,0,,,,,
𰏕,10,0,0,,,0,,,,,
𰏖,10,0,0,,,0,,,,,
𰏗,10,0,0,,,0,,,,,
𰏘,10,0,0,,,0,,,,,
𰏙,10,0,0,,,0,,,,,
𰏚,10,0,0,,,0,,,,,
𰏛,10,0,0,,,0,,,,,
𰏜,10,0,0,,,0,,,,,
𰏝,10,0,0,,,0,,,,,
𰏞,10,0,0,,,0,,,,,
𰏟,10,0,0,,,0,,,,,
𰏠,10,0,0,,,0,,,,,
𰏡,10,0,0,,,0,,,,,
𰏢,10,0,0,,,0,,,,,
𰏣,10,0,0,,,0,,,,,
𰏤,10,0,0,,,0,,,,,
𰏥,10,0,0,,,0,,,,,
𰏦,10,0,0,,,0,,,,,
𰏧,10,0,0,,,0,,,,,
𰏨,10,0,0,,,0,,,,,
𰏩,10,0,0,,,0,,,,,
𰏪,10,0,0,,,0,,,,,
𰏫,10,0,0,,,0,,,,,
𰏬,10,0,0,,,0,,,,,
𰏭,10,0,0,,,0,,,,,
𰏮,10,0,0,,,0,,,,,
𰏯,10,0,0,,,0,,,,,
𰏰,10,0,0,,,0,,,,,
𰏱,10,0,0,,,0,,,,,
𰏲,10,0,0,,,0,,,,,
𰏳,10,0,0,,,0,,,,,
𰏴,10,0,0,,,0,,,,,
𰏵,10,0,0,,,0,,,,,
𰏶,10,0,0,,,0,,,,,
𰏷,10,0,0,,,0,,,,,
𰏸,10,0,0,,,0,,,,,
𰏹,10,0,0,,,0,,,,,
𰏺,10,0,0,,,0,,,,,
𰏻,10,0,0,,,0,,,,,
𰏼,10,0,0,,,0,,,,,
𰏽,10,0,0,,,0,,,,,
𰏾,10,0,0,,,0,,,,,
𰏿,10,0,0,,,0,,,,,
𰐀,10,0,0,,,0,,,,,
𰐁,10,0,0,,,0,,,,,
𰐂,10,0,0,,,0,,,,,
𰐃,10,0,0,,,0,,,,,
𰐄,10,0,0,,,0,,,,,
𰐅,10,0,0,,,0,,,,,
𰐆,10,0,0,,,0,,,,,
𰐇,10,0,0,,,0,,,,,
𰐈,10,0,0,,,0,,,,,
𰐉,10,0,0,,,0,,,,,
𰐊,10,0,0,,,0,,,,,
𰐋,10,0,0,,,0,,,,,
𰐌,10,0,0,,,0,,,,,
𰐍,10,0,0,,,0,,,,,
𰐎,10,0,0,,,0,,,,,
𰐏,10,0,0,,,0,,,,,
𰐐,10,0,0,,,0,,,,,
𰐑,10,0,0,,,0,,,,,
𰐒,10,0,0,,,0,,,,,
𰐓,10,0,0,,,0,,,,,
𰐔,10,0,0,,,0,,,,,
𰐕,10,0,0,,,0,,,,,
𰐖,10,0,0,,,0,,,,,
𰐗,10,0,0,,,0,,,,,
𰐘,10,0,0,,,0,,,,,
𰐙,10,0,0,,,0,,,,,
𰐚,10,0,0,,,0,,,,,
𰐛,10,0,0,,,0,,,,,
𰐜,10,0,0,,,0,,,,,
𰐝,10,0,0,,,0,,,,,
𰐞,10,0,0,,,0,,,,,
𰐟,10,0,0,,,0,,,,,
𰐠,10,0,0,,,0,,,,,
𰐡,10,0,0,,,0,,,,,
𰐢,10,0,0,,,0,,,,,
𰐣,10,0,0,,,0,,,,,
𰐤,10,0,0,,,0,,,,,
𰐥,10,0,0,,,0,,,,,
𰐦,10,0,0,,,0,,,,,
𰐧,10,0,0,,,0,,,,,
𰐨,10,0,0,,,0,,,,,
𰐩,10,0,0,,,0,,,,,
𰐪,10,0,0,,,0,,,,,
𰐫,10,0,0,,,0,,,,,
𰐬,10,0,0,,,0,,,,,
𰐭,10,0,0,,,0,,,,,
𰐮,10,0,0,,,0,,,,,
𰐯,10,0,0,,,0,,,,,
𰐰,10,0,0,,,0,,,,,
𰐱,10,0,0,,,0,,,,,
𰐲,10,0,0,,,0,,,,,
𰐳,10,0,0,,,0,,,,,
𰐴,10,0,0,,,0,,,,,
𰐵,10,0,0,,,0,,,,,
𰐶,10,0,0,,,0,,,,,
𰐷,10,0,0,,,0,,,,,
𰐸,10,0,0,,,0,,,,,
𰐹,10,0,0,,,0,,,,,
𰐺,10,0,0,,,0,,,,,
𰐻,10,0,0,,,0,,,,,
𰐼,10,0,0,,,0,,,,,
𰐽,10,0,0,,,0,,,,,
𰐾,10,0,0,,,0,,,,,
𰐿,10,0,0,,,0,,,,,
𰑀,10,0,0,,,0,,,,,
𰑁,10,0,0,,,0,,,,,
𰑂,10,0,0,,,0,,,,,
𰑃,10,0,0,,,0,,,,,
𰑄,10,0,0,,,0,,,,,
𰑅,10,0,0,,,0,,,,,
𰑆,10,0,0,,,0,,,,,
𰑇,10,0,0,,,0,,,,,
𰑈,10,0,0,,,0,,,,,
𰑉,10,0,0,,,0,,,,,
𰑊,10,0,0,,,0,,,,,
𰑋,10,0,0,,,0,,,,,
𰑌,10,0,0,,,0,,,,,
𰑍,10,0,0,,,0,,,,,
𰑎,10,0,0,,,0,,,,,
𰑏,10,0,0,,,0,,,,,
𰑐,10,0,0,,,0,,,,,
𰑑,10,0,0,,,0,,,,,
𰑒,10,0,0,,,0,,,,,
𰑓,10,0,0,,,0,,,,,
𰑔,10,0,0,,,0,,,,,
𰑕,10,0,0,,,0,,,,,
𰑖,10,0,0,,,0,,,,,
𰑗,10,0,0,,,0,,,,,
𰑘,10,0,0,,,0,,,,,
𰑙,10,0,0,,,0,,,,,
𰑚,10,0,0,,,0,,,,,
𰑛,10,0,0,,,0,,,,,
𰑜,10,0,0,,,0,,,,,
𰑝,10,0,0,,,0,,,,,
𰑞,10,0,0,,,0,,,,,
𰑟,10,0,0,,,0,,,,,
𰑠,10,0,0,,,0,,,,,
𰑡,10,0,0,,,0,,,,,
𰑢,10,0,0,,,0,,,,,
𰑣,10,0,0,,,0,,,,,
𰑤,10,0,0,,,0,,,,,
𰑥,10,0,0,,,0,,,,,
𰑦,10,0,0,,,0,,,,,
𰑧,10,0,0,,,0,,,,,
𰑨,10,0,0,,,0,,,,,
𰑩,10,0,0,,,0,,,,,
𰑪,10,0,0,,,0,,,,,
𰑫,10,0,0,,,0,,,,,
𰑬,10,0,0,,,0,,,,,
𰑭,10,0,0,,,0,,,,,
𰑮,10,0,0,,,0,,,,,
𰑯,10,0,0,,,0,,,,,
𰑰,10,0,0,,,0,,,,,
𰑱,10,0,0,,,0,,,,,
𰑲,10,0,0,,,0,,,,,
𰑳,10,0,0,,,0,,,,,
𰑴,10,0,0,,,0,,,,,
𰑵,10,0,0,,,0,,,,,
𰑶,10,0,0,,,0,,,,,
𰑷,10,0,0,,,0,,,,,
𰑸,10,0,0,,,0,,,,,
𰑹,10,0,0,,,0,,,,,
𰑺,10,0,0,,,0,,,,,
𰑻,10,0,0,,,0,,,,,
𰑼,10,0,0,,,0,,,,,
𰑽,10,0,0,,,0,,,,,
𰑾,10,0,0,,,0,,,,,
𰑿,10,0,0,,,0,,,,,
𰒀,10,0,0,,,0,,,,,
𰒁,10,0,0,,,0,,,,,
𰒂,10,0,0,,,0,,,,,
𰒃,10,0,0,,,0,,,,,
𰒄,10,0,0,,,0,,,,,
𰒅,10,0,0,,,0,,,,,
𰒆,10,0,0,,,0,,,,,
𰒇,10,0,0,,,0,,,,,
𰒈,10,0,0,,,0,,,,,
𰒉,10,0,0,,,0,,,,,
𰒊,10,0,0,,,0,,,,,
𰒋,10,0,0,,,0,,,,,
𰒌,10,0,0,,,0,,,,,
𰒍,10,0,0,,,0,,,,,
𰒎,10,0,0,,,0,,,,,
𰒏,10,0,0,,,0,,,,,
𰒐,10,0,0,,,0,,,,,
𰒑,10,0,0,,,0,,,,,
𰒒,10,0,0,,,0,,,,,
𰒓,10,0,0,,,0,,,,,
𰒔,10,0,0,,,0,,,,,
𰒕,10,0,0,,,0,,,,,
𰒖,10,0,0,,,0,,,,,
𰒗,10,0,0,,,0,,,,,
𰒘,10,0,0,,,0,,,,,
𰒙,10,0,0,,,0,,,,,
𰒚,10,0,0,,,0,,,,,
𰒛,10,0,0,,,0,,,,,
𰒜,10,0,0,,,0,,,,,
𰒝,10,0,0,,,0,,,,,
𰒞,10,0,0,,,0,,,,,
𰒟,10,0,0,,,0,,,,,
𰒠,10,0,0,,,0,,,,,
𰒡,10,0,0,,,0,,,,,
𰒢,10,0,0,,,0,,,,,
𰒣,10,0,0,,,0,,,,,
𰒤,10,0,0,,,0,,,,,
𰒥,10,0,0,,,0,,,,,
𰒦,10,0,0,,,0,,,,,
𰒧,10,0,0,,,0,,,,,
𰒨,10,0,0,,,0,,,,,
𰒩,10,0,0,,,0,,,,,
𰒪,10,0,0,,,0,,,,,
𰒫,10,0,0,,,0,,,,,
𰒬,10,0,0,,,0,,,,,
𰒭,10,0,0,,,0,,,,,
𰒮,10,0,0,,,0,,,,,
𰒯,10,0,0,,,0,,,,,
𰒰,10,0,0,,,0,,,,,
𰒱,10,0,0,,,0,,,,,
𰒲,10,0,0,,,0,,,,,
𰒳,10,0,0,,,0,,,,,
𰒴,10,0,0,,,0,,,,,
𰒵,10,0,0,,,0,,,,,
𰒶,10,0,0,,,0,,,,,
𰒷,10,0,0,,,0,,,,,
𰒸,10,0,0,,,0,,,,,
𰒹,10,0,0,,,0,,,,,
𰒺,10,0,0,,,0,,,,,
𰒻,10,0,0,,,0,,,,,
𰒼,10,0,0,,,0,,,,,
𰒽,10,0,0,,,0,,,,,
𰒾,10,0,0,,,0,,,,,
𰒿,10,0,0,,,0,,,,,
𰓀,10,0,0,,,0,,,,,
𰓁,10,0,0,,,0,,,,,
𰓂,10,0,0,,,0,,,,,
𰓃,10,0,0,,,0,,,,,
𰓄,10,0,0,,,0,,,,,
𰓅,10,0,0,,,0,,,,,
𰓆,10,0,0,,,0,,,,,
𰓇,10,0,0,,,0,,,,,
𰓈,10,0,0,,,0,,,,,
𰓉,10,0,0,,,0,,,,,
𰓊,10,0,0,,,0,,,,,
𰓋,10,0,0,,,0,,,,,
𰓌,10,0,0,,,0,,,,,
𰓍,10,0,0,,,0,,,,,
𰓎,10,0,0,,,0,,,,,
𰓏,10,0,0,,,0,,,,,
𰓐,10,0,0,,,0,,,,,
𰓑,10,0,0,,,0,,,,,
𰓒,10,0,0,,,0,,,,,
𰓓,10,0,0,,,0,,,,,
𰓔,10,0,0,,,0,,,,,
𰓕,10,0,0,,,0,,,,,
𰓖,10,0,0,,,0,,,,,
𰓗,10,0,0,,,0,,,,,
𰓘,10,0,0,,,0,,,,,
𰓙,10,0,0,,,0,,,,,
𰓚,10,0,0,,,0,,,,,
𰓛,10,0,0,,,0,,,,,
𰓜,10,0,0,,,0,,,,,
𰓝,10,0,0,,,0,,,,,
𰓞,10,0,0,,,0,,,,,
𰓟,10,0,0,,,0,,,,,
𰓠,10,0,0,,,0,,,,,
𰓡,10,0,0,,,0,,,,,
𰓢,10,0,0,,,0,,,,,
𰓣,10,0,0,,,0,,,,,
𰓤,10,0,0,,,0,,,,,
𰓥,10,0,0,,,0,,,,,
𰓦,10,0,0,,,0,,,,,
𰓧,10,0,0,,,0,,,,,
𰓨,10,0,0,,,0,,,,,
𰓩,10,0,0,,,0,,,,,
𰓪,10,0,0,,,0,,,,,
𰓫,10,0,0,,,0,,,,,
𰓬,10,0,0,,,0,,,,,
𰓭,10,0,0,,,0,,,,,
𰓮,10,0,0,,,0,,,,,
𰓯,10,0,0,,,0,,,,,
𰓰,10,0,0,,,0,,,,,
𰓱,10,0,0,,,0,,,,,
𰓲,10,0,0,,,0,,,,,
𰓳,10,0,0,,,0,,,,,
𰓴,10,0,0,,,0,,,,,
𰓵,10,0,0,,,0,,,,,
𰓶,10,0,0,,,0,,,,,
𰓷,10,0,0,,,0,,,,,
𰓸,10,0,0,,,0,,,,,
𰓹,10,0,0,,,0,,,,,
𰓺,10,0,0,,,0,,,,,
𰓻,10,0,0,,,0,,,,,
𰓼,10,0,0,,,0,,,,,
𰓽,10,0,0,,,0,,,,,
𰓾,10,0,0,,,0,,,,,
𰓿,10,0,0,,,0,,,,,
𰔀,10,0,0,,,0,,,,,
𰔁,10,0,0,,,0,,,,,
𰔂,10,0,0,,,0,,,,,
𰔃,10,0,0,,,0,,,,,
𰔄,10,0,0,,,0,,,,,
𰔅,10,0,0,,,0,,,,,
𰔆,10,0,0,,,0,,,,,
𰔇,10,0,0,,,0,,,,,
𰔈,10,0,0,,,0,,,,,
𰔉,10,0,0,,,0,,,,,
𰔊,10,0,0,,,0,,,,,
𰔋,10,0,0,,,0,,,,,
𰔌,10,0,0,,,0,,,,,
𰔍,10,0,0,,,0,,,,,
𰔎,10,0,0,,,0,,,,,
𰔏,10,0,0,,,0,,,,,
𰔐,10,0,0,,,0,,,,,
𰔑,10,0,0,,,0,,,,,
𰔒,10,0,0,,,0,,,,,
𰔓,10,0,0,,,0,,,,,
𰔔,10,0,0,,,0,,,,,
𰔕,10,0,0,,,0,,,,,
𰔖,10,0,0,,,0,,,,,
𰔗,10,0,0,,,0,,,,,
𰔘,10,0,0,,,0,,,,,
𰔙,10,0,0,,,0,,,,,
𰔚,10,0,0,,,0,,,,,
𰔛,10,0,0,,,0,,,,,
𰔜,10,0,0,,,0,,,,,
𰔝,10,0,0,,,0,,,,,
𰔞,10,0,0,,,0,,,,,
𰔟,10,0,0,,,0,,,,,
𰔠,10,0,0,,,0,,,,,
𰔡,10,0,0,,,0,,,,,
𰔢,10,0,0,,,0,,,,,
𰔣,10,0,0,,,0,,,,,
𰔤,10,0,0,,,0,,,,,
𰔥,10,0,0,,,0,,,,,
𰔦,10,0,0,,,0,,,,,
𰔧,10,0,0,,,0,,,,,
𰔨,10,0,0,,,0,,,,,
𰔩,10,0,0,,,0,,,,,
𰔪,10,0,0,,,0,,,,,
𰔫,10,0,0,,,0,,,,,
𰔬,10,0,0,,,0,,,,,
𰔭,10,0,0,,,0,,,,,
𰔮,10,0,0,,,0,,,,,
𰔯,10,0,0,,,0,,,,,
𰔰,10,0,0,,,0,,,,,
𰔱,10,0,0,,,0,,,,,
𰔲,10,0,0,,,0,,,,,
𰔳,10,0,0,,,0,,,,,
𰔴,10,0,0,,,0,,,,,
𰔵,10,0,0,,,0,,,,,
𰔶,10,0,0,,,0,,,,,
𰔷,10,0,0,,,0,,,,,
𰔸,10,0,0,,,0,,,,,
𰔹,10,0,0,,,0,,,,,
𰔺,10,0,0,,,0,,,,,
𰔻,10,0,0,,,0,,,,,
𰔼,10,0,0,,,0,,,,,
𰔽,10,0,0,,,0,,,,,
𰔾,10,0,0,,,0,,,,,
𰔿,10,0,0,,,0,,,,,
𰕀,10,0,0,,,0,,,,,
𰕁,10,0,0,,,0,,,,,
𰕂,10,0,0,,,0,,,,,
𰕃,10,0,0,,,0,,,,,
𰕄,10,0,0,,,0,,,,,
𰕅,10,0,0,,,0,,,,,
𰕆,10,0,0,,,0,,,,,
𰕇,10,0,0,,,0,,,,,
𰕈,10,0,0,,,0,,,,,
𰕉,10,0,0,,,0,,,,,
𰕊,10,0,0,,,0,,,,,
𰕋,10,0,0,,,0,,,,,
𰕌,10,0,0,,,0,,,,,
𰕍,10,0,0,,,0,,,,,
𰕎,10,0,0,,,0,,,,,
𰕏,10,0,0,,,0,,,,,
𰕐,10,0,0,,,0,,,,,
𰕑,10,0,0,,,0,,,,,
𰕒,10,0,0,,,0,,,,,
𰕓,10,0,0,,,0,,,,,
𰕔,10,0,0,,,0,,,,,
𰕕,10,0,0,,,0,,,,,
𰕖,10,0,0,,,0,,,,,
𰕗,10,0,0,,,0,,,,,
𰕘,10,0,0,,,0,,,,,
𰕙,10,0,0,,,0,,,,,
𰕚,10,0,0,,,0,,,,,
𰕛,10,0,0,,,0,,,,,
𰕜,10,0,0,,,0,,,,,
𰕝,10,0,0,,,0,,,,,
𰕞,10,0,0,,,0,,,,,
𰕟,10,0,0,,,0,,,,,
𰕠,10,0,0,,,0,,,,,
𰕡,10,0,0,,,0,,,,,
𰕢,10,0,0,,,0,,,,,
𰕣,10,0,0,,,0,,,,,
𰕤,10,0,0,,,0,,,,,
𰕥,10,0,0,,,0,,,,,
𰕦,10,0,0,,,0,,,,,
𰕧,10,0,0,,,0,,,,,
𰕨,10,0,0,,,0,,,,,
𰕩,10,0,0,,,0,,,,,
𰕪,10,0,0,,,0,,,,,
𰕫,10,0,0,,,0,,,,,
𰕬,10,0,0,,,0,,,,,
𰕭,10,0,0,,,0,,,,,
𰕮,10,0,0,,,0,,,,,
𰕯,10,0,0,,,0,,,,,
𰕰,10,0,0,,,0,,,,,
𰕱,10,0,0,,,0,,,,,
𰕲,10,0,0,,,0,,,,,
𰕳,10,0,0,,,0,,,,,
𰕴,10,0,0,,,0,,,,,
𰕵,10,0,0,,,0,,,,,
𰕶,10,0,0,,,0,,,,,
𰕷,10,0,0,,,0,,,,,
𰕸,10,0,0,,,0,,,,,
𰕹,10,0,0,,,0,,,,,
𰕺,10,0,0,,,0,,,,,
𰕻,10,0,0,,,0,,,,,
𰕼,10,0,0,,,0,,,,,
𰕽,10,0,0,,,0,,,,,
𰕾,10,0,0,,,0,,,,,
𰕿,10,0,0,,,0,,,,,
𰖀,10,0,0,,,0,,,,,
𰖁,10,0,0,,,0,,,,,
𰖂,10,0,0,,,0,,,,,
𰖃,10,0,0,,,0,,,,,
𰖄,10,0,0,,,0,,,,,
𰖅,10,0,0,,,0,,,,,
𰖆,10,0,0,,,0,,,,,
𰖇,10,0,0,,,0,,,,,
𰖈,10,0,0,,,0,,,,,
𰖉,10,0,0,,,0,,,,,
𰖊,10,0,0,,,0,,,,,
𰖋,10,0,0,,,0,,,,,
𰖌,10,0,0,,,0,,,,,
𰖍,10,0,0,,,0,,,,,
𰖎,10,0,0,,,0,,,,,
𰖏,10,0,0,,,0,,,,,
𰖐,10,0,0,,,0,,,,,
𰖑,10,0,0,,,0,,,,,
𰖒,10,0,0,,,0,,,,,
𰖓,10,0,0,,,0,,,,,
𰖔,10,0,0,,,0,,,,,
𰖕,10,0,0,,,0,,,,,
𰖖,10,0,0,,,0,,,,,
𰖗,10,0,0,,,0,,,,,
𰖘,10,0,0,,,0,,,,,
𰖙,10,0,0,,,0,,,,,
𰖚,10,0,0,,,0,,,,,
𰖛,10,0,0,,,0,,,,,
𰖜,10,0,0,,,0,,,,,
𰖝,10,0,0,,,0,,,,,
𰖞,10,0,0,,,0,,,,,
𰖟,10,0,0,,,0,,,,,
𰖠,10,0,0,,,0,,,,,
𰖡,10,0,0,,,0,,,,,
𰖢,10,0,0,,,0,,,,,
𰖣,10,0,0,,,0,,,,,
𰖤,10,0,0,,,0,,,,,
𰖥,10,0,0,,,0,,,,,
𰖦,10,0,0,,,0,,,,,
𰖧,10,0,0,,,0,,,,,
𰖨,10,0,0,,,0,,,,,
𰖩,10,0,0,,,0,,,,,
𰖪,10,0,0,,,0,,,,,
𰖫,10,0,0,,,0,,,,,
𰖬,10,0,0,,,0,,,,,
𰖭,10,0,0,,,0,,,,,
𰖮,10,0,0,,,0,,,,,
𰖯,10,0,0,,,0,,,,,
𰖰,10,0,0,,,0,,,,,
𰖱,10,0,0,,,0,,,,,
𰖲,10,0,0,,,0,,,,,
𰖳,10,0,0,,,0,,,,,
𰖴,10,0,0,,,0,,,,,
𰖵,10,0,0,,,0,,,,,
𰖶,10,0,0,,,0,,,,,
𰖷,10,0,0,,,0,,,,,
𰖸,10,0,0,,,0,,,,,
𰖹,10,0,0,,,0,,,,,
𰖺,10,0,0,,,0,,,,,
𰖻,10,0,0,,,0,,,,,
𰖼,10,0,0,,,0,,,,,
𰖽,10,0,0,,,0,,,,,
𰖾,10,0,0,,,0,,,,,
𰖿,10,0,0,,,0,,,,,
𰗀,10,0,0,,,0,,,,,
𰗁,10,0,0,,,0,,,,,
𰗂,10,0,0,,,0,,,,,
𰗃,10,0,0,,,0,,,,,
𰗄,10,0,0,,,0,,,,,
𰗅,10,0,0,,,0,,,,,
𰗆,10,0,0,,,0,,,,,
𰗇,10,0,0,,,0,,,,,
𰗈,10,0,0,,,0,,,,,
𰗉,10,0,0,,,0,,,,,
𰗊,10,0,0,,,0,,,,,
𰗋,10,0,0,,,0,,,,,
𰗌,10,0,0,,,0,,,,,
𰗍,10,0,0,,,0,,,,,
𰗎,10,0,0,,,0,,,,,
𰗏,10,0,0,,,0,,,,,
𰗐,10,0,0,,,0,,,,,
𰗑,10,0,0,,,0,,,,,
𰗒,10,0,0,,,0,,,,,
𰗓,10,0,0,,,0,,,,,
𰗔,10,0,0,,,0,,,,,
𰗕,10,0,0,,,0,,,,,
𰗖,10,0,0,,,0,,,,,
𰗗,10,0,0,,,0,,,,,
𰗘,10,0,0,,,0,,,,,
𰗙,10,0,0,,,0,,,,,
𰗚,10,0,0,,,0,,,,,
𰗛,10,0,0,,,0,,,,,
𰗜,10,0,0,,,0,,,,,
𰗝,10,0,0,,,0,,,,,
𰗞,10,0,0,,,0,,,,,
𰗟,10,0,0,,,0,,,,,
𰗠,10,0,0,,,0,,,,,
𰗡,10,0,0,,,0,,,,,
𰗢,10,0,0,,,0,,,,,
𰗣,10,0,0,,,0,,,,,
𰗤,10,0,0,,,0,,,,,
𰗥,10,0,0,,,0,,,,,
𰗦,10,0,0,,,0,,,,,
𰗧,10,0,0,,,0,,,,,
𰗨,10,0,0,,,0,,,,,
𰗩,10,0,0,,,0,,,,,
𰗪,10,0,0,,,0,,,,,
𰗫,10,0,0,,,0,,,,,
𰗬,10,0,0,,,0,,,,,
𰗭,10,0,0,,,0,,,,,
𰗮,10,0,0,,,0,,,,,
𰗯,10,0,0,,,0,,,,,
𰗰,10,0,0,,,0,,,,,
𰗱,10,0,0,,,0,,,,,
𰗲,10,0,0,,,0,,,,,
𰗳,10,0,0,,,0,,,,,
𰗴,10,0,0,,,0,,,,,
𰗵,10,0,0,,,0,,,,,
𰗶,10,0,0,,,0,,,,,
𰗷,10,0,0,,,0,,,,,
𰗸,10,0,0,,,0,,,,,
𰗹,10,0,0,,,0,,,,,
𰗺,10,0,0,,,0,,,,,
𰗻,10,0,0,,,0,,,,,
𰗼,10,0,0,,,0,,,,,
𰗽,10,0,0,,,0,,,,,
𰗾,10,0,0,,,0,,,,,
𰗿,10,0,0,,,0,,,,,
𰘀,10,0,0,,,0,,,,,
𰘁,10,0,0,,,0,,,,,
𰘂,10,0,0,,,0,,,,,
𰘃,10,0,0,,,0,,,,,
𰘄,10,0,0,,,0,,,,,
𰘅,10,0,0,,,0,,,,,
𰘆,10,0,0,,,0,,,,,
𰘇,10,0,0,,,0,,,,,
𰘈,10,0,0,,,0,,,,,
𰘉,10,0,0,,,0,,,,,
𰘊,10,0,0,,,0,,,,,
𰘋,10,0,0,,,0,,,,,
𰘌,10,0,0,,,0,,,,,
𰘍,10,0,0,,,0,,,,,
𰘎,10,0,0,,,0,,,,,
𰘏,10,0,0,,,0,,,,,
𰘐,10,0,0,,,0,,,,,
𰘑,10,0,0,,,0,,,,,
𰘒,10,0,0,,,0,,,,,
𰘓,10,0,0,,,0,,,,,
𰘔,10,0,0,,,0,,,,,
𰘕,10,0,0,,,0,,,,,
𰘖,10,0,0,,,0,,,,,
𰘗,10,0,0,,,0,,,,,
𰘘,10,0,0,,,0,,,,,
𰘙,10,0,0,,,0,,,,,
𰘚,10,0,0,,,0,,,,,
𰘛,10,0,0,,,0,,,,,
𰘜,10,0,0,,,0,,,,,
𰘝,10,0,0,,,0,,,,,
𰘞,10,0,0,,,0,,,,,
𰘟,10,0,0,,,0,,,,,
𰘠,10,0,0,,,0,,,,,
𰘡,10,0,0,,,0,,,,,
𰘢,10,0,0,,,0,,,,,
𰘣,10,0,0,,,0,,,,,
𰘤,10,0,0,,,0,,,,,
𰘥,10,0,0,,,0,,,,,
𰘦,10,0,0,,,0,,,,,
𰘧,10,0,0,,,0,,,,,
𰘨,10,0,0,,,0,,,,,
𰘩,10,0,0,,,0,,,,,
𰘪,10,0,0,,,0,,,,,
𰘫,10,0,0,,,0,,,,,
𰘬,10,0,0,,,0,,,,,
𰘭,10,0,0,,,0,,,,,
𰘮,10,0,0,,,0,,,,,
𰘯,10,0,0,,,0,,,,,
𰘰,10,0,0,,,0,,,,,
𰘱,10,0,0,,,0,,,,,
𰘲,10,0,0,,,0,,,,,
𰘳,10,0,0,,,0,,,,,
𰘴,10,0,0,,,0,,,,,
𰘵,10,0,0,,,0,,,,,
𰘶,10,0,0,,,0,,,,,
𰘷,10,0,0,,,0,,,,,
𰘸,10,0,0,,,0,,,,,
𰘹,10,0,0,,,0,,,,,
𰘺,10,0,0,,,0,,,,,
𰘻,10,0,0,,,0,,,,,
𰘼,10,0,0,,,0,,,,,
𰘽,10,0,0,,,0,,,,,
𰘾,10,0,0,,,0,,,,,
𰘿,10,0,0,,,0,,,,,
𰙀,10,0,0,,,0,,,,,
𰙁,10,0,0,,,0,,,,,
𰙂,10,0,0,,,0,,,,,
𰙃,10,0,0,,,0,,,,,
𰙄,10,0,0,,,0,,,,,
𰙅,10,0,0,,,0,,,,,
𰙆,10,0,0,,,0,,,,,
𰙇,10,0,0,,,0,,,,,
𰙈,10,0,0,,,0,,,,,
𰙉,10,0,0,,,0,,,,,
𰙊,10,0,0,,,0,,,,,
𰙋,10,0,0,,,0,,,,,
𰙌,10,0,0,,,0,,,,,
𰙍,10,0,0,,,0,,,,,
𰙎,10,0,0,,,0,,,,,
𰙏,10,0,0,,,0,,,,,
𰙐,10,0,0,,,0,,,,,
𰙑,10,0,0,,,0,,,,,
𰙒,10,0,0,,,0,,,,,
𰙓,10,0,0,,,0,,,,,
𰙔,10,0,0,,,0,,,,,
𰙕,10,0,0,,,0,,,,,
𰙖,10,0,0,,,0,,,,,
𰙗,10,0,0,,,0,,,,,
𰙘,10,0,0,,,0,,,,,
𰙙,10,0,0,,,0,,,,,
𰙚,10,0,0,,,0,,,,,
𰙛,10,0,0,,,0,,,,,
𰙜,10,0,0,,,0,,,,,
𰙝,10,0,0,,,0,,,,,
𰙞,10,0,0,,,0,,,,,
𰙟,10,0,0,,,0,,,,,
𰙠,10,0,0,,,0,,,,,
𰙡,10,0,0,,,0,,,,,
𰙢,10,0,0,,,0,,,,,
𰙣,10,0,0,,,0,,,,,
𰙤,10,0,0,,,0,,,,,
𰙥,10,0,0,,,0,,,,,
𰙦,10,0,0,,,0,,,,,
𰙧,10,0,0,,,0,,,,,
𰙨,10,0,0,,,0,,,,,
𰙩,10,0,0,,,0,,,,,
𰙪,10,0,0,,,0,,,,,
𰙫,10,0,0,,,0,,,,,
𰙬,10,0,0,,,0,,,,,
𰙭,10,0,0,,,0,,,,,
𰙮,10,0,0,,,0,,,,,
𰙯,10,0,0,,,0,,,,,
𰙰,10,0,0,,,0,,,,,
𰙱,10,0,0,,,0,,,,,
𰙲,10,0,0,,,0,,,,,
𰙳,10,0,0,,,0,,,,,
𰙴,10,0,0,,,0,,,,,
𰙵,10,0,0,,,0,,,,,
𰙶,10,0,0,,,0,,,,,
𰙷,10,0,0,,,0,,,,,
𰙸,10,0,0,,,0,,,,,
𰙹,10,0,0,,,0,,,,,
𰙺,10,0,0,,,0,,,,,
𰙻,10,0,0,,,0,,,,,
𰙼,10,0,0,,,0,,,,,
𰙽,10,0,0,,,0,,,,,
𰙾,10,0,0,,,0,,,,,
𰙿,10,0,0,,,0,,,,,
𰚀,10,0,0,,,0,,,,,
𰚁,10,0,0,,,0,,,,,
𰚂,10,0,0,,,0,,,,,
𰚃,10,0,0,,,0,,,,,
𰚄,10,0,0,,,0,,,,,
𰚅,10,0,0,,,0,,,,,
𰚆,10,0,0,,,0,,,,,
𰚇,10,0,0,,,0,,,,,
𰚈,10,0,0,,,0,,,,,
𰚉,10,0,0,,,0,,,,,
𰚊,10,0,0,,,0,,,,,
𰚋,10,0,0,,,0,,,,,
𰚌,10,0,0,,,0,,,,,
𰚍,10,0,0,,,0,,,,,
𰚎,10,0,0,,,0,,,,,
𰚏,10,0,0,,,0,,,,,
𰚐,10,0,0,,,0,,,,,
𰚑,10,0,0,,,0,,,,,
𰚒,10,0,0,,,0,,,,,
𰚓,10,0,0,,,0,,,,,
𰚔,10,0,0,,,0,,,,,
𰚕,10,0,0,,,0,,,,,
𰚖,10,0,0,,,0,,,,,
𰚗,10,0,0,,,0,,,,,
𰚘,10,0,0,,,0,,,,,
𰚙,10,0,0,,,0,,,,,
𰚚,10,0,0,,,0,,,,,
𰚛,10,0,0,,,0,,,,,
𰚜,10,0,0,,,0,,,,,
𰚝,10,0,0,,,0,,,,,
𰚞,10,0,0,,,0,,,,,
𰚟,10,0,0,,,0,,,,,
𰚠,10,0,0,,,0,,,,,
𰚡,10,0,0,,,0,,,,,
𰚢,10,0,0,,,0,,,,,
𰚣,10,0,0,,,0,,,,,
𰚤,10,0,0,,,0,,,,,
𰚥,10,0,0,,,0,,,,,
𰚦,10,0,0,,,0,,,,,
𰚧,10,0,0,,,0,,,,,
𰚨,10,0,0,,,0,,,,,
𰚩,10,0,0,,,0,,,,,
𰚪,10,0,0,,,0,,,,,
𰚫,10,0,0,,,0,,,,,
𰚬,10,0,0,,,0,,,,,
𰚭,10,0,0,,,0,,,,,
𰚮,10,0,0,,,0,,,,,
𰚯,10,0,0,,,0,,,,,
𰚰,10,0,0,,,0,,,,,
𰚱,10,0,0,,,0,,,,,
𰚲,10,0,0,,,0,,,,,
𰚳,10,0,0,,,0,,,,,
𰚴,10,0,0,,,0,,,,,
𰚵,10,0,0,,,0,,,,,
𰚶,10,0,0,,,0,,,,,
𰚷,10,0,0,,,0,,,,,
𰚸,10,0,0,,,0,,,,,
𰚹,10,0,0,,,0,,,,,
𰚺,10,0,0,,,0,,,,,
𰚻,10,0,0,,,0,,,,,
𰚼,10,0,0,,,0,,,,,
𰚽,10,0,0,,,0,,,,,
𰚾,10,0,0,,,0,,,,,
𰚿,10,0,0,,,0,,,,,
𰛀,10,0,0,,,0,,,,,
𰛁,10,0,0,,,0,,,,,
𰛂,10,0,0,,,0,,,,,
𰛃,10,0,0,,,0,,,,,
𰛄,10,0,0,,,0,,,,,
𰛅,10,0,0,,,0,,,,,
𰛆,10,0,0,,,0,,,,,
𰛇,10,0,0,,,0,,,,,
𰛈,10,0,0,,,0,,,,,
𰛉,10,0,0,,,0,,,,,
𰛊,10,0,0,,,0,,,,,
𰛋,10,0,0,,,0,,,,,
𰛌,10,0,0,,,0,,,,,
𰛍,10,0,0,,,0,,,,,
𰛎,10,0,0,,,0,,,,,
𰛏,10,0,0,,,0,,,,,
𰛐,10,0,0,,,0,,,,,
𰛑,10,0,0,,,0,,,,,
𰛒,10,0,0,,,0,,,,,
𰛓,10,0,0,,,0,,,,,
𰛔,10,0,0,,,0,,,,,
𰛕,10,0,0,,,0,,,,,
𰛖,10,0,0,,,0,,,,,
𰛗,10,0,0,,,0,,,,,
𰛘,10,0,0,,,0,,,,,
𰛙,10,0,0,,,0,,,,,
𰛚,10,0,0,,,0,,,,,
𰛛,10,0,0,,,0,,,,,
𰛜,10,0,0,,,0,,,,,
𰛝,10,0,0,,,0,,,,,
𰛞,10,0,0,,,0,,,,,
𰛟,10,0,0,,,0,,,,,
𰛠,10,0,0,,,0,,,,,
𰛡,10,0,0,,,0,,,,,
𰛢,10,0,0,,,0,,,,,
𰛣,10,0,0,,,0,,,,,
𰛤,10,0,0,,,0,,,,,
𰛥,10,0,0,,,0,,,,,
𰛦,10,0,0,,,0,,,,,
𰛧,10,0,0,,,0,,,,,
𰛨,10,0,0,,,0,,,,,
𰛩,10,0,0,,,0,,,,,
𰛪,10,0,0,,,0,,,,,
𰛫,10,0,0,,,0,,,,,
𰛬,10,0,0,,,0,,,,,
𰛭,10,0,0,,,0,,,,,
𰛮,10,0,0,,,0,,,,,
𰛯,10,0,0,,,0,,,,,
𰛰,10,0,0,,,0,,,,,
𰛱,10,0,0,,,0,,,,,
𰛲,10,0,0,,,0,,,,,
𰛳,10,0,0,,,0,,,,,
𰛴,10,0,0,,,0,,,,,
𰛵,10,0,0,,,0,,,,,
𰛶,10,0,0,,,0,,,,,
𰛷,10,0,0,,,0,,,,,
𰛸,10,0,0,,,0,,,,,
𰛹,10,0,0,,,0,,,,,
𰛺,10,0,0,,,0,,,,,
𰛻,10,0,0,,,0,,,,,
𰛼,10,0,0,,,0,,,,,
𰛽,10,0,0,,,0,,,,,
𰛾,10,0,0,,,0,,,,,
𰛿,10,0,0,,,0,,,,,
𰜀,10,0,0,,,0,,,,,
𰜁,10,0,0,,,0,,,,,
𰜂,10,0,0,,,0,,,,,
𰜃,10,0,0,,,0,,,,,
𰜄,10,0,0,,,0,,,,,
𰜅,10,0,0,,,0,,,,,
𰜆,10,0,0,,,0,,,,,
𰜇,10,0,0,,,0,,,,,
𰜈,10,0,0,,,0,,,,,
𰜉,10,0,0,,,0,,,,,
𰜊,10,0,0,,,0,,,,,
𰜋,10,0,0,,,0,,,,,
𰜌,10,0,0,,,0,,,,,
𰜍,10,0,0,,,0,,,,,
𰜎,10,0,0,,,0,,,,,
𰜏,10,0,0,,,0,,,,,
𰜐,10,0,0,,,0,,,,,
𰜑,10,0,0,,,0,,,,,
𰜒,10,0,0,,,0,,,,,
𰜓,10,0,0,,,0,,,,,
𰜔,10,0,0,,,0,,,,,
𰜕,10,0,0,,,0,,,,,
𰜖,10,0,0,,,0,,,,,
𰜗,10,0,0,,,0,,,,,
𰜘,10,0,0,,,0,,,,,
𰜙,10,0,0,,,0,,,,,
𰜚,10,0,0,,,0,,,,,
𰜛,10,0,0,,,0,,,,,
𰜜,10,0,0,,,0,,,,,
𰜝,10,0,0,,,0,,,,,
𰜞,10,0,0,,,0,,,,,
𰜟,10,0,0,,,0,,,,,
𰜠,10,0,0,,,0,,,,,
𰜡,10,0,0,,,0,,,,,
𰜢,10,0,0,,,0,,,,,
𰜣,10,0,0,,,0,,,,,
𰜤,10,0,0,,,0,,,,,
𰜥,10,0,0,,,0,,,,,
𰜦,10,0,0,,,0,,,,,
𰜧,10,0,0,,,0,,,,,
𰜨,10,0,0,,,0,,,,,
𰜩,10,0,0,,,0,,,,,
𰜪,10,0,0,,,0,,,,,
𰜫,10,0,0,,,0,,,,,
𰜬,10,0,0,,,0,,,,,
𰜭,10,0,0,,,0,,,,,
𰜮,10,0,0,,,0,,,,,
𰜯,10,0,0,,,0,,,,,
𰜰,10,0,0,,,0,,,,,
𰜱,10,0,0,,,0,,,,,
𰜲,10,0,0,,,0,,,,,
𰜳,10,0,0,,,0,,,,,
𰜴,10,0,0,,,0,,,,,
𰜵,10,0,0,,,0,,,,,
𰜶,10,0,0,,,0,,,,,
𰜷,10,0,0,,,0,,,,,
𰜸,10,0,0,,,0,,,,,
𰜹,10,0,0,,,0,,,,,
𰜺,10,0,0,,,0,,,,,
𰜻,10,0,0,,,0,,,,,
𰜼,10,0,0,,,0,,,,,
𰜽,10,0,0,,,0,,,,,
𰜾,10,0,0,,,0,,,,,
𰜿,10,0,0,,,0,,,,,
𰝀,10,0,0,,,0,,,,,
𰝁,10,0,0,,,0,,,,,
𰝂,10,0,0,,,0,,,,,
𰝃,10,0,0,,,0,,,,,
𰝄,10,0,0,,,0,,,,,
𰝅,10,0,0,,,0,,,,,
𰝆,10,0,0,,,0,,,,,
𰝇,10,0,0,,,0,,,,,
𰝈,10,0,0,,,0,,,,,
𰝉,10,0,0,,,0,,,,,
𰝊,10,0,0,,,0,,,,,
𰝋,10,0,0,,,0,,,,,
𰝌,10,0,0,,,0,,,,,
𰝍,10,0,0,,,0,,,,,
𰝎,10,0,0,,,0,,,,,
𰝏,10,0,0,,,0,,,,,
𰝐,10,0,0,,,0,,,,,
𰝑,10,0,0,,,0,,,,,
𰝒,10,0,0,,,0,,,,,
𰝓,10,0,0,,,0,,,,,
𰝔,10,0,0,,,0,,,,,
𰝕,10,0,0,,,0,,,,,
𰝖,10,0,0,,,0,,,,,
𰝗,10,0,0,,,0,,,,,
𰝘,10,0,0,,,0,,,,,
𰝙,10,0,0,,,0,,,,,
𰝚,10,0,0,,,0,,,,,
𰝛,10,0,0,,,0,,,,,
𰝜,10,0,0,,,0,,,,,
𰝝,10,0,0,,,0,,,,,
𰝞,10,0,0,,,0,,,,,
𰝟,10,0,0,,,0,,,,,
𰝠,10,0,0,,,0,,,,,
𰝡,10,0,0,,,0,,,,,
𰝢,10,0,0,,,0,,,,,
𰝣,10,0,0,,,0,,,,,
𰝤,10,0,0,,,0,,,,,
𰝥,10,0,0,,,0,,,,,
𰝦,10,0,0,,,0,,,,,
𰝧,10,0,0,,,0,,,,,
𰝨,10,0,0,,,0,,,,,
𰝩,10,0,0,,,0,,,,,
𰝪,10,0,0,,,0,,,,,
𰝫,10,0,0,,,0,,,,,
𰝬,10,0,0,,,0,,,,,
𰝭,10,0,0,,,0,,,,,
𰝮,10,0,0,,,0,,,,,
𰝯,10,0,0,,,0,,,,,
𰝰,10,0,0,,,0,,,,,
𰝱,10,0,0,,,0,,,,,
𰝲,10,0,0,,,0,,,,,
𰝳,10,0,0,,,0,,,,,
𰝴,10,0,0,,,0,,,,,
𰝵,10,0,0,,,0,,,,,
𰝶,10,0,0,,,0,,,,,
𰝷,10,0,0,,,0,,,,,
𰝸,10,0,0,,,0,,,,,
𰝹,10,0,0,,,0,,,,,
𰝺,10,0,0,,,0,,,,,
𰝻,10,0,0,,,0,,,,,
𰝼,10,0,0,,,0,,,,,
𰝽,10,0,0,,,0,,,,,
𰝾,10,0,0,,,0,,,,,
𰝿,10,0,0,,,0,,,,,
𰞀,10,0,0,,,0,,,,,
𰞁,10,0,0,,,0,,,,,
𰞂,10,0,0,,,0,,,,,
𰞃,10,0,0,,,0,,,,,
𰞄,10,0,0,,,0,,,,,
𰞅,10,0,0,,,0,,,,,
𰞆,10,0,0,,,0,,,,,
𰞇,10,0,0,,,0,,,,,
𰞈,10,0,0,,,0,,,,,
𰞉,10,0,0,,,0,,,,,
𰞊,10,0,0,,,0,,,,,
𰞋,10,0,0,,,0,,,,,
𰞌,10,0,0,,,0,,,,,
𰞍,10,0,0,,,0,,,,,
𰞎,10,0,0,,,0,,,,,
𰞏,10,0,0,,,0,,,,,
𰞐,10,0,0,,,0,,,,,
𰞑,10,0,0,,,0,,,,,
𰞒,10,0,0,,,0,,,,,
𰞓,10,0,0,,,0,,,,,
𰞔,10,0,0,,,0,,,,,
𰞕,10,0,0,,,0,,,,,
𰞖,10,0,0,,,0,,,,,
𰞗,10,0,0,,,0,,,,,
𰞘,10,0,0,,,0,,,,,
𰞙,10,0,0,,,0,,,,,
𰞚,10,0,0,,,0,,,,,
𰞛,10,0,0,,,0,,,,,
𰞜,10,0,0,,,0,,,,,
𰞝,10,0,0,,,0,,,,,
𰞞,10,0,0,,,0,,,,,
𰞟,10,0,0,,,0,,,,,
𰞠,10,0,0,,,0,,,,,
𰞡,10,0,0,,,0,,,,,
𰞢,10,0,0,,,0,,,,,
𰞣,10,0,0,,,0,,,,,
𰞤,10,0,0,,,0,,,,,
𰞥,10,0,0,,,0,,,,,
𰞦,10,0,0,,,0,,,,,
𰞧,10,0,0,,,0,,,,,
𰞨,10,0,0,,,0,,,,,
𰞩,10,0,0,,,0,,,,,
𰞪,10,0,0,,,0,,,,,
𰞫,10,0,0,,,0,,,,,
𰞬,10,0,0,,,0,,,,,
𰞭,10,0,0,,,0,,,,,
𰞮,10,0,0,,,0,,,,,
𰞯,10,0,0,,,0,,,,,
𰞰,10,0,0,,,0,,,,,
𰞱,10,0,0,,,0,,,,,
𰞲,10,0,0,,,0,,,,,
𰞳,10,0,0,,,0,,,,,
𰞴,10,0,0,,,0,,,,,
𰞵,10,0,0,,,0,,,,,
𰞶,10,0,0,,,0,,,,,
𰞷,10,0,0,,,0,,,,,
𰞸,10,0,0,,,0,,,,,
𰞹,10,0,0,,,0,,,,,
𰞺,10,0,0,,,0,,,,,
𰞻,10,0,0,,,0,,,,,
𰞼,10,0,0,,,0,,,,,
𰞽,10,0,0,,,0,,,,,
𰞾,10,0,0,,,0,,,,,
𰞿,10,0,0,,,0,,,,,
𰟀,10,0,0,,,0,,,,,
𰟁,10,0,0,,,0,,,,,
𰟂,10,0,0,,,0,,,,,
𰟃,10,0,0,,,0,,,,,
𰟄,10,0,0,,,0,,,,,
𰟅,10,0,0,,,0,,,,,
𰟆,10,0,0,,,0,,,,,
𰟇,10,0,0,,,0,,,,,
𰟈,10,0,0,,,0,,,,,
𰟉,10,0,0,,,0,,,,,
𰟊,10,0,0,,,0,,,,,
𰟋,10,0,0,,,0,,,,,
𰟌,10,0,0,,,0,,,,,
𰟍,10,0,0,,,0,,,,,
𰟎,10,0,0,,,0,,,,,
𰟏,10,0,0,,,0,,,,,
𰟐,10,0,0,,,0,,,,,
𰟑,10,0,0,,,0,,,,,
𰟒,10,0,0,,,0,,,,,
𰟓,10,0,0,,,0,,,,,
𰟔,10,0,0,,,0,,,,,
𰟕,10,0,0,,,0,,,,,
𰟖,10,0,0,,,0,,,,,
𰟗,10,0,0,,,0,,,,,
𰟘,10,0,0,,,0,,,,,
𰟙,10,0,0,,,0,,,,,
𰟚,10,0,0,,,0,,,,,
𰟛,10,0,0,,,0,,,,,
𰟜,10,0,0,,,0,,,,,
𰟝,10,0,0,,,0,,,,,
𰟞,10,0,0,,,0,,,,,
𰟟,10,0,0,,,0,,,,,
𰟠,10,0,0,,,0,,,,,
𰟡,10,0,0,,,0,,,,,
𰟢,10,0,0,,,0,,,,,
𰟣,10,0,0,,,0,,,,,
𰟤,10,0,0,,,0,,,,,
𰟥,10,0,0,,,0,,,,,
𰟦,10,0,0,,,0,,,,,
𰟧,10,0,0,,,0,,,,,
𰟨,10,0,0,,,0,,,,,
𰟩,10,0,0,,,0,,,,,
𰟪,10,0,0,,,0,,,,,
𰟫,10,0,0,,,0,,,,,
𰟬,10,0,0,,,0,,,,,
𰟭,10,0,0,,,0,,,,,
𰟮,10,0,0,,,0,,,,,
𰟯,10,0,0,,,0,,,,,
𰟰,10,0,0,,,0,,,,,
𰟱,10,0,0,,,0,,,,,
𰟲,10,0,0,,,0,,,,,
𰟳,10,0,0,,,0,,,,,
𰟴,10,0,0,,,0,,,,,
𰟵,10,0,0,,,0,,,,,
𰟶,10,0,0,,,0,,,,,
𰟷,10,0,0,,,0,,,,,
𰟸,10,0,0,,,0,,,,,
𰟹,10,0,0,,,0,,,,,
𰟺,10,0,0,,,0,,,,,
𰟻,10,0,0,,,0,,,,,
𰟼,10,0,0,,,0,,,,,
𰟽,10,0,0,,,0,,,,,
𰟾,10,0,0,,,0,,,,,
𰟿,10,0,0,,,0,,,,,
𰠀,10,0,0,,,0,,,,,
𰠁,10,0,0,,,0,,,,,
𰠂,10,0,0,,,0,,,,,
𰠃,10,0,0,,,0,,,,,
𰠄,10,0,0,,,0,,,,,
𰠅,10,0,0,,,0,,,,,
𰠆,10,0,0,,,0,,,,,
𰠇,10,0,0,,,0,,,,,
𰠈,10,0,0,,,0,,,,,
𰠉,10,0,0,,,0,,,,,
𰠊,10,0,0,,,0,,,,,
𰠋,10,0,0,,,0,,,,,
𰠌,10,0,0,,,0,,,,,
𰠍,10,0,0,,,0,,,,,
𰠎,10,0,0,,,0,,,,,
𰠏,10,0,0,,,0,,,,,
𰠐,10,0,0,,,0,,,,,
𰠑,10,0,0,,,0,,,,,
𰠒,10,0,0,,,0,,,,,
𰠓,10,0,0,,,0,,,,,
𰠔,10,0,0,,,0,,,,,
𰠕,10,0,0,,,0,,,,,
𰠖,10,0,0,,,0,,,,,
𰠗,10,0,0,,,0,,,,,
𰠘,10,0,0,,,0,,,,,
𰠙,10,0,0,,,0,,,,,
𰠚,10,0,0,,,0,,,,,
𰠛,10,0,0,,,0,,,,,
𰠜,10,0,0,,,0,,,,,
𰠝,10,0,0,,,0,,,,,
𰠞,10,0,0,,,0,,,,,
𰠟,10,0,0,,,0,,,,,
𰠠,10,0,0,,,0,,,,,
𰠡,10,0,0,,,0,,,,,
𰠢,10,0,0,,,0,,,,,
𰠣,10,0,0,,,0,,,,,
𰠤,10,0,0,,,0,,,,,
𰠥,10,0,0,,,0,,,,,
𰠦,10,0,0,,,0,,,,,
𰠧,10,0,0,,,0,,,,,
𰠨,10,0,0,,,0,,,,,
𰠩,10,0,0,,,0,,,,,
𰠪,10,0,0,,,0,,,,,
𰠫,10,0,0,,,0,,,,,
𰠬,10,0,0,,,0,,,,,
𰠭,10,0,0,,,0,,,,,
𰠮,10,0,0,,,0,,,,,
𰠯,10,0,0,,,0,,,,,
𰠰,10,0,0,,,0,,,,,
𰠱,10,0,0,,,0,,,,,
𰠲,10,0,0,,,0,,,,,
𰠳,10,0,0,,,0,,,,,
𰠴,10,0,0,,,0,,,,,
𰠵,10,0,0,,,0,,,,,
𰠶,10,0,0,,,0,,,,,
𰠷,10,0,0,,,0,,,,,
𰠸,10,0,0,,,0,,,,,
𰠹,10,0,0,,,0,,,,,
𰠺,10,0,0,,,0,,,,,
𰠻,10,0,0,,,0,,,,,
𰠼,10,0,0,,,0,,,,,
𰠽,10,0,0,,,0,,,,,
𰠾,10,0,0,,,0,,,,,
𰠿,10,0,0,,,0,,,,,
𰡀,10,0,0,,,0,,,,,
𰡁,10,0,0,,,0,,,,,
𰡂,10,0,0,,,0,,,,,
𰡃,10,0,0,,,0,,,,,
𰡄,10,0,0,,,0,,,,,
𰡅,10,0,0,,,0,,,,,
𰡆,10,0,0,,,0,,,,,
𰡇,10,0,0,,,0,,,,,
𰡈,10,0,0,,,0,,,,,
𰡉,10,0,0,,,0,,,,,
𰡊,10,0,0,,,0,,,,,
𰡋,10,0,0,,,0,,,,,
𰡌,10,0,0,,,0,,,,,
𰡍,10,0,0,,,0,,,,,
𰡎,10,0,0,,,0,,,,,
𰡏,10,0,0,,,0,,,,,
𰡐,10,0,0,,,0,,,,,
𰡑,10,0,0,,,0,,,,,
𰡒,10,0,0,,,0,,,,,
𰡓,10,0,0,,,0,,,,,
𰡔,10,0,0,,,0,,,,,
𰡕,10,0,0,,,0,,,,,
𰡖,10,0,0,,,0,,,,,
𰡗,10,0,0,,,0,,,,,
𰡘,10,0,0,,,0,,,,,
𰡙,10,0,0,,,0,,,,,
𰡚,10,0,0,,,0,,,,,
𰡛,10,0,0,,,0,,,,,
𰡜,10,0,0,,,0,,,,,
𰡝,10,0,0,,,0,,,,,
𰡞,10,0,0,,,0,,,,,
𰡟,10,0,0,,,0,,,,,
𰡠,10,0,0,,,0,,,,,
𰡡,10,0,0,,,0,,,,,
𰡢,10,0,0,,,0,,,,,
𰡣,10,0,0,,,0,,,,,
𰡤,10,0,0,,,0,,,,,
𰡥,10,0,0,,,0,,,,,
𰡦,10,0,0,,,0,,,,,
𰡧,10,0,0,,,0,,,,,
𰡨,10,0,0,,,0,,,,,
𰡩,10,0,0,,,0,,,,,
𰡪,10,0,0,,,0,,,,,
𰡫,10,0,0,,,0,,,,,
𰡬,10,0,0,,,0,,,,,
𰡭,10,0,0,,,0,,,,,
𰡮,10,0,0,,,0,,,,,
𰡯,10,0,0,,,0,,,,,
𰡰,10,0,0,,,0,,,,,
𰡱,10,0,0,,,0,,,,,
𰡲,10,0,0,,,0,,,,,
𰡳,10,0,0,,,0,,,,,
𰡴,10,0,0,,,0,,,,,
𰡵,10,0,0,,,0,,,,,
𰡶,10,0,0,,,0,,,,,
𰡷,10,0,0,,,0,,,,,
𰡸,10,0,0,,,0,,,,,
𰡹,10,0,0,,,0,,,,,
𰡺,10,0,0,,,0,,,,,
𰡻,10,0,0,,,0,,,,,
𰡼,10,0,0,,,0,,,,,
𰡽,10,0,0,,,0,,,,,
𰡾,10,0,0,,,0,,,,,
𰡿,10,0,0,,,0,,,,,
𰢀,10,0,0,,,0,,,,,
𰢁,10,0,0,,,0,,,,,
𰢂,10,0,0,,,0,,,,,
𰢃,10,0,0,,,0,,,,,
𰢄,10,0,0,,,0,,,,,
𰢅,10,0,0,,,0,,,,,
𰢆,10,0,0,,,0,,,,,
𰢇,10,0,0,,,0,,,,,
𰢈,10,0,0,,,0,,,,,
𰢉,10,0,0,,,0,,,,,
𰢊,10,0,0,,,0,,,,,
𰢋,10,0,0,,,0,,,,,
𰢌,10,0,0,,,0,,,,,
𰢍,10,0,0,,,0,,,,,
𰢎,10,0,0,,,0,,,,,
𰢏,10,0,0,,,0,,,,,
𰢐,10,0,0,,,0,,,,,
𰢑,10,0,0,,,0,,,,,
𰢒,10,0,0,,,0,,,,,
𰢓,10,0,0,,,0,,,,,
𰢔,10,0,0,,,0,,,,,
𰢕,10,0,0,,,0,,,,,
𰢖,10,0,0,,,0,,,,,
𰢗,10,0,0,,,0,,,,,
𰢘,10,0,0,,,0,,,,,
𰢙,10,0,0,,,0,,,,,
𰢚,10,0,0,,,0,,,,,
𰢛,10,0,0,,,0,,,,,
𰢜,10,0,0,,,0,,,,,
𰢝,10,0,0,,,0,,,,,
𰢞,10,0,0,,,0,,,,,
𰢟,10,0,0,,,0,,,,,
𰢠,10,0,0,,,0,,,,,
𰢡,10,0,0,,,0,,,,,
𰢢,10,0,0,,,0,,,,,
𰢣,10,0,0,,,0,,,,,
𰢤,10,0,0,,,0,,,,,
𰢥,10,0,0,,,0,,,,,
𰢦,10,0,0,,,0,,,,,
𰢧,10,0,0,,,0,,,,,
𰢨,10,0,0,,,0,,,,,
𰢩,10,0,0,,,0,,,,,
𰢪,10,0,0,,,0,,,,,
𰢫,10,0,0,,,0,,,,,
𰢬,10,0,0,,,0,,,,,
𰢭,10,0,0,,,0,,,,,
𰢮,10,0,0,,,0,,,,,
𰢯,10,0,0,,,0,,,,,
𰢰,10,0,0,,,0,,,,,
𰢱,10,0,0,,,0,,,,,
𰢲,10,0,0,,,0,,,,,
𰢳,10,0,0,,,0,,,,,
𰢴,10,0,0,,,0,,,,,
𰢵,10,0,0,,,0,,,,,
𰢶,10,0,0,,,0,,,,,
𰢷,10,0,0,,,0,,,,,
𰢸,10,0,0,,,0,,,,,
𰢹,10,0,0,,,0,,,,,
𰢺,10,0,0,,,0,,,,,
𰢻,10,0,0,,,0,,,,,
𰢼,10,0,0,,,0,,,,,
𰢽,10,0,0,,,0,,,,,
𰢾,10,0,0,,,0,,,,,
𰢿,10,0,0,,,0,,,,,
𰣀,10,0,0,,,0,,,,,
𰣁,10,0,0,,,0,,,,,
𰣂,10,0,0,,,0,,,,,
𰣃,10,0,0,,,0,,,,,
𰣄,10,0,0,,,0,,,,,
𰣅,10,0,0,,,0,,,,,
𰣆,10,0,0,,,0,,,,,
𰣇,10,0,0,,,0,,,,,
𰣈,10,0,0,,,0,,,,,
𰣉,10,0,0,,,0,,,,,
𰣊,10,0,0,,,0,,,,,
𰣋,10,0,0,,,0,,,,,
𰣌,10,0,0,,,0,,,,,
𰣍,10,0,0,,,0,,,,,
𰣎,10,0,0,,,0,,,,,
𰣏,10,0,0,,,0,,,,,
𰣐,10,0,0,,,0,,,,,
𰣑,10,0,0,,,0,,,,,
𰣒,10,0,0,,,0,,,,,
𰣓,10,0,0,,,0,,,,,
𰣔,10,0,0,,,0,,,,,
𰣕,10,0,0,,,0,,,,,
𰣖,10,0,0,,,0,,,,,
𰣗,10,0,0,,,0,,,,,
𰣘,10,0,0,,,0,,,,,
𰣙,10,0,0,,,0,,,,,
𰣚,10,0,0,,,0,,,,,
𰣛,10,0,0,,,0,,,,,
𰣜,10,0,0,,,0,,,,,
𰣝,10,0,0,,,0,,,,,
𰣞,10,0,0,,,0,,,,,
𰣟,10,0,0,,,0,,,,,
𰣠,10,0,0,,,0,,,,,
𰣡,10,0,0,,,0,,,,,
𰣢,10,0,0,,,0,,,,,
𰣣,10,0,0,,,0,,,,,
𰣤,10,0,0,,,0,,,,,
𰣥,10,0,0,,,0,,,,,
𰣦,10,0,0,,,0,,,,,
𰣧,10,0,0,,,0,,,,,
𰣨,10,0,0,,,0,,,,,
𰣩,10,0,0,,,0,,,,,
𰣪,10,0,0,,,0,,,,,
𰣫,10,0,0,,,0,,,,,
𰣬,10,0,0,,,0,,,,,
𰣭,10,0,0,,,0,,,,,
𰣮,10,0,0,,,0,,,,,
𰣯,10,0,0,,,0,,,,,
𰣰,10,0,0,,,0,,,,,
𰣱,10,0,0,,,0,,,,,
𰣲,10,0,0,,,0,,,,,
𰣳,10,0,0,,,0,,,,,
𰣴,10,0,0,,,0,,,,,
𰣵,10,0,0,,,0,,,,,
𰣶,10,0,0,,,0,,,,,
𰣷,10,0,0,,,0,,,,,
𰣸,10,0,0,,,0,,,,,
𰣹,10,0,0,,,0,,,,,
𰣺,10,0,0,,,0,,,,,
𰣻,10,0,0,,,0,,,,,
𰣼,10,0,0,,,0,,,,,
𰣽,10,0,0,,,0,,,,,
𰣾,10,0,0,,,0,,,,,
𰣿,10,0,0,,,0,,,,,
𰤀,10,0,0,,,0,,,,,
𰤁,10,0,0,,,0,,,,,
𰤂,10,0,0,,,0,,,,,
𰤃,10,0,0,,,0,,,,,
𰤄,10,0,0,,,0,,,,,
𰤅,10,0,0,,,0,,,,,
𰤆,10,0,0,,,0,,,,,
𰤇,10,0,0,,,0,,,,,
𰤈,10,0,0,,,0,,,,,
𰤉,10,0,0,,,0,,,,,
𰤊,10,0,0,,,0,,,,,
𰤋,10,0,0,,,0,,,,,
𰤌,10,0,0,,,0,,,,,
𰤍,10,0,0,,,0,,,,,
𰤎,10,0,0,,,0,,,,,
𰤏,10,0,0,,,0,,,,,
𰤐,10,0,0,,,0,,,,,
𰤑,10,0,0,,,0,,,,,
𰤒,10,0,0,,,0,,,,,
𰤓,10,0,0,,,0,,,,,
𰤔,10,0,0,,,0,,,,,
𰤕,10,0,0,,,0,,,,,
𰤖,10,0,0,,,0,,,,,
𰤗,10,0,0,,,0,,,,,
𰤘,10,0,0,,,0,,,,,
𰤙,10,0,0,,,0,,,,,
𰤚,10,0,0,,,0,,,,,
𰤛,10,0,0,,,0,,,,,
𰤜,10,0,0,,,0,,,,,
𰤝,10,0,0,,,0,,,,,
𰤞,10,0,0,,,0,,,,,
𰤟,10,0,0,,,0,,,,,
𰤠,10,0,0,,,0,,,,,
𰤡,10,0,0,,,0,,,,,
𰤢,10,0,0,,,0,,,,,
𰤣,10,0,0,,,0,,,,,
𰤤,10,0,0,,,0,,,,,
𰤥,10,0,0,,,0,,,,,
𰤦,10,0,0,,,0,,,,,
𰤧,10,0,0,,,0,,,,,
𰤨,10,0,0,,,0,,,,,
𰤩,10,0,0,,,0,,,,,
𰤪,10,0,0,,,0,,,,,
𰤫,10,0,0,,,0,,,,,
𰤬,10,0,0,,,0,,,,,
𰤭,10,0,0,,,0,,,,,
𰤮,10,0,0,,,0,,,,,
𰤯,10,0,0,,,0,,,,,
𰤰,10,0,0,,,0,,,,,
𰤱,10,0,0,,,0,,,,,
𰤲,10,0,0,,,0,,,,,
𰤳,10,0,0,,,0,,,,,
𰤴,10,0,0,,,0,,,,,
𰤵,10,0,0,,,0,,,,,
𰤶,10,0,0,,,0,,,,,
𰤷,10,0,0,,,0,,,,,
𰤸,10,0,0,,,0,,,,,
𰤹,10,0,0,,,0,,,,,
𰤺,10,0,0,,,0,,,,,
𰤻,10,0,0,,,0,,,,,
𰤼,10,0,0,,,0,,,,,
𰤽,10,0,0,,,0,,,,,
𰤾,10,0,0,,,0,,,,,
𰤿,10,0,0,,,0,,,,,
𰥀,10,0,0,,,0,,,,,
𰥁,10,0,0,,,0,,,,,
𰥂,10,0,0,,,0,,,,,
𰥃,10,0,0,,,0,,,,,
𰥄,10,0,0,,,0,,,,,
𰥅,10,0,0,,,0,,,,,
𰥆,10,0,0,,,0,,,,,
𰥇,10,0,0,,,0,,,,,
𰥈,10,0,0,,,0,,,,,
𰥉,10,0,0,,,0,,,,,
𰥊,10,0,0,,,0,,,,,
𰥋,10,0,0,,,0,,,,,
𰥌,10,0,0,,,0,,,,,
𰥍,10,0,0,,,0,,,,,
𰥎,10,0,0,,,0,,,,,
𰥏,10,0,0,,,0,,,,,
𰥐,10,0,0,,,0,,,,,
𰥑,10,0,0,,,0,,,,,
𰥒,10,0,0,,,0,,,,,
𰥓,10,0,0,,,0,,,,,
𰥔,10,0,0,,,0,,,,,
𰥕,10,0,0,,,0,,,,,
𰥖,10,0,0,,,0,,,,,
𰥗,10,0,0,,,0,,,,,
𰥘,10,0,0,,,0,,,,,
𰥙,10,0,0,,,0,,,,,
𰥚,10,0,0,,,0,,,,,
𰥛,10,0,0,,,0,,,,,
𰥜,10,0,0,,,0,,,,,
𰥝,10,0,0,,,0,,,,,
𰥞,10,0,0,,,0,,,,,
𰥟,10,0,0,,,0,,,,,
𰥠,10,0,0,,,0,,,,,
𰥡,10,0,0,,,0,,,,,
𰥢,10,0,0,,,0,,,,,
𰥣,10,0,0,,,0,,,,,
𰥤,10,0,0,,,0,,,,,
𰥥,10,0,0,,,0,,,,,
𰥦,10,0,0,,,0,,,,,
𰥧,10,0,0,,,0,,,,,
𰥨,10,0,0,,,0,,,,,
𰥩,10,0,0,,,0,,,,,
𰥪,10,0,0,,,0,,,,,
𰥫,10,0,0,,,0,,,,,
𰥬,10,0,0,,,0,,,,,
𰥭,10,0,0,,,0,,,,,
𰥮,10,0,0,,,0,,,,,
𰥯,10,0,0,,,0,,,,,
𰥰,10,0,0,,,0,,,,,
𰥱,10,0,0,,,0,,,,,
𰥲,10,0,0,,,0,,,,,
𰥳,10,0,0,,,0,,,,,
𰥴,10,0,0,,,0,,,,,
𰥵,10,0,0,,,0,,,,,
𰥶,10,0,0,,,0,,,,,
𰥷,10,0,0,,,0,,,,,
𰥸,10,0,0,,,0,,,,,
𰥹,10,0,0,,,0,,,,,
𰥺,10,0,0,,,0,,,,,
𰥻,10,0,0,,,0,,,,,
𰥼,10,0,0,,,0,,,,,
𰥽,10,0,0,,,0,,,,,
𰥾,10,0,0,,,0,,,,,
𰥿,10,0,0,,,0,,,,,
𰦀,10,0,0,,,0,,,,,
𰦁,10,0,0,,,0,,,,,
𰦂,10,0,0,,,0,,,,,
𰦃,10,0,0,,,0,,,,,
𰦄,10,0,0,,,0,,,,,
𰦅,10,0,0,,,0,,,,,
𰦆,10,0,0,,,0,,,,,
𰦇,10,0,0,,,0,,,,,
𰦈,10,0,0,,,0,,,,,
𰦉,10,0,0,,,0,,,,,
𰦊,10,0,0,,,0,,,,,
𰦋,10,0,0,,,0,,,,,
𰦌,10,0,0,,,0,,,,,
𰦍,10,0,0,,,0,,,,,
𰦎,10,0,0,,,0,,,,,
𰦏,10,0,0,,,0,,,,,
𰦐,10,0,0,,,0,,,,,
𰦑,10,0,0,,,0,,,,,
𰦒,10,0,0,,,0,,,,,
𰦓,10,0,0,,,0,,,,,
𰦔,10,0,0,,,0,,,,,
𰦕,10,0,0,,,0,,,,,
𰦖,10,0,0,,,0,,,,,
𰦗,10,0,0,,,0,,,,,
𰦘,10,0,0,,,0,,,,,
𰦙,10,0,0,,,0,,,,,
𰦚,10,0,0,,,0,,,,,
𰦛,10,0,0,,,0,,,,,
𰦜,10,0,0,,,0,,,,,
𰦝,10,0,0,,,0,,,,,
𰦞,10,0,0,,,0,,,,,
𰦟,10,0,0,,,0,,,,,
𰦠,10,0,0,,,0,,,,,
𰦡,10,0,0,,,0,,,,,
𰦢,10,0,0,,,0,,,,,
𰦣,10,0,0,,,0,,,,,
𰦤,10,0,0,,,0,,,,,
𰦥,10,0,0,,,0,,,,,
𰦦,10,0,0,,,0,,,,,
𰦧,10,0,0,,,0,,,,,
𰦨,10,0,0,,,0,,,,,
𰦩,10,0,0,,,0,,,,,
𰦪,10,0,0,,,0,,,,,
𰦫,10,0,0,,,0,,,,,
𰦬,10,0,0,,,0,,,,,
𰦭,10,0,0,,,0,,,,,
𰦮,10,0,0,,,0,,,,,
𰦯,10,0,0,,,0,,,,,
𰦰,10,0,0,,,0,,,,,
𰦱,10,0,0,,,0,,,,,
𰦲,10,0,0,,,0,,,,,
𰦳,10,0,0,,,0,,,,,
𰦴,10,0,0,,,0,,,,,
𰦵,10,0,0,,,0,,,,,
𰦶,10,0,0,,,0,,,,,
𰦷,10,0,0,,,0,,,,,
𰦸,10,0,0,,,0,,,,,
𰦹,10,0,0,,,0,,,,,
𰦺,10,0,0,,,0,,,,,
𰦻,10,0,0,,,0,,,,,
𰦼,10,0,0,,,0,,,,,
𰦽,10,0,0,,,0,,,,,
𰦾,10,0,0,,,0,,,,,
𰦿,10,0,0,,,0,,,,,
𰧀,10,0,0,,,0,,,,,
𰧁,10,0,0,,,0,,,,,
𰧂,10,0,0,,,0,,,,,
𰧃,10,0,0,,,0,,,,,
𰧄,10,0,0,,,0,,,,,
𰧅,10,0,0,,,0,,,,,
𰧆,10,0,0,,,0,,,,,
𰧇,10,0,0,,,0,,,,,
𰧈,10,0,0,,,0,,,,,
𰧉,10,0,0,,,0,,,,,
𰧊,10,0,0,,,0,,,,,
𰧋,10,0,0,,,0,,,,,
𰧌,10,0,0,,,0,,,,,
𰧍,10,0,0,,,0,,,,,
𰧎,10,0,0,,,0,,,,,
𰧏,10,0,0,,,0,,,,,
𰧐,10,0,0,,,0,,,,,
𰧑,10,0,0,,,0,,,,,
𰧒,10,0,0,,,0,,,,,
𰧓,10,0,0,,,0,,,,,
𰧔,10,0,0,,,0,,,,,
𰧕,10,0,0,,,0,,,,,
𰧖,10,0,0,,,0,,,,,
𰧗,10,0,0,,,0,,,,,
𰧘,10,0,0,,,0,,,,,
𰧙,10,0,0,,,0,,,,,
𰧚,10,0,0,,,0,,,,,
𰧛,10,0,0,,,0,,,,,
𰧜,10,0,0,,,0,,,,,
𰧝,10,0,0,,,0,,,,,
𰧞,10,0,0,,,0,,,,,
𰧟,10,0,0,,,0,,,,,
𰧠,10,0,0,,,0,,,,,
𰧡,10,0,0,,,0,,,,,
𰧢,10,0,0,,,0,,,,,
𰧣,10,0,0,,,0,,,,,
𰧤,10,0,0,,,0,,,,,
𰧥,10,0,0,,,0,,,,,
𰧦,10,0,0,,,0,,,,,
𰧧,10,0,0,,,0,,,,,
𰧨,10,0,0,,,0,,,,,
𰧩,10,0,0,,,0,,,,,
𰧪,10,0,0,,,0,,,,,
𰧫,10,0,0,,,0,,,,,
𰧬,10,0,0,,,0,,,,,
𰧭,10,0,0,,,0,,,,,
𰧮,10,0,0,,,0,,,,,
𰧯,10,0,0,,,0,,,,,
𰧰,10,0,0,,,0,,,,,
𰧱,10,0,0,,,0,,,,,
𰧲,10,0,0,,,0,,,,,
𰧳,10,0,0,,,0,,,,,
𰧴,10,0,0,,,0,,,,,
𰧵,10,0,0,,,0,,,,,
𰧶,10,0,0,,,0,,,,,
𰧷,10,0,0,,,0,,,,,
𰧸,10,0,0,,,0,,,,,
𰧹,10,0,0,,,0,,,,,
𰧺,10,0,0,,,0,,,,,
𰧻,10,0,0,,,0,,,,,
𰧼,10,0,0,,,0,,,,,
𰧽,10,0,0,,,0,,,,,
𰧾,10,0,0,,,0,,,,,
𰧿,10,0,0,,,0,,,,,
𰨀,10,0,0,,,0,,,,,
𰨁,10,0,0,,,0,,,,,
𰨂,10,0,0,,,0,,,,,
𰨃,10,0,0,,,0,,,,,
𰨄,10,0,0,,,0,,,,,
𰨅,10,0,0,,,0,,,,,
𰨆,10,0,0,,,0,,,,,
𰨇,10,0,0,,,0,,,,,
𰨈,10,0,0,,,0,,,,,
𰨉,10,0,0,,,0,,,,,
𰨊,10,0,0,,,0,,,,,
𰨋,10,0,0,,,0,,,,,
𰨌,10,0,0,,,0,,,,,
𰨍,10,0,0,,,0,,,,,
𰨎,10,0,0,,,0,,,,,
𰨏,10,0,0,,,0,,,,,
𰨐,10,0,0,,,0,,,,,
𰨑,10,0,0,,,0,,,,,
𰨒,10,0,0,,,0,,,,,
𰨓,10,0,0,,,0,,,,,
𰨔,10,0,0,,,0,,,,,
𰨕,10,0,0,,,0,,,,,
𰨖,10,0,0,,,0,,,,,
𰨗,10,0,0,,,0,,,,,
𰨘,10,0,0,,,0,,,,,
𰨙,10,0,0,,,0,,,,,
𰨚,10,0,0,,,0,,,,,
𰨛,10,0,0,,,0,,,,,
𰨜,10,0,0,,,0,,,,,
𰨝,10,0,0,,,0,,,,,
𰨞,10,0,0,,,0,,,,,
𰨟,10,0,0,,,0,,,,,
𰨠,10,0,0,,,0,,,,,
𰨡,10,0,0,,,0,,,,,
𰨢,10,0,0,,,0,,,,,
𰨣,10,0,0,,,0,,,,,
𰨤,10,0,0,,,0,,,,,
𰨥,10,0,0,,,0,,,,,
𰨦,10,0,0,,,0,,,,,
𰨧,10,0,0,,,0,,,,,
𰨨,10,0,0,,,0,,,,,
𰨩,10,0,0,,,0,,,,,
𰨪,10,0,0,,,0,,,,,
𰨫,10,0,0,,,0,,,,,
𰨬,10,0,0,,,0,,,,,
𰨭,10,0,0,,,0,,,,,
𰨮,10,0,0,,,0,,,,,
𰨯,10,0,0,,,0,,,,,
𰨰,10,0,0,,,0,,,,,
𰨱,10,0,0,,,0,,,,,
𰨲,10,0,0,,,0,,,,,
𰨳,10,0,0,,,0,,,,,
𰨴,10,0,0,,,0,,,,,
𰨵,10,0,0,,,0,,,,,
𰨶,10,0,0,,,0,,,,,
𰨷,10,0,0,,,0,,,,,
𰨸,10,0,0,,,0,,,,,
𰨹,10,0,0,,,0,,,,,
𰨺,10,0,0,,,0,,,,,
𰨻,10,0,0,,,0,,,,,
𰨼,10,0,0,,,0,,,,,
𰨽,10,0,0,,,0,,,,,
𰨾,10,0,0,,,0,,,,,
𰨿,10,0,0,,,0,,,,,
𰩀,10,0,0,,,0,,,,,
𰩁,10,0,0,,,0,,,,,
𰩂,10,0,0,,,0,,,,,
𰩃,10,0,0,,,0,,,,,
𰩄,10,0,0,,,0,,,,,
𰩅,10,0,0,,,0,,,,,
𰩆,10,0,0,,,0,,,,,
𰩇,10,0,0,,,0,,,,,
𰩈,10,0,0,,,0,,,,,
𰩉,10,0,0,,,0,,,,,
𰩊,10,0,0,,,0,,,,,
𰩋,10,0,0,,,0,,,,,
𰩌,10,0,0,,,0,,,,,
𰩍,10,0,0,,,0,,,,,
𰩎,10,0,0,,,0,,,,,
𰩏,10,0,0,,,0,,,,,
𰩐,10,0,0,,,0,,,,,
𰩑,10,0,0,,,0,,,,,
𰩒,10,0,0,,,0,,,,,
𰩓,10,0,0,,,0,,,,,
𰩔,10,0,0,,,0,,,,,
𰩕,10,0,0,,,0,,,,,
𰩖,10,0,0,,,0,,,,,
𰩗,10,0,0,,,0,,,,,
𰩘,10,0,0,,,0,,,,,
𰩙,10,0,0,,,0,,,,,
𰩚,10,0,0,,,0,,,,,
𰩛,10,0,0,,,0,,,,,
𰩜,10,0,0,,,0,,,,,
𰩝,10,0,0,,,0,,,,,
𰩞,10,0,0,,,0,,,,,
𰩟,10,0,0,,,0,,,,,
𰩠,10,0,0,,,0,,,,,
𰩡,10,0,0,,,0,,,,,
𰩢,10,0,0,,,0,,,,,
𰩣,10,0,0,,,0,,,,,
𰩤,10,0,0,,,0,,,,,
𰩥,10,0,0,,,0,,,,,
𰩦,10,0,0,,,0,,,,,
𰩧,10,0,0,,,0,,,,,
𰩨,10,0,0,,,0,,,,,
𰩩,10,0,0,,,0,,,,,
𰩪,10,0,0,,,0,,,,,
𰩫,10,0,0,,,0,,,,,
𰩬,10,0,0,,,0,,,,,
𰩭,10,0,0,,,0,,,,,
𰩮,10,0,0,,,0,,,,,
𰩯,10,0,0,,,0,,,,,
𰩰,10,0,0,,,0,,,,,
𰩱,10,0,0,,,0,,,,,
𰩲,10,0,0,,,0,,,,,
𰩳,10,0,0,,,0,,,,,
𰩴,10,0,0,,,0,,,,,
𰩵,10,0,0,,,0,,,,,
𰩶,10,0,0,,,0,,,,,
𰩷,10,0,0,,,0,,,,,
𰩸,10,0,0,,,0,,,,,
𰩹,10,0,0,,,0,,,,,
𰩺,10,0,0,,,0,,,,,
𰩻,10,0,0,,,0,,,,,
𰩼,10,0,0,,,0,,,,,
𰩽,10,0,0,,,0,,,,,
𰩾,10,0,0,,,0,,,,,
𰩿,10,0,0,,,0,,,,,
𰪀,10,0,0,,,0,,,,,
𰪁,10,0,0,,,0,,,,,
𰪂,10,0,0,,,0,,,,,
𰪃,10,0,0,,,0,,,,,
𰪄,10,0,0,,,0,,,,,
𰪅,10,0,0,,,0,,,,,
𰪆,10,0,0,,,0,,,,,
𰪇,10,0,0,,,0,,,,,
𰪈,10,0,0,,,0,,,,,
𰪉,10,0,0,,,0,,,,,
𰪊,10,0,0,,,0,,,,,
𰪋,10,0,0,,,0,,,,,
𰪌,10,0,0,,,0,,,,,
𰪍,10,0,0,,,0,,,,,
𰪎,10,0,0,,,0,,,,,
𰪏,10,0,0,,,0,,,,,
𰪐,10,0,0,,,0,,,,,
𰪑,10,0,0,,,0,,,,,
𰪒,10,0,0,,,0,,,,,
𰪓,10,0,0,,,0,,,,,
𰪔,10,0,0,,,0,,,,,
𰪕,10,0,0,,,0,,,,,
𰪖,10,0,0,,,0,,,,,
𰪗,10,0,0,,,0,,,,,
𰪘,10,0,0,,,0,,,,,
𰪙,10,0,0,,,0,,,,,
𰪚,10,0,0,,,0,,,,,
𰪛,10,0,0,,,0,,,,,
𰪜,10,0,0,,,0,,,,,
𰪝,10,0,0,,,0,,,,,
𰪞,10,0,0,,,0,,,,,
𰪟,10,0,0,,,0,,,,,
𰪠,10,0,0,,,0,,,,,
𰪡,10,0,0,,,0,,,,,
𰪢,10,0,0,,,0,,,,,
𰪣,10,0,0,,,0,,,,,
𰪤,10,0,0,,,0,,,,,
𰪥,10,0,0,,,0,,,,,
𰪦,10,0,0,,,0,,,,,
𰪧,10,0,0,,,0,,,,,
𰪨,10,0,0,,,0,,,,,
𰪩,10,0,0,,,0,,,,,
𰪪,10,0,0,,,0,,,,,
𰪫,10,0,0,,,0,,,,,
𰪬,10,0,0,,,0,,,,,
𰪭,10,0,0,,,0,,,,,
𰪮,10,0,0,,,0,,,,,
𰪯,10,0,0,,,0,,,,,
𰪰,10,0,0,,,0,,,,,
𰪱,10,0,0,,,0,,,,,
𰪲,10,0,0,,,0,,,,,
𰪳,10,0,0,,,0,,,,,
𰪴,10,0,0,,,0,,,,,
𰪵,10,0,0,,,0,,,,,
𰪶,10,0,0,,,0,,,,,
𰪷,10,0,0,,,0,,,,,
𰪸,10,0,0,,,0,,,,,
𰪹,10,0,0,,,0,,,,,
𰪺,10,0,0,,,0,,,,,
𰪻,10,0,0,,,0,,,,,
𰪼,10,0,0,,,0,,,,,
𰪽,10,0,0,,,0,,,,,
𰪾,10,0,0,,,0,,,,,
𰪿,10,0,0,,,0,,,,,
𰫀,10,0,0,,,0,,,,,
𰫁,10,0,0,,,0,,,,,
𰫂,10,0,0,,,0,,,,,
𰫃,10,0,0,,,0,,,,,
𰫄,10,0,0,,,0,,,,,
𰫅,10,0,0,,,0,,,,,
𰫆,10,0,0,,,0,,,,,
𰫇,10,0,0,,,0,,,,,
𰫈,10,0,0,,,0,,,,,
𰫉,10,0,0,,,0,,,,,
𰫊,10,0,0,,,0,,,,,
𰫋,10,0,0,,,0,,,,,
𰫌,10,0,0,,,0,,,,,
𰫍,10,0,0,,,0,,,,,
𰫎,10,0,0,,,0,,,,,
𰫏,10,0,0,,,0,,,,,
𰫐,10,0,0,,,0,,,,,
𰫑,10,0,0,,,0,,,,,
𰫒,10,0,0,,,0,,,,,
𰫓,10,0,0,,,0,,,,,
𰫔,10,0,0,,,0,,,,,
𰫕,10,0,0,,,0,,,,,
𰫖,10,0,0,,,0,,,,,
𰫗,10,0,0,,,0,,,,,
𰫘,10,0,0,,,0,,,,,
𰫙,10,0,0,,,0,,,,,
𰫚,10,0,0,,,0,,,,,
𰫛,10,0,0,,,0,,,,,
𰫜,10,0,0,,,0,,,,,
𰫝,10,0,0,,,0,,,,,
𰫞,10,0,0,,,0,,,,,
𰫟,10,0,0,,,0,,,,,
𰫠,10,0,0,,,0,,,,,
𰫡,10,0,0,,,0,,,,,
𰫢,10,0,0,,,0,,,,,
𰫣,10,0,0,,,0,,,,,
𰫤,10,0,0,,,0,,,,,
𰫥,10,0,0,,,0,,,,,
𰫦,10,0,0,,,0,,,,,
𰫧,10,0,0,,,0,,,,,
𰫨,10,0,0,,,0,,,,,
𰫩,10,0,0,,,0,,,,,
𰫪,10,0,0,,,0,,,,,
𰫫,10,0,0,,,0,,,,,
𰫬,10,0,0,,,0,,,,,
𰫭,10,0,0,,,0,,,,,
𰫮,10,0,0,,,0,,,,,
𰫯,10,0,0,,,0,,,,,
𰫰,10,0,0,,,0,,,,,
𰫱,10,0,0,,,0,,,,,
𰫲,10,0,0,,,0,,,,,
𰫳,10,0,0,,,0,,,,,
𰫴,10,0,0,,,0,,,,,
𰫵,10,0,0,,,0,,,,,
𰫶,10,0,0,,,0,,,,,
𰫷,10,0,0,,,0,,,,,
𰫸,10,0,0,,,0,,,,,
𰫹,10,0,0,,,0,,,,,
𰫺,10,0,0,,,0,,,,,
𰫻,10,0,0,,,0,,,,,
𰫼,10,0,0,,,0,,,,,
𰫽,10,0,0,,,0,,,,,
𰫾,10,0,0,,,0,,,,,
𰫿,10,0,0,,,0,,,,,
𰬀,10,0,0,,,0,,,,,
𰬁,10,0,0,,,0,,,,,
𰬂,10,0,0,,,0,,,,,
𰬃,10,0,0,,,0,,,,,
𰬄,10,0,0,,,0,,,,,
𰬅,10,0,0,,,0,,,,,
𰬆,10,0,0,,,0,,,,,
𰬇,10,0,0,,,0,,,,,
𰬈,10,0,0,,,0,,,,,
𰬉,10,0,0,,,0,,,,,
𰬊,10,0,0,,,0,,,,,
𰬋,10,0,0,,,0,,,,,
𰬌,10,0,0,,,0,,,,,
𰬍,10,0,0,,,0,,,,,
𰬎,10,0,0,,,0,,,,,
𰬏,10,0,0,,,0,,,,,
𰬐,10,0,0,,,0,,,,,
𰬑,10,0,0,,,0,,,,,
𰬒,10,0,0,,,0,,,,,
𰬓,10,0,0,,,0,,,,,
𰬔,10,0,0,,,0,,,,,
𰬕,10,0,0,,,0,,,,,
𰬖,10,0,0,,,0,,,,,
𰬗,10,0,0,,,0,,,,,
𰬘,10,0,0,,,0,,,,,
𰬙,10,0,0,,,0,,,,,
𰬚,10,0,0,,,0,,,,,
𰬛,10,0,0,,,0,,,,,
𰬜,10,0,0,,,0,,,,,
𰬝,10,0,0,,,0,,,,,
𰬞,10,0,0,,,0,,,,,
𰬟,10,0,0,,,0,,,,,
𰬠,10,0,0,,,0,,,,,
𰬡,10,0,0,,,0,,,,,
𰬢,10,0,0,,,0,,,,,
𰬣,10,0,0,,,0,,,,,
𰬤,10,0,0,,,0,,,,,
𰬥,10,0,0,,,0,,,,,
𰬦,10,0,0,,,0,,,,,
𰬧,10,0,0,,,0,,,,,
𰬨,10,0,0,,,0,,,,,
𰬩,10,0,0,,,0,,,,,
𰬪,10,0,0,,,0,,,,,
𰬫,10,0,0,,,0,,,,,
𰬬,10,0,0,,,0,,,,,
𰬭,10,0,0,,,0,,,,,
𰬮,10,0,0,,,0,,,,,
𰬯,10,0,0,,,0,,,,,
𰬰,10,0,0,,,0,,,,,
𰬱,10,0,0,,,0,,,,,
𰬲,10,0,0,,,0,,,,,
𰬳,10,0,0,,,0,,,,,
𰬴,10,0,0,,,0,,,,,
𰬵,10,0,0,,,0,,,,,
𰬶,10,0,0,,,0,,,,,
𰬷,10,0,0,,,0,,,,,
𰬸,10,0,0,,,0,,,,,
𰬹,10,0,0,,,0,,,,,
𰬺,10,0,0,,,0,,,,,
𰬻,10,0,0,,,0,,,,,
𰬼,10,0,0,,,0,,,,,
𰬽,10,0,0,,,0,,,,,
𰬾,10,0,0,,,0,,,,,
𰬿,10,0,0,,,0,,,,,
𰭀,10,0,0,,,0,,,,,
𰭁,10,0,0,,,0,,,,,
𰭂,10,0,0,,,0,,,,,
𰭃,10,0,0,,,0,,,,,
𰭄,10,0,0,,,0,,,,,
𰭅,10,0,0,,,0,,,,,
𰭆,10,0,0,,,0,,,,,
𰭇,10,0,0,,,0,,,,,
𰭈,10,0,0,,,0,,,,,
𰭉,10,0,0,,,0,,,,,
𰭊,10,0,0,,,0,,,,,
𰭋,10,0,0,,,0,,,,,
𰭌,10,0,0,,,0,,,,,
𰭍,10,0,0,,,0,,,,,
𰭎,10,0,0,,,0,,,,,
𰭏,10,0,0,,,0,,,,,
𰭐,10,0,0,,,0,,,,,
𰭑,10,0,0,,,0,,,,,
𰭒,10,0,0,,,0,,,,,
𰭓,10,0,0,,,0,,,,,
𰭔,10,0,0,,,0,,,,,
𰭕,10,0,0,,,0,,,,,
𰭖,10,0,0,,,0,,,,,
𰭗,10,0,0,,,0,,,,,
𰭘,10,0,0,,,0,,,,,
𰭙,10,0,0,,,0,,,,,
𰭚,10,0,0,,,0,,,,,
𰭛,10,0,0,,,0,,,,,
𰭜,10,0,0,,,0,,,,,
𰭝,10,0,0,,,0,,,,,
𰭞,10,0,0,,,0,,,,,
𰭟,10,0,0,,,0,,,,,
𰭠,10,0,0,,,0,,,,,
𰭡,10,0,0,,,0,,,,,
𰭢,10,0,0,,,0,,,,,
𰭣,10,0,0,,,0,,,,,
𰭤,10,0,0,,,0,,,,,
𰭥,10,0,0,,,0,,,,,
𰭦,10,0,0,,,0,,,,,
𰭧,10,0,0,,,0,,,,,
𰭨,10,0,0,,,0,,,,,
𰭩,10,0,0,,,0,,,,,
𰭪,10,0,0,,,0,,,,,
𰭫,10,0,0,,,0,,,,,
𰭬,10,0,0,,,0,,,,,
𰭭,10,0,0,,,0,,,,,
𰭮,10,0,0,,,0,,,,,
𰭯,10,0,0,,,0,,,,,
𰭰,10,0,0,,,0,,,,,
𰭱,10,0,0,,,0,,,,,
𰭲,10,0,0,,,0,,,,,
𰭳,10,0,0,,,0,,,,,
𰭴,10,0,0,,,0,,,,,
𰭵,10,0,0,,,0,,,,,
𰭶,10,0,0,,,0,,,,,
𰭷,10,0,0,,,0,,,,,
𰭸,10,0,0,,,0,,,,,
𰭹,10,0,0,,,0,,,,,
𰭺,10,0,0,,,0,,,,,
𰭻,10,0,0,,,0,,,,,
𰭼,10,0,0,,,0,,,,,
𰭽,10,0,0,,,0,,,,,
𰭾,10,0,0,,,0,,,,,
𰭿,10,0,0,,,0,,,,,
𰮀,10,0,0,,,0,,,,,
𰮁,10,0,0,,,0,,,,,
𰮂,10,0,0,,,0,,,,,
𰮃,10,0,0,,,0,,,,,
𰮄,10,0,0,,,0,,,,,
𰮅,10,0,0,,,0,,,,,
𰮆,10,0,0,,,0,,,,,
𰮇,10,0,0,,,0,,,,,
𰮈,10,0,0,,,0,,,,,
𰮉,10,0,0,,,0,,,,,
𰮊,10,0,0,,,0,,,,,
𰮋,10,0,0,,,0,,,,,
𰮌,10,0,0,,,0,,,,,
𰮍,10,0,0,,,0,,,,,
𰮎,10,0,0,,,0,,,,,
𰮏,10,0,0,,,0,,,,,
𰮐,10,0,0,,,0,,,,,
𰮑,10,0,0,,,0,,,,,
𰮒,10,0,0,,,0,,,,,
𰮓,10,0,0,,,0,,,,,
𰮔,10,0,0,,,0,,,,,
𰮕,10,0,0,,,0,,,,,
𰮖,10,0,0,,,0,,,,,
𰮗,10,0,0,,,0,,,,,
𰮘,10,0,0,,,0,,,,,
𰮙,10,0,0,,,0,,,,,
𰮚,10,0,0,,,0,,,,,
𰮛,10,0,0,,,0,,,,,
𰮜,10,0,0,,,0,,,,,
𰮝,10,0,0,,,0,,,,,
𰮞,10,0,0,,,0,,,,,
𰮟,10,0,0,,,0,,,,,
𰮠,10,0,0,,,0,,,,,
𰮡,10,0,0,,,0,,,,,
𰮢,10,0,0,,,0,,,,,
𰮣,10,0,0,,,0,,,,,
𰮤,10,0,0,,,0,,,,,
𰮥,10,0,0,,,0,,,,,
𰮦,10,0,0,,,0,,,,,
𰮧,10,0,0,,,0,,,,,
𰮨,10,0,0,,,0,,,,,
𰮩,10,0,0,,,0,,,,,
𰮪,10,0,0,,,0,,,,,
𰮫,10,0,0,,,0,,,,,
𰮬,10,0,0,,,0,,,,,
𰮭,10,0,0,,,0,,,,,
𰮮,10,0,0,,,0,,,,,
𰮯,10,0,0,,,0,,,,,
𰮰,10,0,0,,,0,,,,,
𰮱,10,0,0,,,0,,,,,
𰮲,10,0,0,,,0,,,,,
𰮳,10,0,0,,,0,,,,,
𰮴,10,0,0,,,0,,,,,
𰮵,10,0,0,,,0,,,,,
𰮶,10,0,0,,,0,,,,,
𰮷,10,0,0,,,0,,,,,
𰮸,10,0,0,,,0,,,,,
𰮹,10,0,0,,,0,,,,,
𰮺,10,0,0,,,0,,,,,
𰮻,10,0,0,,,0,,,,,
𰮼,10,0,0,,,0,,,,,
𰮽,10,0,0,,,0,,,,,
𰮾,10,0,0,,,0,,,,,
𰮿,10,0,0,,,0,,,,,
𰯀,10,0,0,,,0,,,,,
𰯁,10,0,0,,,0,,,,,
𰯂,10,0,0,,,0,,,,,
𰯃,10,0,0,,,0,,,,,
𰯄,10,0,0,,,0,,,,,
𰯅,10,0,0,,,0,,,,,
𰯆,10,0,0,,,0,,,,,
𰯇,10,0,0,,,0,,,,,
𰯈,10,0,0,,,0,,,,,
𰯉,10,0,0,,,0,,,,,
𰯊,10,0,0,,,0,,,,,
𰯋,10,0,0,,,0,,,,,
𰯌,10,0,0,,,0,,,,,
𰯍,10,0,0,,,0,,,,,
𰯎,10,0,0,,,0,,,,,
𰯏,10,0,0,,,0,,,,,
𰯐,10,0,0,,,0,,,,,
𰯑,10,0,0,,,0,,,,,
𰯒,10,0,0,,,0,,,,,
𰯓,10,0,0,,,0,,,,,
𰯔,10,0,0,,,0,,,,,
𰯕,10,0,0,,,0,,,,,
𰯖,10,0,0,,,0,,,,,
𰯗,10,0,0,,,0,,,,,
𰯘,10,0,0,,,0,,,,,
𰯙,10,0,0,,,0,,,,,
𰯚,10,0,0,,,0,,,,,
𰯛,10,0,0,,,0,,,,,
𰯜,10,0,0,,,0,,,,,
𰯝,10,0,0,,,0,,,,,
𰯞,10,0,0,,,0,,,,,
𰯟,10,0,0,,,0,,,,,
𰯠,10,0,0,,,0,,,,,
𰯡,10,0,0,,,0,,,,,
𰯢,10,0,0,,,0,,,,,
𰯣,10,0,0,,,0,,,,,
𰯤,10,0,0,,,0,,,,,
𰯥,10,0,0,,,0,,,,,
𰯦,10,0,0,,,0,,,,,
𰯧,10,0,0,,,0,,,,,
𰯨,10,0,0,,,0,,,,,
𰯩,10,0,0,,,0,,,,,
𰯪,10,0,0,,,0,,,,,
𰯫,10,0,0,,,0,,,,,
𰯬,10,0,0,,,0,,,,,
𰯭,10,0,0,,,0,,,,,
𰯮,10,0,0,,,0,,,,,
𰯯,10,0,0,,,0,,,,,
𰯰,10,0,0,,,0,,,,,
𰯱,10,0,0,,,0,,,,,
𰯲,10,0,0,,,0,,,,,
𰯳,10,0,0,,,0,,,,,
𰯴,10,0,0,,,0,,,,,
𰯵,10,0,0,,,0,,,,,
𰯶,10,0,0,,,0,,,,,
𰯷,10,0,0,,,0,,,,,
𰯸,10,0,0,,,0,,,,,
𰯹,10,0,0,,,0,,,,,
𰯺,10,0,0,,,0,,,,,
𰯻,10,0,0,,,0,,,,,
𰯼,10,0,0,,,0,,,,,
𰯽,10,0,0,,,0,,,,,
𰯾,10,0,0,,,0,,,,,
𰯿,10,0,0,,,0,,,,,
𰰀,10,0,0,,,0,,,,,
𰰁,10,0,0,,,0,,,,,
𰰂,10,0,0,,,0,,,,,
𰰃,10,0,0,,,0,,,,,
𰰄,10,0,0,,,0,,,,,
𰰅,10,0,0,,,0,,,,,
𰰆,10,0,0,,,0,,,,,
𰰇,10,0,0,,,0,,,,,
𰰈,10,0,0,,,0,,,,,
𰰉,10,0,0,,,0,,,,,
𰰊,10,0,0,,,0,,,,,
𰰋,10,0,0,,,0,,,,,
𰰌,10,0,0,,,0,,,,,
𰰍,10,0,0,,,0,,,,,
𰰎,10,0,0,,,0,,,,,
𰰏,10,0,0,,,0,,,,,
𰰐,10,0,0,,,0,,,,,
𰰑,10,0,0,,,0,,,,,
𰰒,10,0,0,,,0,,,,,
𰰓,10,0,0,,,0,,,,,
𰰔,10,0,0,,,0,,,,,
𰰕,10,0,0,,,0,,,,,
𰰖,10,0,0,,,0,,,,,
𰰗,10,0,0,,,0,,,,,
𰰘,10,0,0,,,0,,,,,
𰰙,10,0,0,,,0,,,,,
𰰚,10,0,0,,,0,,,,,
𰰛,10,0,0,,,0,,,,,
𰰜,10,0,0,,,0,,,,,
𰰝,10,0,0,,,0,,,,,
𰰞,10,0,0,,,0,,,,,
𰰟,10,0,0,,,0,,,,,
𰰠,10,0,0,,,0,,,,,
𰰡,10,0,0,,,0,,,,,
𰰢,10,0,0,,,0,,,,,
𰰣,10,0,0,,,0,,,,,
𰰤,10,0,0,,,0,,,,,
𰰥,10,0,0,,,0,,,,,
𰰦,10,0,0,,,0,,,,,
𰰧,10,0,0,,,0,,,,,
𰰨,10,0,0,,,0,,,,,
𰰩,10,0,0,,,0,,,,,
𰰪,10,0,0,,,0,,,,,
𰰫,10,0,0,,,0,,,,,
𰰬,10,0,0,,,0,,,,,
𰰭,10,0,0,,,0,,,,,
𰰮,10,0,0,,,0,,,,,
𰰯,10,0,0,,,0,,,,,
𰰰,10,0,0,,,0,,,,,
𰰱,10,0,0,,,0,,,,,
𰰲,10,0,0,,,0,,,,,
𰰳,10,0,0,,,0,,,,,
𰰴,10,0,0,,,0,,,,,
𰰵,10,0,0,,,0,,,,,
𰰶,10,0,0,,,0,,,,,
𰰷,10,0,0,,,0,,,,,
𰰸,10,0,0,,,0,,,,,
𰰹,10,0,0,,,0,,,,,
𰰺,10,0,0,,,0,,,,,
𰰻,10,0,0,,,0,,,,,
𰰼,10,0,0,,,0,,,,,
𰰽,10,0,0,,,0,,,,,
𰰾,10,0,0,,,0,,,,,
𰰿,10,0,0,,,0,,,,,
𰱀,10,0,0,,,0,,,,,
𰱁,10,0,0,,,0,,,,,
𰱂,10,0,0,,,0,,,,,
𰱃,10,0,0,,,0,,,,,
𰱄,10,0,0,,,0,,,,,
𰱅,10,0,0,,,0,,,,,
𰱆,10,0,0,,,0,,,,,
𰱇,10,0,0,,,0,,,,,
𰱈,10,0,0,,,0,,,,,
𰱉,10,0,0,,,0,,,,,
𰱊,10,0,0,,,0,,,,,
𰱋,10,0,0,,,0,,,,,
𰱌,10,0,0,,,0,,,,,
𰱍,10,0,0,,,0,,,,,
𰱎,10,0,0,,,0,,,,,
𰱏,10,0,0,,,0,,,,,
𰱐,10,0,0,,,0,,,,,
𰱑,10,0,0,,,0,,,,,
𰱒,10,0,0,,,0,,,,,
𰱓,10,0,0,,,0,,,,,
𰱔,10,0,0,,,0,,,,,
𰱕,10,0,0,,,0,,,,,
𰱖,10,0,0,,,0,,,,,
𰱗,10,0,0,,,0,,,,,
𰱘,10,0,0,,,0,,,,,
𰱙,10,0,0,,,0,,,,,
𰱚,10,0,0,,,0,,,,,
𰱛,10,0,0,,,0,,,,,
𰱜,10,0,0,,,0,,,,,
𰱝,10,0,0,,,0,,,,,
𰱞,10,0,0,,,0,,,,,
𰱟,10,0,0,,,0,,,,,
𰱠,10,0,0,,,0,,,,,
𰱡,10,0,0,,,0,,,,,
𰱢,10,0,0,,,0,,,,,
𰱣,10,0,0,,,0,,,,,
𰱤,10,0,0,,,0,,,,,
𰱥,10,0,0,,,0,,,,,
𰱦,10,0,0,,,0,,,,,
𰱧,10,0,0,,,0,,,,,
𰱨,10,0,0,,,0,,,,,
𰱩,10,0,0,,,0,,,,,
𰱪,10,0,0,,,0,,,,,
𰱫,10,0,0,,,0,,,,,
𰱬,10,0,0,,,0,,,,,
𰱭,10,0,0,,,0,,,,,
𰱮,10,0,0,,,0,,,,,
𰱯,10,0,0,,,0,,,,,
𰱰,10,0,0,,,0,,,,,
𰱱,10,0,0,,,0,,,,,
𰱲,10,0,0,,,0,,,,,
𰱳,10,0,0,,,0,,,,,
𰱴,10,0,0,,,0,,,,,
𰱵,10,0,0,,,0,,,,,
𰱶,10,0,0,,,0,,,,,
𰱷,10,0,0,,,0,,,,,
𰱸,10,0,0,,,0,,,,,
𰱹,10,0,0,,,0,,,,,
𰱺,10,0,0,,,0,,,,,
𰱻,10,0,0,,,0,,,,,
𰱼,10,0,0,,,0,,,,,
𰱽,10,0,0,,,0,,,,,
𰱾,10,0,0,,,0,,,,,
𰱿,10,0,0,,,0,,,,,
𰲀,10,0,0,,,0,,,,,
𰲁,10,0,0,,,0,,,,,
𰲂,10,0,0,,,0,,,,,
𰲃,10,0,0,,,0,,,,,
𰲄,10,0,0,,,0,,,,,
𰲅,10,0,0,,,0,,,,,
𰲆,10,0,0,,,0,,,,,
𰲇,10,0,0,,,0,,,,,
𰲈,10,0,0,,,0,,,,,
𰲉,10,0,0,,,0,,,,,
𰲊,10,0,0,,,0,,,,,
𰲋,10,0,0,,,0,,,,,
𰲌,10,0,0,,,0,,,,,
𰲍,10,0,0,,,0,,,,,
𰲎,10,0,0,,,0,,,,,
𰲏,10,0,0,,,0,,,,,
𰲐,10,0,0,,,0,,,,,
𰲑,10,0,0,,,0,,,,,
𰲒,10,0,0,,,0,,,,,
𰲓,10,0,0,,,0,,,,,
𰲔,10,0,0,,,0,,,,,
𰲕,10,0,0,,,0,,,,,
𰲖,10,0,0,,,0,,,,,
𰲗,10,0,0,,,0,,,,,
𰲘,10,0,0,,,0,,,,,
𰲙,10,0,0,,,0,,,,,
𰲚,10,0,0,,,0,,,,,
𰲛,10,0,0,,,0,,,,,
𰲜,10,0,0,,,0,,,,,
𰲝,10,0,0,,,0,,,,,
𰲞,10,0,0,,,0,,,,,
𰲟,10,0,0,,,0,,,,,
𰲠,10,0,0,,,0,,,,,
𰲡,10,0,0,,,0,,,,,
𰲢,10,0,0,,,0,,,,,
𰲣,10,0,0,,,0,,,,,
𰲤,10,0,0,,,0,,,,,
𰲥,10,0,0,,,0,,,,,
𰲦,10,0,0,,,0,,,,,
𰲧,10,0,0,,,0,,,,,
𰲨,10,0,0,,,0,,,,,
𰲩,10,0,0,,,0,,,,,
𰲪,10,0,0,,,0,,,,,
𰲫,10,0,0,,,0,,,,,
𰲬,10,0,0,,,0,,,,,
𰲭,10,0,0,,,0,,,,,
𰲮,10,0,0,,,0,,,,,
𰲯,10,0,0,,,0,,,,,
𰲰,10,0,0,,,0,,,,,
𰲱,10,0,0,,,0,,,,,
𰲲,10,0,0,,,0,,,,,
𰲳,10,0,0,,,0,,,,,
𰲴,10,0,0,,,0,,,,,
𰲵,10,0,0,,,0,,,,,
𰲶,10,0,0,,,0,,,,,
𰲷,10,0,0,,,0,,,,,
𰲸,10,0,0,,,0,,,,,
𰲹,10,0,0,,,0,,,,,
𰲺,10,0,0,,,0,,,,,
𰲻,10,0,0,,,0,,,,,
𰲼,10,0,0,,,0,,,,,
𰲽,10,0,0,,,0,,,,,
𰲾,10,0,0,,,0,,,,,
𰲿,10,0,0,,,0,,,,,
𰳀,10,0,0,,,0,,,,,
𰳁,10,0,0,,,0,,,,,
𰳂,10,0,0,,,0,,,,,
𰳃,10,0,0,,,0,,,,,
𰳄,10,0,0,,,0,,,,,
𰳅,10,0,0,,,0,,,,,
𰳆,10,0,0,,,0,,,,,
𰳇,10,0,0,,,0,,,,,
𰳈,10,0,0,,,0,,,,,
𰳉,10,0,0,,,0,,,,,
𰳊,10,0,0,,,0,,,,,
𰳋,10,0,0,,,0,,,,,
𰳌,10,0,0,,,0,,,,,
𰳍,10,0,0,,,0,,,,,
𰳎,10,0,0,,,0,,,,,
𰳏,10,0,0,,,0,,,,,
𰳐,10,0,0,,,0,,,,,
𰳑,10,0,0,,,0,,,,,
𰳒,10,0,0,,,0,,,,,
𰳓,10,0,0,,,0,,,,,
𰳔,10,0,0,,,0,,,,,
𰳕,10,0,0,,,0,,,,,
𰳖,10,0,0,,,0,,,,,
𰳗,10,0,0,,,0,,,,,
𰳘,10,0,0,,,0,,,,,
𰳙,10,0,0,,,0,,,,,
𰳚,10,0,0,,,0,,,,,
𰳛,10,0,0,,,0,,,,,
𰳜,10,0,0,,,0,,,,,
𰳝,10,0,0,,,0,,,,,
𰳞,10,0,0,,,0,,,,,
𰳟,10,0,0,,,0,,,,,
𰳠,10,0,0,,,0,,,,,
𰳡,10,0,0,,,0,,,,,
𰳢,10,0,0,,,0,,,,,
𰳣,10,0,0,,,0,,,,,
𰳤,10,0,0,,,0,,,,,
𰳥,10,0,0,,,0,,,,,
𰳦,10,0,0,,,0,,,,,
𰳧,10,0,0,,,0,,,,,
𰳨,10,0,0,,,0,,,,,
𰳩,10,0,0,,,0,,,,,
𰳪,10,0,0,,,0,,,,,
𰳫,10,0,0,,,0,,,,,
𰳬,10,0,0,,,0,,,,,
𰳭,10,0,0,,,0,,,,,
𰳮,10,0,0,,,0,,,,,
𰳯,10,0,0,,,0,,,,,
𰳰,10,0,0,,,0,,,,,
𰳱,10,0,0,,,0,,,,,
𰳲,10,0,0,,,0,,,,,
𰳳,10,0,0,,,0,,,,,
𰳴,10,0,0,,,0,,,,,
𰳵,10,0,0,,,0,,,,,
𰳶,10,0,0,,,0,,,,,
𰳷,10,0,0,,,0,,,,,
𰳸,10,0,0,,,0,,,,,
𰳹,10,0,0,,,0,,,,,
𰳺,10,0,0,,,0,,,,,
𰳻,10,0,0,,,0,,,,,
𰳼,10,0,0,,,0,,,,,
𰳽,10,0,0,,,0,,,,,
𰳾,10,0,0,,,0,,,,,
𰳿,10,0,0,,,0,,,,,
𰴀,10,0,0,,,0,,,,,
𰴁,10,0,0,,,0,,,,,
𰴂,10,0,0,,,0,,,,,
𰴃,10,0,0,,,0,,,,,
𰴄,10,0,0,,,0,,,,,
𰴅,10,0,0,,,0,,,,,
𰴆,10,0,0,,,0,,,,,
𰴇,10,0,0,,,0,,,,,
𰴈,10,0,0,,,0,,,,,
𰴉,10,0,0,,,0,,,,,
𰴊,10,0,0,,,0,,,,,
𰴋,10,0,0,,,0,,,,,
𰴌,10,0,0,,,0,,,,,
𰴍,10,0,0,,,0,,,,,
𰴎,10,0,0,,,0,,,,,
𰴏,10,0,0,,,0,,,,,
𰴐,10,0,0,,,0,,,,,
𰴑,10,0,0,,,0,,,,,
𰴒,10,0,0,,,0,,,,,
𰴓,10,0,0,,,0,,,,,
𰴔,10,0,0,,,0,,,,,
𰴕,10,0,0,,,0,,,,,
𰴖,10,0,0,,,0,,,,,
𰴗,10,0,0,,,0,,,,,
𰴘,10,0,0,,,0,,,,,
𰴙,10,0,0,,,0,,,,,
𰴚,10,0,0,,,0,,,,,
𰴛,10,0,0,,,0,,,,,
𰴜,10,0,0,,,0,,,,,
𰴝,10,0,0,,,0,,,,,
𰴞,10,0,0,,,0,,,,,
𰴟,10,0,0,,,0,,,,,
𰴠,10,0,0,,,0,,,,,
𰴡,10,0,0,,,0,,,,,
𰴢,10,0,0,,,0,,,,,
𰴣,10,0,0,,,0,,,,,
𰴤,10,0,0,,,0,,,,,
𰴥,10,0,0,,,0,,,,,
𰴦,10,0,0,,,0,,,,,
𰴧,10,0,0,,,0,,,,,
𰴨,10,0,0,,,0,,,,,
𰴩,10,0,0,,,0,,,,,
𰴪,10,0,0,,,0,,,,,
𰴫,10,0,0,,,0,,,,,
𰴬,10,0,0,,,0,,,,,
𰴭,10,0,0,,,0,,,,,
𰴮,10,0,0,,,0,,,,,
𰴯,10,0,0,,,0,,,,,
𰴰,10,0,0,,,0,,,,,
𰴱,10,0,0,,,0,,,,,
𰴲,10,0,0,,,0,,,,,
𰴳,10,0,0,,,0,,,,,
𰴴,10,0,0,,,0,,,,,
𰴵,10,0,0,,,0,,,,,
𰴶,10,0,0,,,0,,,,,
𰴷,10,0,0,,,0,,,,,
𰴸,10,0,0,,,0,,,,,
𰴹,10,0,0,,,0,,,,,
𰴺,10,0,0,,,0,,,,,
𰴻,10,0,0,,,0,,,,,
𰴼,10,0,0,,,0,,,,,
𰴽,10,0,0,,,0,,,,,
𰴾,10,0,0,,,0,,,,,
𰴿,10,0,0,,,0,,,,,
𰵀,10,0,0,,,0,,,,,
𰵁,10,0,0,,,0,,,,,
𰵂,10,0,0,,,0,,,,,
𰵃,10,0,0,,,0,,,,,
𰵄,10,0,0,,,0,,,,,
𰵅,10,0,0,,,0,,,,,
𰵆,10,0,0,,,0,,,,,
𰵇,10,0,0,,,0,,,,,
𰵈,10,0,0,,,0,,,,,
𰵉,10,0,0,,,0,,,,,
𰵊,10,0,0,,,0,,,,,
𰵋,10,0,0,,,0,,,,,
𰵌,10,0,0,,,0,,,,,
𰵍,10,0,0,,,0,,,,,
𰵎,10,0,0,,,0,,,,,
𰵏,10,0,0,,,0,,,,,
𰵐,10,0,0,,,0,,,,,
𰵑,10,0,0,,,0,,,,,
𰵒,10,0,0,,,0,,,,,
𰵓,10,0,0,,,0,,,,,
𰵔,10,0,0,,,0,,,,,
𰵕,10,0,0,,,0,,,,,
𰵖,10,0,0,,,0,,,,,
𰵗,10,0,0,,,0,,,,,
𰵘,10,0,0,,,0,,,,,
𰵙,10,0,0,,,0,,,,,
𰵚,10,0,0,,,0,,,,,
𰵛,10,0,0,,,0,,,,,
𰵜,10,0,0,,,0,,,,,
𰵝,10,0,0,,,0,,,,,
𰵞,10,0,0,,,0,,,,,
𰵟,10,0,0,,,0,,,,,
𰵠,10,0,0,,,0,,,,,
𰵡,10,0,0,,,0,,,,,
𰵢,10,0,0,,,0,,,,,
𰵣,10,0,0,,,0,,,,,
𰵤,10,0,0,,,0,,,,,
𰵥,10,0,0,,,0,,,,,
𰵦,10,0,0,,,0,,,,,
𰵧,10,0,0,,,0,,,,,
𰵨,10,0,0,,,0,,,,,
𰵩,10,0,0,,,0,,,,,
𰵪,10,0,0,,,0,,,,,
𰵫,10,0,0,,,0,,,,,
𰵬,10,0,0,,,0,,,,,
𰵭,10,0,0,,,0,,,,,
𰵮,10,0,0,,,0,,,,,
𰵯,10,0,0,,,0,,,,,
𰵰,10,0,0,,,0,,,,,
𰵱,10,0,0,,,0,,,,,
𰵲,10,0,0,,,0,,,,,
𰵳,10,0,0,,,0,,,,,
𰵴,10,0,0,,,0,,,,,
𰵵,10,0,0,,,0,,,,,
𰵶,10,0,0,,,0,,,,,
𰵷,10,0,0,,,0,,,,,
𰵸,10,0,0,,,0,,,,,
𰵹,10,0,0,,,0,,,,,
𰵺,10,0,0,,,0,,,,,
𰵻,10,0,0,,,0,,,,,
𰵼,10,0,0,,,0,,,,,
𰵽,10,0,0,,,0,,,,,
𰵾,10,0,0,,,0,,,,,
𰵿,10,0,0,,,0,,,,,
𰶀,10,0,0,,,0,,,,,
𰶁,10,0,0,,,0,,,,,
𰶂,10,0,0,,,0,,,,,
𰶃,10,0,0,,,0,,,,,
𰶄,10,0,0,,,0,,,,,
𰶅,10,0,0,,,0,,,,,
𰶆,10,0,0,,,0,,,,,
𰶇,10,0,0,,,0,,,,,
𰶈,10,0,0,,,0,,,,,
𰶉,10,0,0,,,0,,,,,
𰶊,10,0,0,,,0,,,,,
𰶋,10,0,0,,,0,,,,,
𰶌,10,0,0,,,0,,,,,
𰶍,10,0,0,,,0,,,,,
𰶎,10,0,0,,,0,,,,,
𰶏,10,0,0,,,0,,,,,
𰶐,10,0,0,,,0,,,,,
𰶑,10,0,0,,,0,,,,,
𰶒,10,0,0,,,0,,,,,
𰶓,10,0,0,,,0,,,,,
𰶔,10,0,0,,,0,,,,,
𰶕,10,0,0,,,0,,,,,
𰶖,10,0,0,,,0,,,,,
𰶗,10,0,0,,,0,,,,,
𰶘,10,0,0,,,0,,,,,
𰶙,10,0,0,,,0,,,,,
𰶚,10,0,0,,,0,,,,,
𰶛,10,0,0,,,0,,,,,
𰶜,10,0,0,,,0,,,,,
𰶝,10,0,0,,,0,,,,,
𰶞,10,0,0,,,0,,,,,
𰶟,10,0,0,,,0,,,,,
𰶠,10,0,0,,,0,,,,,
𰶡,10,0,0,,,0,,,,,
𰶢,10,0,0,,,0,,,,,
𰶣,10,0,0,,,0,,,,,
𰶤,10,0,0,,,0,,,,,
𰶥,10,0,0,,,0,,,,,
𰶦,10,0,0,,,0,,,,,
𰶧,10,0,0,,,0,,,,,
𰶨,10,0,0,,,0,,,,,
𰶩,10,0,0,,,0,,,,,
𰶪,10,0,0,,,0,,,,,
𰶫,10,0,0,,,0,,,,,
𰶬,10,0,0,,,0,,,,,
𰶭,10,0,0,,,0,,,,,
𰶮,10,0,0,,,0,,,,,
𰶯,10,0,0,,,0,,,,,
𰶰,10,0,0,,,0,,,,,
𰶱,10,0,0,,,0,,,,,
𰶲,10,0,0,,,0,,,,,
𰶳,10,0,0,,,0,,,,,
𰶴,10,0,0,,,0,,,,,
𰶵,10,0,0,,,0,,,,,
𰶶,10,0,0,,,0,,,,,
𰶷,10,0,0,,,0,,,,,
𰶸,10,0,0,,,0,,,,,
𰶹,10,0,0,,,0,,,,,
𰶺,10,0,0,,,0,,,,,
𰶻,10,0,0,,,0,,,,,
𰶼,10,0,0,,,0,,,,,
𰶽,10,0,0,,,0,,,,,
𰶾,10,0,0,,,0,,,,,
𰶿,10,0,0,,,0,,,,,
𰷀,10,0,0,,,0,,,,,
𰷁,10,0,0,,,0,,,,,
𰷂,10,0,0,,,0,,,,,
𰷃,10,0,0,,,0,,,,,
𰷄,10,0,0,,,0,,,,,
𰷅,10,0,0,,,0,,,,,
𰷆,10,0,0,,,0,,,,,
𰷇,10,0,0,,,0,,,,,
𰷈,10,0,0,,,0,,,,,
𰷉,10,0,0,,,0,,,,,
𰷊,10,0,0,,,0,,,,,
𰷋,10,0,0,,,0,,,,,
𰷌,10,0,0,,,0,,,,,
𰷍,10,0,0,,,0,,,,,
𰷎,10,0,0,,,0,,,,,
𰷏,10,0,0,,,0,,,,,
𰷐,10,0,0,,,0,,,,,
𰷑,10,0,0,,,0,,,,,
𰷒,10,0,0,,,0,,,,,
𰷓,10,0,0,,,0,,,,,
𰷔,10,0,0,,,0,,,,,
𰷕,10,0,0,,,0,,,,,
𰷖,10,0,0,,,0,,,,,
𰷗,10,0,0,,,0,,,,,
𰷘,10,0,0,,,0,,,,,
𰷙,10,0,0,,,0,,,,,
𰷚,10,0,0,,,0,,,,,
𰷛,10,0,0,,,0,,,,,
𰷜,10,0,0,,,0,,,,,
𰷝,10,0,0,,,0,,,,,
𰷞,10,0,0,,,0,,,,,
𰷟,10,0,0,,,0,,,,,
𰷠,10,0,0,,,0,,,,,
𰷡,10,0,0,,,0,,,,,
𰷢,10,0,0,,,0,,,,,
𰷣,10,0,0,,,0,,,,,
𰷤,10,0,0,,,0,,,,,
𰷥,10,0,0,,,0,,,,,
𰷦,10,0,0,,,0,,,,,
𰷧,10,0,0,,,0,,,,,
𰷨,10,0,0,,,0,,,,,
𰷩,10,0,0,,,0,,,,,
𰷪,10,0,0,,,0,,,,,
𰷫,10,0,0,,,0,,,,,
𰷬,10,0,0,,,0,,,,,
𰷭,10,0,0,,,0,,,,,
𰷮,10,0,0,,,0,,,,,
𰷯,10,0,0,,,0,,,,,
𰷰,10,0,0,,,0,,,,,
𰷱,10,0,0,,,0,,,,,
𰷲,10,0,0,,,0,,,,,
𰷳,10,0,0,,,0,,,,,
𰷴,10,0,0,,,0,,,,,
𰷵,10,0,0,,,0,,,,,
𰷶,10,0,0,,,0,,,,,
𰷷,10,0,0,,,0,,,,,
𰷸,10,0,0,,,0,,,,,
𰷹,10,0,0,,,0,,,,,
𰷺,10,0,0,,,0,,,,,
𰷻,10,0,0,,,0,,,,,
𰷼,10,0,0,,,0,,,,,
𰷽,10,0,0,,,0,,,,,
𰷾,10,0,0,,,0,,,,,
𰷿,10,0,0,,,0,,,,,
𰸀,10,0,0,,,0,,,,,
𰸁,10,0,0,,,0,,,,,
𰸂,10,0,0,,,0,,,,,
𰸃,10,0,0,,,0,,,,,
𰸄,10,0,0,,,0,,,,,
𰸅,10,0,0,,,0,,,,,
𰸆,10,0,0,,,0,,,,,
𰸇,10,0,0,,,0,,,,,
𰸈,10,0,0,,,0,,,,,
𰸉,10,0,0,,,0,,,,,
𰸊,10,0,0,,,0,,,,,
𰸋,10,0,0,,,0,,,,,
𰸌,10,0,0,,,0,,,,,
𰸍,10,0,0,,,0,,,,,
𰸎,10,0,0,,,0,,,,,
𰸏,10,0,0,,,0,,,,,
𰸐,10,0,0,,,0,,,,,
𰸑,10,0,0,,,0,,,,,
𰸒,10,0,0,,,0,,,,,
𰸓,10,0,0,,,0,,,,,
𰸔,10,0,0,,,0,,,,,
𰸕,10,0,0,,,0,,,,,
𰸖,10,0,0,,,0,,,,,
𰸗,10,0,0,,,0,,,,,
𰸘,10,0,0,,,0,,,,,
𰸙,10,0,0,,,0,,,,,
𰸚,10,0,0,,,0,,,,,
𰸛,10,0,0,,,0,,,,,
𰸜,10,0,0,,,0,,,,,
𰸝,10,0,0,,,0,,,,,
𰸞,10,0,0,,,0,,,,,
𰸟,10,0,0,,,0,,,,,
𰸠,10,0,0,,,0,,,,,
𰸡,10,0,0,,,0,,,,,
𰸢,10,0,0,,,0,,,,,
𰸣,10,0,0,,,0,,,,,
𰸤,10,0,0,,,0,,,,,
𰸥,10,0,0,,,0,,,,,
𰸦,10,0,0,,,0,,,,,
𰸧,10,0,0,,,0,,,,,
𰸨,10,0,0,,,0,,,,,
𰸩,10,0,0,,,0,,,,,
𰸪,10,0,0,,,0,,,,,
𰸫,10,0,0,,,0,,,,,
𰸬,10,0,0,,,0,,,,,
𰸭,10,0,0,,,0,,,,,
𰸮,10,0,0,,,0,,,,,
𰸯,10,0,0,,,0,,,,,
𰸰,10,0,0,,,0,,,,,
𰸱,10,0,0,,,0,,,,,
𰸲,10,0,0,,,0,,,,,
𰸳,10,0,0,,,0,,,,,
𰸴,10,0,0,,,0,,,,,
𰸵,10,0,0,,,0,,,,,
𰸶,10,0,0,,,0,,,,,
𰸷,10,0,0,,,0,,,,,
𰸸,10,0,0,,,0,,,,,
𰸹,10,0,0,,,0,,,,,
𰸺,10,0,0,,,0,,,,,
𰸻,10,0,0,,,0,,,,,
𰸼,10,0,0,,,0,,,,,
𰸽,10,0,0,,,0,,,,,
𰸾,10,0,0,,,0,,,,,
𰸿,10,0,0,,,0,,,,,
𰹀,10,0,0,,,0,,,,,
𰹁,10,0,0,,,0,,,,,
𰹂,10,0,0,,,0,,,,,
𰹃,10,0,0,,,0,,,,,
𰹄,10,0,0,,,0,,,,,
𰹅,10,0,0,,,0,,,,,
𰹆,10,0,0,,,0,,,,,
𰹇,10,0,0,,,0,,,,,
𰹈,10,0,0,,,0,,,,,
𰹉,10,0,0,,,0,,,,,
𰹊,10,0,0,,,0,,,,,
𰹋,10,0,0,,,0,,,,,
𰹌,10,0,0,,,0,,,,,
𰹍,10,0,0,,,0,,,,,
𰹎,10,0,0,,,0,,,,,
𰹏,10,0,0,,,0,,,,,
𰹐,10,0,0,,,0,,,,,
𰹑,10,0,0,,,0,,,,,
𰹒,10,0,0,,,0,,,,,
𰹓,10,0,0,,,0,,,,,
𰹔,10,0,0,,,0,,,,,
𰹕,10,0,0,,,0,,,,,
𰹖,10,0,0,,,0,,,,,
𰹗,10,0,0,,,0,,,,,
𰹘,10,0,0,,,0,,,,,
𰹙,10,0,0,,,0,,,,,
𰹚,10,0,0,,,0,,,,,
𰹛,10,0,0,,,0,,,,,
𰹜,10,0,0,,,0,,,,,
𰹝,10,0,0,,,0,,,,,
𰹞,10,0,0,,,0,,,,,
𰹟,10,0,0,,,0,,,,,
𰹠,10,0,0,,,0,,,,,
𰹡,10,0,0,,,0,,,,,
𰹢,10,0,0,,,0,,,,,
𰹣,10,0,0,,,0,,,,,
𰹤,10,0,0,,,0,,,,,
𰹥,10,0,0,,,0,,,,,
𰹦,10,0,0,,,0,,,,,
𰹧,10,0,0,,,0,,,,,
𰹨,10,0,0,,,0,,,,,
𰹩,10,0,0,,,0,,,,,
𰹪,10,0,0,,,0,,,,,
𰹫,10,0,0,,,0,,,,,
𰹬,10,0,0,,,0,,,,,
𰹭,10,0,0,,,0,,,,,
𰹮,10,0,0,,,0,,,,,
𰹯,10,0,0,,,0,,,,,
𰹰,10,0,0,,,0,,,,,
𰹱,10,0,0,,,0,,,,,
𰹲,10,0,0,,,0,,,,,
𰹳,10,0,0,,,0,,,,,
𰹴,10,0,0,,,0,,,,,
𰹵,10,0,0,,,0,,,,,
𰹶,10,0,0,,,0,,,,,
𰹷,10,0,0,,,0,,,,,
𰹸,10,0,0,,,0,,,,,
𰹹,10,0,0,,,0,,,,,
𰹺,10,0,0,,,0,,,,,
𰹻,10,0,0,,,0,,,,,
𰹼,10,0,0,,,0,,,,,
𰹽,10,0,0,,,0,,,,,
𰹾,10,0,0,,,0,,,,,
𰹿,10,0,0,,,0,,,,,
𰺀,10,0,0,,,0,,,,,
𰺁,10,0,0,,,0,,,,,
𰺂,10,0,0,,,0,,,,,
𰺃,10,0,0,,,0,,,,,
𰺄,10,0,0,,,0,,,,,
𰺅,10,0,0,,,0,,,,,
𰺆,10,0,0,,,0,,,,,
𰺇,10,0,0,,,0,,,,,
𰺈,10,0,0,,,0,,,,,
𰺉,10,0,0,,,0,,,,,
𰺊,10,0,0,,,0,,,,,
𰺋,10,0,0,,,0,,,,,
𰺌,10,0,0,,,0,,,,,
𰺍,10,0,0,,,0,,,,,
𰺎,10,0,0,,,0,,,,,
𰺏,10,0,0,,,0,,,,,
𰺐,10,0,0,,,0,,,,,
𰺑,10,0,0,,,0,,,,,
𰺒,10,0,0,,,0,,,,,
𰺓,10,0,0,,,0,,,,,
𰺔,10,0,0,,,0,,,,,
𰺕,10,0,0,,,0,,,,,
𰺖,10,0,0,,,0,,,,,
𰺗,10,0,0,,,0,,,,,
𰺘,10,0,0,,,0,,,,,
𰺙,10,0,0,,,0,,,,,
𰺚,10,0,0,,,0,,,,,
𰺛,10,0,0,,,0,,,,,
𰺜,10,0,0,,,0,,,,,
𰺝,10,0,0,,,0,,,,,
𰺞,10,0,0,,,0,,,,,
𰺟,10,0,0,,,0,,,,,
𰺠,10,0,0,,,0,,,,,
𰺡,10,0,0,,,0,,,,,
𰺢,10,0,0,,,0,,,,,
𰺣,10,0,0,,,0,,,,,
𰺤,10,0,0,,,0,,,,,
𰺥,10,0,0,,,0,,,,,
𰺦,10,0,0,,,0,,,,,
𰺧,10,0,0,,,0,,,,,
𰺨,10,0,0,,,0,,,,,
𰺩,10,0,0,,,0,,,,,
𰺪,10,0,0,,,0,,,,,
𰺫,10,0,0,,,0,,,,,
𰺬,10,0,0,,,0,,,,,
𰺭,10,0,0,,,0,,,,,
𰺮,10,0,0,,,0,,,,,
𰺯,10,0,0,,,0,,,,,
𰺰,10,0,0,,,0,,,,,
𰺱,10,0,0,,,0,,,,,
𰺲,10,0,0,,,0,,,,,
𰺳,10,0,0,,,0,,,,,
𰺴,10,0,0,,,0,,,,,
𰺵,10,0,0,,,0,,,,,
𰺶,10,0,0,,,0,,,,,
𰺷,10,0,0,,,0,,,,,
𰺸,10,0,0,,,0,,,,,
𰺹,10,0,0,,,0,,,,,
𰺺,10,0,0,,,0,,,,,
𰺻,10,0,0,,,0,,,,,
𰺼,10,0,0,,,0,,,,,
𰺽,10,0,0,,,0,,,,,
𰺾,10,0,0,,,0,,,,,
𰺿,10,0,0,,,0,,,,,
𰻀,10,0,0,,,0,,,,,
𰻁,10,0,0,,,0,,,,,
𰻂,10,0,0,,,0,,,,,
𰻃,10,0,0,,,0,,,,,
𰻄,10,0,0,,,0,,,,,
𰻅,10,0,0,,,0,,,,,
𰻆,10,0,0,,,0,,,,,
𰻇,10,0,0,,,0,,,,,
𰻈,10,0,0,,,0,,,,,
𰻉,10,0,0,,,0,,,,,
𰻊,10,0,0,,,0,,,,,
𰻋,10,0,0,,,0,,,,,
𰻌,10,0,0,,,0,,,,,
𰻍,10,0,0,,,0,,,,,
𰻎,10,0,0,,,0,,,,,
𰻏,10,0,0,,,0,,,,,
𰻐,10,0,0,,,0,,,,,
𰻑,10,0,0,,,0,,,,,
𰻒,10,0,0,,,0,,,,,
𰻓,10,0,0,,,0,,,,,
𰻔,10,0,0,,,0,,,,,
𰻕,10,0,0,,,0,,,,,
𰻖,10,0,0,,,0,,,,,
𰻗,10,0,0,,,0,,,,,
𰻘,10,0,0,,,0,,,,,
𰻙,10,0,0,,,0,,,,,
𰻚,10,0,0,,,0,,,,,
𰻛,10,0,0,,,0,,,,,
𰻜,10,0,0,,,0,,,,,
𰻝,10,0,0,,,0,,,,,
𰻞,10,0,0,,,0,,,,,
𰻟,10,0,0,,,0,,,,,
𰻠,10,0,0,,,0,,,,,
𰻡,10,0,0,,,0,,,,,
𰻢,10,0,0,,,0,,,,,
𰻣,10,0,0,,,0,,,,,
𰻤,10,0,0,,,0,,,,,
𰻥,10,0,0,,,0,,,,,
𰻦,10,0,0,,,0,,,,,
𰻧,10,0,0,,,0,,,,,
𰻨,10,0,0,,,0,,,,,
𰻩,10,0,0,,,0,,,,,
𰻪,10,0,0,,,0,,,,,
𰻫,10,0,0,,,0,,,,,
𰻬,10,0,0,,,0,,,,,
𰻭,10,0,0,,,0,,,,,
𰻮,10,0,0,,,0,,,,,
𰻯,10,0,0,,,0,,,,,
𰻰,10,0,0,,,0,,,,,
𰻱,10,0,0,,,0,,,,,
𰻲,10,0,0,,,0,,,,,
𰻳,10,0,0,,,0,,,,,
𰻴,10,0,0,,,0,,,,,
𰻵,10,0,0,,,0,,,,,
𰻶,10,0,0,,,0,,,,,
𰻷,10,0,0,,,0,,,,,
𰻸,10,0,0,,,0,,,,,
𰻹,10,0,0,,,0,,,,,
𰻺,10,0,0,,,0,,,,,
𰻻,10,0,0,,,0,,,,,
𰻼,10,0,0,,,0,,,,,
𰻽,10,0,0,,,0,,,,,
𰻾,10,0,0,,,0,,,,,
𰻿,10,0,0,,,0,,,,,
𰼀,10,0,0,,,0,,,,,
𰼁,10,0,0,,,0,,,,,
𰼂,10,0,0,,,0,,,,,
𰼃,10,0,0,,,0,,,,,
𰼄,10,0,0,,,0,,,,,
𰼅,10,0,0,,,0,,,,,
𰼆,10,0,0,,,0,,,,,
𰼇,10,0,0,,,0,,,,,
𰼈,10,0,0,,,0,,,,,
𰼉,10,0,0,,,0,,,,,
𰼊,10,0,0,,,0,,,,,
𰼋,10,0,0,,,0,,,,,
𰼌,10,0,0,,,0,,,,,
𰼍,10,0,0,,,0,,,,,
𰼎,10,0,0,,,0,,,,,
𰼏,10,0,0,,,0,,,,,
𰼐,10,0,0,,,0,,,,,
𰼑,10,0,0,,,0,,,,,
𰼒,10,0,0,,,0,,,,,
𰼓,10,0,0,,,0,,,,,
𰼔,10,0,0,,,0,,,,,
𰼕,10,0,0,,,0,,,,,
𰼖,10,0,0,,,0,,,,,
𰼗,10,0,0,,,0,,,,,
𰼘,10,0,0,,,0,,,,,
𰼙,10,0,0,,,0,,,,,
𰼚,10,0,0,,,0,,,,,
𰼛,10,0,0,,,0,,,,,
𰼜,10,0,0,,,0,,,,,
𰼝,10,0,0,,,0,,,,,
𰼞,10,0,0,,,0,,,,,
𰼟,10,0,0,,,0,,,,,
𰼠,10,0,0,,,0,,,,,
𰼡,10,0,0,,,0,,,,,
𰼢,10,0,0,,,0,,,,,
𰼣,10,0,0,,,0,,,,,
𰼤,10,0,0,,,0,,,,,
𰼥,10,0,0,,,0,,,,,
𰼦,10,0,0,,,0,,,,,
𰼧,10,0,0,,,0,,,,,
𰼨,10,0,0,,,0,,,,,
𰼩,10,0,0,,,0,,,,,
𰼪,10,0,0,,,0,,,,,
𰼫,10,0,0,,,0,,,,,
𰼬,10,0,0,,,0,,,,,
𰼭,10,0,0,,,0,,,,,
𰼮,10,0,0,,,0,,,,,
𰼯,10,0,0,,,0,,,,,
𰼰,10,0,0,,,0,,,,,
𰼱,10,0,0,,,0,,,,,
𰼲,10,0,0,,,0,,,,,
𰼳,10,0,0,,,0,,,,,
𰼴,10,0,0,,,0,,,,,
𰼵,10,0,0,,,0,,,,,
𰼶,10,0,0,,,0,,,,,
𰼷,10,0,0,,,0,,,,,
𰼸,10,0,0,,,0,,,,,
𰼹,10,0,0,,,0,,,,,
𰼺,10,0,0,,,0,,,,,
𰼻,10,0,0,,,0,,,,,
𰼼,10,0,0,,,0,,,,,
𰼽,10,0,0,,,0,,,,,
𰼾,10,0,0,,,0,,,,,
𰼿,10,0,0,,,0,,,,,
𰽀,10,0,0,,,0,,,,,
𰽁,10,0,0,,,0,,,,,
𰽂,10,0,0,,,0,,,,,
𰽃,10,0,0,,,0,,,,,
𰽄,10,0,0,,,0,,,,,
𰽅,10,0,0,,,0,,,,,
𰽆,10,0,0,,,0,,,,,
𰽇,10,0,0,,,0,,,,,
𰽈,10,0,0,,,0,,,,,
𰽉,10,0,0,,,0,,,,,
𰽊,10,0,0,,,0,,,,,
𰽋,10,0,0,,,0,,,,,
𰽌,10,0,0,,,0,,,,,
𰽍,10,0,0,,,0,,,,,
𰽎,10,0,0,,,0,,,,,
𰽏,10,0,0,,,0,,,,,
𰽐,10,0,0,,,0,,,,,
𰽑,10,0,0,,,0,,,,,
𰽒,10,0,0,,,0,,,,,
𰽓,10,0,0,,,0,,,,,
𰽔,10,0,0,,,0,,,,,
𰽕,10,0,0,,,0,,,,,
𰽖,10,0,0,,,0,,,,,
𰽗,10,0,0,,,0,,,,,
𰽘,10,0,0,,,0,,,,,
𰽙,10,0,0,,,0,,,,,
𰽚,10,0,0,,,0,,,,,
𰽛,10,0,0,,,0,,,,,
𰽜,10,0,0,,,0,,,,,
𰽝,10,0,0,,,0,,,,,
𰽞,10,0,0,,,0,,,,,
𰽟,10,0,0,,,0,,,,,
𰽠,10,0,0,,,0,,,,,
𰽡,10,0,0,,,0,,,,,
𰽢,10,0,0,,,0,,,,,
𰽣,10,0,0,,,0,,,,,
𰽤,10,0,0,,,0,,,,,
𰽥,10,0,0,,,0,,,,,
𰽦,10,0,0,,,0,,,,,
𰽧,10,0,0,,,0,,,,,
𰽨,10,0,0,,,0,,,,,
𰽩,10,0,0,,,0,,,,,
𰽪,10,0,0,,,0,,,,,
𰽫,10,0,0,,,0,,,,,
𰽬,10,0,0,,,0,,,,,
𰽭,10,0,0,,,0,,,,,
𰽮,10,0,0,,,0,,,,,
𰽯,10,0,0,,,0,,,,,
𰽰,10,0,0,,,0,,,,,
𰽱,10,0,0,,,0,,,,,
𰽲,10,0,0,,,0,,,,,
𰽳,10,0,0,,,0,,,,,
𰽴,10,0,0,,,0,,,,,
𰽵,10,0,0,,,0,,,,,
𰽶,10,0,0,,,0,,,,,
𰽷,10,0,0,,,0,,,,,
𰽸,10,0,0,,,0,,,,,
𰽹,10,0,0,,,0,,,,,
𰽺,10,0,0,,,0,,,,,
𰽻,10,0,0,,,0,,,,,
𰽼,10,0,0,,,0,,,,,
𰽽,10,0,0,,,0,,,,,
𰽾,10,0,0,,,0,,,,,
𰽿,10,0,0,,,0,,,,,
𰾀,10,0,0,,,0,,,,,
𰾁,10,0,0,,,0,,,,,
𰾂,10,0,0,,,0,,,,,
𰾃,10,0,0,,,0,,,,,
𰾄,10,0,0,,,0,,,,,
𰾅,10,0,0,,,0,,,,,
𰾆,10,0,0,,,0,,,,,
𰾇,10,0,0,,,0,,,,,
𰾈,10,0,0,,,0,,,,,
𰾉,10,0,0,,,0,,,,,
𰾊,10,0,0,,,0,,,,,
𰾋,10,0,0,,,0,,,,,
𰾌,10,0,0,,,0,,,,,
𰾍,10,0,0,,,0,,,,,
𰾎,10,0,0,,,0,,,,,
𰾏,10,0,0,,,0,,,,,
𰾐,10,0,0,,,0,,,,,
𰾑,10,0,0,,,0,,,,,
𰾒,10,0,0,,,0,,,,,
𰾓,10,0,0,,,0,,,,,
𰾔,10,0,0,,,0,,,,,
𰾕,10,0,0,,,0,,,,,
𰾖,10,0,0,,,0,,,,,
𰾗,10,0,0,,,0,,,,,
𰾘,10,0,0,,,0,,,,,
𰾙,10,0,0,,,0,,,,,
𰾚,10,0,0,,,0,,,,,
𰾛,10,0,0,,,0,,,,,
𰾜,10,0,0,,,0,,,,,
𰾝,10,0,0,,,0,,,,,
𰾞,10,0,0,,,0,,,,,
𰾟,10,0,0,,,0,,,,,
𰾠,10,0,0,,,0,,,,,
𰾡,10,0,0,,,0,,,,,
𰾢,10,0,0,,,0,,,,,
𰾣,10,0,0,,,0,,,,,
𰾤,10,0,0,,,0,,,,,
𰾥,10,0,0,,,0,,,,,
𰾦,10,0,0,,,0,,,,,
𰾧,10,0,0,,,0,,,,,
𰾨,10,0,0,,,0,,,,,
𰾩,10,0,0,,,0,,,,,
𰾪,10,0,0,,,0,,,,,
𰾫,10,0,0,,,0,,,,,
𰾬,10,0,0,,,0,,,,,
𰾭,10,0,0,,,0,,,,,
𰾮,10,0,0,,,0,,,,,
𰾯,10,0,0,,,0,,,,,
𰾰,10,0,0,,,0,,,,,
𰾱,10,0,0,,,0,,,,,
𰾲,10,0,0,,,0,,,,,
𰾳,10,0,0,,,0,,,,,
𰾴,10,0,0,,,0,,,,,
𰾵,10,0,0,,,0,,,,,
𰾶,10,0,0,,,0,,,,,
𰾷,10,0,0,,,0,,,,,
𰾸,10,0,0,,,0,,,,,
𰾹,10,0,0,,,0,,,,,
𰾺,10,0,0,,,0,,,,,
𰾻,10,0,0,,,0,,,,,
𰾼,10,0,0,,,0,,,,,
𰾽,10,0,0,,,0,,,,,
𰾾,10,0,0,,,0,,,,,
𰾿,10,0,0,,,0,,,,,
𰿀,10,0,0,,,0,,,,,
𰿁,10,0,0,,,0,,,,,
𰿂,10,0,0,,,0,,,,,
𰿃,10,0,0,,,0,,,,,
𰿄,10,0,0,,,0,,,,,
𰿅,10,0,0,,,0,,,,,
𰿆,10,0,0,,,0,,,,,
𰿇,10,0,0,,,0,,,,,
𰿈,10,0,0,,,0,,,,,
𰿉,10,0,0,,,0,,,,,
𰿊,10,0,0,,,0,,,,,
𰿋,10,0,0,,,0,,,,,
𰿌,10,0,0,,,0,,,,,
𰿍,10,0,0,,,0,,,,,
𰿎,10,0,0,,,0,,,,,
𰿏,10,0,0,,,0,,,,,
𰿐,10,0,0,,,0,,,,,
𰿑,10,0,0,,,0,,,,,
𰿒,10,0,0,,,0,,,,,
𰿓,10,0,0,,,0,,,,,
𰿔,10,0,0,,,0,,,,,
𰿕,10,0,0,,,0,,,,,
𰿖,10,0,0,,,0,,,,,
𰿗,10,0,0,,,0,,,,,
𰿘,10,0,0,,,0,,,,,
𰿙,10,0,0,,,0,,,,,
𰿚,10,0,0,,,0,,,,,
𰿛,10,0,0,,,0,,,,,
𰿜,10,0,0,,,0,,,,,
𰿝,10,0,0,,,0,,,,,
𰿞,10,0,0,,,0,,,,,
𰿟,10,0,0,,,0,,,,,
𰿠,10,0,0,,,0,,,,,
𰿡,10,0,0,,,0,,,,,
𰿢,10,0,0,,,0,,,,,
𰿣,10,0,0,,,0,,,,,
𰿤,10,0,0,,,0,,,,,
𰿥,10,0,0,,,0,,,,,
𰿦,10,0,0,,,0,,,,,
𰿧,10,0,0,,,0,,,,,
𰿨,10,0,0,,,0,,,,,
𰿩,10,0,0,,,0,,,,,
𰿪,10,0,0,,,0,,,,,
𰿫,10,0,0,,,0,,,,,
𰿬,10,0,0,,,0,,,,,
𰿭,10,0,0,,,0,,,,,
𰿮,10,0,0,,,0,,,,,
𰿯,10,0,0,,,0,,,,,
𰿰,10,0,0,,,0,,,,,
𰿱,10,0,0,,,0,,,,,
𰿲,10,0,0,,,0,,,,,
𰿳,10,0,0,,,0,,,,,
𰿴,10,0,0,,,0,,,,,
𰿵,10,0,0,,,0,,,,,
𰿶,10,0,0,,,0,,,,,
𰿷,10,0,0,,,0,,,,,
𰿸,10,0,0,,,0,,,,,
𰿹,10,0,0,,,0,,,,,
𰿺,10,0,0,,,0,,,,,
𰿻,10,0,0,,,0,,,,,
𰿼,10,0,0,,,0,,,,,
𰿽,10,0,0,,,0,,,,,
𰿾,10,0,0,,,0,,,,,
𰿿,10,0,0,,,0,,,,,
𱀀,10,0,0,,,0,,,,,
𱀁,10,0,0,,,0,,,,,
𱀂,10,0,0,,,0,,,,,
𱀃,10,0,0,,,0,,,,,
𱀄,10,0,0,,,0,,,,,
𱀅,10,0,0,,,0,,,,,
𱀆,10,0,0,,,0,,,,,
𱀇,10,0,0,,,0,,,,,
𱀈,10,0,0,,,0,,,,,
𱀉,10,0,0,,,0,,,,,
𱀊,10,0,0,,,0,,,,,
𱀋,10,0,0,,,0,,,,,
𱀌,10,0,0,,,0,,,,,
𱀍,10,0,0,,,0,,,,,
𱀎,10,0,0,,,0,,,,,
𱀏,10,0,0,,,0,,,,,
𱀐,10,0,0,,,0,,,,,
𱀑,10,0,0,,,0,,,,,
𱀒,10,0,0,,,0,,,,,
𱀓,10,0,0,,,0,,,,,
𱀔,10,0,0,,,0,,,,,
𱀕,10,0,0,,,0,,,,,
𱀖,10,0,0,,,0,,,,,
𱀗,10,0,0,,,0,,,,,
𱀘,10,0,0,,,0,,,,,
𱀙,10,0,0,,,0,,,,,
𱀚,10,0,0,,,0,,,,,
𱀛,10,0,0,,,0,,,,,
𱀜,10,0,0,,,0,,,,,
𱀝,10,0,0,,,0,,,,,
𱀞,10,0,0,,,0,,,,,
𱀟,10,0,0,,,0,,,,,
𱀠,10,0,0,,,0,,,,,
𱀡,10,0,0,,,0,,,,,
𱀢,10,0,0,,,0,,,,,
𱀣,10,0,0,,,0,,,,,
𱀤,10,0,0,,,0,,,,,
𱀥,10,0,0,,,0,,,,,
𱀦,10,0,0,,,0,,,,,
𱀧,10,0,0,,,0,,,,,
𱀨,10,0,0,,,0,,,,,
𱀩,10,0,0,,,0,,,,,
𱀪,10,0,0,,,0,,,,,
𱀫,10,0,0,,,0,,,,,
𱀬,10,0,0,,,0,,,,,
𱀭,10,0,0,,,0,,,,,
𱀮,10,0,0,,,0,,,,,
𱀯,10,0,0,,,0,,,,,
𱀰,10,0,0,,,0,,,,,
𱀱,10,0,0,,,0,,,,,
𱀲,10,0,0,,,0,,,,,
𱀳,10,0,0,,,0,,,,,
𱀴,10,0,0,,,0,,,,,
𱀵,10,0,0,,,0,,,,,
𱀶,10,0,0,,,0,,,,,
𱀷,10,0,0,,,0,,,,,
𱀸,10,0,0,,,0,,,,,
𱀹,10,0,0,,,0,,,,,
𱀺,10,0,0,,,0,,,,,
𱀻,10,0,0,,,0,,,,,
𱀼,10,0,0,,,0,,,,,
𱀽,10,0,0,,,0,,,,,
𱀾,10,0,0,,,0,,,,,
𱀿,10,0,0,,,0,,,,,
𱁀,10,0,0,,,0,,,,,
𱁁,10,0,0,,,0,,,,,
𱁂,10,0,0,,,0,,,,,
𱁃,10,0,0,,,0,,,,,
𱁄,10,0,0,,,0,,,,,
𱁅,10,0,0,,,0,,,,,
𱁆,10,0,0,,,0,,,,,
𱁇,10,0,0,,,0,,,,,
𱁈,10,0,0,,,0,,,,,
𱁉,10,0,0,,,0,,,,,
𱁊,10,0,0,,,0,,,,,
𱁋,10,0,0,,,0,,,,,
𱁌,10,0,0,,,0,,,,,
𱁍,10,0,0,,,0,,,,,
𱁎,10,0,0,,,0,,,,,
𱁏,10,0,0,,,0,,,,,
𱁐,10,0,0,,,0,,,,,
𱁑,10,0,0,,,0,,,,,
𱁒,10,0,0,,,0,,,,,
𱁓,10,0,0,,,0,,,,,
𱁔,10,0,0,,,0,,,,,
𱁕,10,0,0,,,0,,,,,
𱁖,10,0,0,,,0,,,,,
𱁗,10,0,0,,,0,,,,,
𱁘,10,0,0,,,0,,,,,
𱁙,10,0,0,,,0,,,,,
𱁚,10,0,0,,,0,,,,,
𱁛,10,0,0,,,0,,,,,
𱁜,10,0,0,,,0,,,,,
𱁝,10,0,0,,,0,,,,,
𱁞,10,0,0,,,0,,,,,
𱁟,10,0,0,,,0,,,,,
𱁠,10,0,0,,,0,,,,,
𱁡,10,0,0,,,0,,,,,
𱁢,10,0,0,,,0,,,,,
𱁣,10,0,0,,,0,,,,,
𱁤,10,0,0,,,0,,,,,
𱁥,10,0,0,,,0,,,,,
𱁦,10,0,0,,,0,,,,,
𱁧,10,0,0,,,0,,,,,
𱁨,10,0,0,,,0,,,,,
𱁩,10,0,0,,,0,,,,,
𱁪,10,0,0,,,0,,,,,
𱁫,10,0,0,,,0,,,,,
𱁬,10,0,0,,,0,,,,,
𱁭,10,0,0,,,0,,,,,
𱁮,10,0,0,,,0,,,,,
𱁯,10,0,0,,,0,,,,,
𱁰,10,0,0,,,0,,,,,
𱁱,10,0,0,,,0,,,,,
𱁲,10,0,0,,,0,,,,,
𱁳,10,0,0,,,0,,,,,
𱁴,10,0,0,,,0,,,,,
𱁵,10,0,0,,,0,,,,,
𱁶,10,0,0,,,0,,,,,
𱁷,10,0,0,,,0,,,,,
𱁸,10,0,0,,,0,,,,,
𱁹,10,0,0,,,0,,,,,
𱁺,10,0,0,,,0,,,,,
𱁻,10,0,0,,,0,,,,,
𱁼,10,0,0,,,0,,,,,
𱁽,10,0,0,,,0,,,,,
𱁾,10,0,0,,,0,,,,,
𱁿,10,0,0,,,0,,,,,
𱂀,10,0,0,,,0,,,,,
𱂁,10,0,0,,,0,,,,,
𱂂,10,0,0,,,0,,,,,
𱂃,10,0,0,,,0,,,,,
𱂄,10,0,0,,,0,,,,,
𱂅,10,0,0,,,0,,,,,
𱂆,10,0,0,,,0,,,,,
𱂇,10,0,0,,,0,,,,,
𱂈,10,0,0,,,0,,,,,
𱂉,10,0,0,,,0,,,,,
𱂊,10,0,0,,,0,,,,,
𱂋,10,0,0,,,0,,,,,
𱂌,10,0,0,,,0,,,,,
𱂍,10,0,0,,,0,,,,,
𱂎,10,0,0,,,0,,,,,
𱂏,10,0,0,,,0,,,,,
𱂐,10,0,0,,,0,,,,,
𱂑,10,0,0,,,0,,,,,
𱂒,10,0,0,,,0,,,,,
𱂓,10,0,0,,,0,,,,,
𱂔,10,0,0,,,0,,,,,
𱂕,10,0,0,,,0,,,,,
𱂖,10,0,0,,,0,,,,,
𱂗,10,0,0,,,0,,,,,
𱂘,10,0,0,,,0,,,,,
𱂙,10,0,0,,,0,,,,,
𱂚,10,0,0,,,0,,,,,
𱂛,10,0,0,,,0,,,,,
𱂜,10,0,0,,,0,,,,,
𱂝,10,0,0,,,0,,,,,
𱂞,10,0,0,,,0,,,,,
𱂟,10,0,0,,,0,,,,,
𱂠,10,0,0,,,0,,,,,
𱂡,10,0,0,,,0,,,,,
𱂢,10,0,0,,,0,,,,,
𱂣,10,0,0,,,0,,,,,
𱂤,10,0,0,,,0,,,,,
𱂥,10,0,0,,,0,,,,,
𱂦,10,0,0,,,0,,,,,
𱂧,10,0,0,,,0,,,,,
𱂨,10,0,0,,,0,,,,,
𱂩,10,0,0,,,0,,,,,
𱂪,10,0,0,,,0,,,,,
𱂫,10,0,0,,,0,,,,,
𱂬,10,0,0,,,0,,,,,
𱂭,10,0,0,,,0,,,,,
𱂮,10,0,0,,,0,,,,,
𱂯,10,0,0,,,0,,,,,
𱂰,10,0,0,,,0,,,,,
𱂱,10,0,0,,,0,,,,,
𱂲,10,0,0,,,0,,,,,
𱂳,10,0,0,,,0,,,,,
𱂴,10,0,0,,,0,,,,,
𱂵,10,0,0,,,0,,,,,
𱂶,10,0,0,,,0,,,,,
𱂷,10,0,0,,,0,,,,,
𱂸,10,0,0,,,0,,,,,
𱂹,10,0,0,,,0,,,,,
𱂺,10,0,0,,,0,,,,,
𱂻,10,0,0,,,0,,,,,
𱂼,10,0,0,,,0,,,,,
𱂽,10,0,0,,,0,,,,,
𱂾,10,0,0,,,0,,,,,
𱂿,10,0,0,,,0,,,,,
𱃀,10,0,0,,,0,,,,,
𱃁,10,0,0,,,0,,,,,
𱃂,10,0,0,,,0,,,,,
𱃃,10,0,0,,,0,,,,,
𱃄,10,0,0,,,0,,,,,
𱃅,10,0,0,,,0,,,,,
𱃆,10,0,0,,,0,,,,,
𱃇,10,0,0,,,0,,,,,
𱃈,10,0,0,,,0,,,,,
𱃉,10,0,0,,,0,,,,,
𱃊,10,0,0,,,0,,,,,
𱃋,10,0,0,,,0,,,,,
𱃌,10,0,0,,,0,,,,,
𱃍,10,0,0,,,0,,,,,
𱃎,10,0,0,,,0,,,,,
𱃏,10,0,0,,,0,,,,,
𱃐,10,0,0,,,0,,,,,
𱃑,10,0,0,,,0,,,,,
𱃒,10,0,0,,,0,,,,,
𱃓,10,0,0,,,0,,,,,
𱃔,10,0,0,,,0,,,,,
𱃕,10,0,0,,,0,,,,,
𱃖,10,0,0,,,0,,,,,
𱃗,10,0,0,,,0,,,,,
𱃘,10,0,0,,,0,,,,,
𱃙,10,0,0,,,0,,,,,
𱃚,10,0,0,,,0,,,,,
𱃛,10,0,0,,,0,,,,,
𱃜,10,0,0,,,0,,,,,
𱃝,10,0,0,,,0,,,,,
𱃞,10,0,0,,,0,,,,,
𱃟,10,0,0,,,0,,,,,
𱃠,10,0,0,,,0,,,,,
𱃡,10,0,0,,,0,,,,,
𱃢,10,0,0,,,0,,,,,
𱃣,10,0,0,,,0,,,,,
𱃤,10,0,0,,,0,,,,,
𱃥,10,0,0,,,0,,,,,
𱃦,10,0,0,,,0,,,,,
𱃧,10,0,0,,,0,,,,,
𱃨,10,0,0,,,0,,,,,
𱃩,10,0,0,,,0,,,,,
𱃪,10,0,0,,,0,,,,,
𱃫,10,0,0,,,0,,,,,
𱃬,10,0,0,,,0,,,,,
𱃭,10,0,0,,,0,,,,,
𱃮,10,0,0,,,0,,,,,
𱃯,10,0,0,,,0,,,,,
𱃰,10,0,0,,,0,,,,,
𱃱,10,0,0,,,0,,,,,
𱃲,10,0,0,,,0,,,,,
𱃳,10,0,0,,,0,,,,,
𱃴,10,0,0,,,0,,,,,
𱃵,10,0,0,,,0,,,,,
𱃶,10,0,0,,,0,,,,,
𱃷,10,0,0,,,0,,,,,
𱃸,10,0,0,,,0,,,,,
𱃹,10,0,0,,,0,,,,,
𱃺,10,0,0,,,0,,,,,
𱃻,10,0,0,,,0,,,,,
𱃼,10,0,0,,,0,,,,,
𱃽,10,0,0,,,0,,,,,
𱃾,10,0,0,,,0,,,,,
𱃿,10,0,0,,,0,,,,,
𱄀,10,0,0,,,0,,,,,
𱄁,10,0,0,,,0,,,,,
𱄂,10,0,0,,,0,,,,,
𱄃,10,0,0,,,0,,,,,
𱄄,10,0,0,,,0,,,,,
𱄅,10,0,0,,,0,,,,,
𱄆,10,0,0,,,0,,,,,
𱄇,10,0,0,,,0,,,,,
𱄈,10,0,0,,,0,,,,,
𱄉,10,0,0,,,0,,,,,
𱄊,10,0,0,,,0,,,,,
𱄋,10,0,0,,,0,,,,,
𱄌,10,0,0,,,0,,,,,
𱄍,10,0,0,,,0,,,,,
𱄎,10,0,0,,,0,,,,,
𱄏,10,0,0,,,0,,,,,
𱄐,10,0,0,,,0,,,,,
𱄑,10,0,0,,,0,,,,,
𱄒,10,0,0,,,0,,,,,
𱄓,10,0,0,,,0,,,,,
𱄔,10,0,0,,,0,,,,,
𱄕,10,0,0,,,0,,,,,
𱄖,10,0,0,,,0,,,,,
𱄗,10,0,0,,,0,,,,,
𱄘,10,0,0,,,0,,,,,
𱄙,10,0,0,,,0,,,,,
𱄚,10,0,0,,,0,,,,,
𱄛,10,0,0,,,0,,,,,
𱄜,10,0,0,,,0,,,,,
𱄝,10,0,0,,,0,,,,,
𱄞,10,0,0,,,0,,,,,
𱄟,10,0,0,,,0,,,,,
𱄠,10,0,0,,,0,,,,,
𱄡,10,0,0,,,0,,,,,
𱄢,10,0,0,,,0,,,,,
𱄣,10,0,0,,,0,,,,,
𱄤,10,0,0,,,0,,,,,
𱄥,10,0,0,,,0,,,,,
𱄦,10,0,0,,,0,,,,,
𱄧,10,0,0,,,0,,,,,
𱄨,10,0,0,,,0,,,,,
𱄩,10,0,0,,,0,,,,,
𱄪,10,0,0,,,0,,,,,
𱄫,10,0,0,,,0,,,,,
𱄬,10,0,0,,,0,,,,,
𱄭,10,0,0,,,0,,,,,
𱄮,10,0,0,,,0,,,,,
𱄯,10,0,0,,,0,,,,,
𱄰,10,0,0,,,0,,,,,
𱄱,10,0,0,,,0,,,,,
𱄲,10,0,0,,,0,,,,,
𱄳,10,0,0,,,0,,,,,
𱄴,10,0,0,,,0,,,,,
𱄵,10,0,0,,,0,,,,,
𱄶,10,0,0,,,0,,,,,
𱄷,10,0,0,,,0,,,,,
𱄸,10,0,0,,,0,,,,,
𱄹,10,0,0,,,0,,,,,
𱄺,10,0,0,,,0,,,,,
𱄻,10,0,0,,,0,,,,,
𱄼,10,0,0,,,0,,,,,
𱄽,10,0,0,,,0,,,,,
𱄾,10,0,0,,,0,,,,,
𱄿,10,0,0,,,0,,,,,
𱅀,10,0,0,,,0,,,,,
𱅁,10,0,0,,,0,,,,,
𱅂,10,0,0,,,0,,,,,
𱅃,10,0,0,,,0,,,,,
𱅄,10,0,0,,,0,,,,,
𱅅,10,0,0,,,0,,,,,
𱅆,10,0,0,,,0,,,,,
𱅇,10,0,0,,,0,,,,,
𱅈,10,0,0,,,0,,,,,
𱅉,10,0,0,,,0,,,,,
𱅊,10,0,0,,,0,,,,,
𱅋,10,0,0,,,0,,,,,
𱅌,10,0,0,,,0,,,,,
𱅍,10,0,0,,,0,,,,,
𱅎,10,0,0,,,0,,,,,
𱅏,10,0,0,,,0,,,,,
𱅐,10,0,0,,,0,,,,,
𱅑,10,0,0,,,0,,,,,
𱅒,10,0,0,,,0,,,,,
𱅓,10,0,0,,,0,,,,,
𱅔,10,0,0,,,0,,,,,
𱅕,10,0,0,,,0,,,,,
𱅖,10,0,0,,,0,,,,,
𱅗,10,0,0,,,0,,,,,
𱅘,10,0,0,,,0,,,,,
𱅙,10,0,0,,,0,,,,,
𱅚,10,0,0,,,0,,,,,
𱅛,10,0,0,,,0,,,,,
𱅜,10,0,0,,,0,,,,,
𱅝,10,0,0,,,0,,,,,
𱅞,10,0,0,,,0,,,,,
𱅟,10,0,0,,,0,,,,,
𱅠,10,0,0,,,0,,,,,
𱅡,10,0,0,,,0,,,,,
𱅢,10,0,0,,,0,,,,,
𱅣,10,0,0,,,0,,,,,
𱅤,10,0,0,,,0,,,,,
𱅥,10,0,0,,,0,,,,,
𱅦,10,0,0,,,0,,,,,
𱅧,10,0,0,,,0,,,,,
𱅨,10,0,0,,,0,,,,,
𱅩,10,0,0,,,0,,,,,
𱅪,10,0,0,,,0,,,,,
𱅫,10,0,0,,,0,,,,,
𱅬,10,0,0,,,0,,,,,
𱅭,10,0,0,,,0,,,,,
𱅮,10,0,0,,,0,,,,,
𱅯,10,0,0,,,0,,,,,
𱅰,10,0,0,,,0,,,,,
𱅱,10,0,0,,,0,,,,,
𱅲,10,0,0,,,0,,,,,
𱅳,10,0,0,,,0,,,,,
𱅴,10,0,0,,,0,,,,,
𱅵,10,0,0,,,0,,,,,
𱅶,10,0,0,,,0,,,,,
𱅷,10,0,0,,,0,,,,,
𱅸,10,0,0,,,0,,,,,
𱅹,10,0,0,,,0,,,,,
𱅺,10,0,0,,,0,,,,,
𱅻,10,0,0,,,0,,,,,
𱅼,10,0,0,,,0,,,,,
𱅽,10,0,0,,,0,,,,,
𱅾,10,0,0,,,0,,,,,
𱅿,10,0,0,,,0,,,,,
𱆀,10,0,0,,,0,,,,,
𱆁,10,0,0,,,0,,,,,
𱆂,10,0,0,,,0,,,,,
𱆃,10,0,0,,,0,,,,,
𱆄,10,0,0,,,0,,,,,
𱆅,10,0,0,,,0,,,,,
𱆆,10,0,0,,,0,,,,,
𱆇,10,0,0,,,0,,,,,
𱆈,10,0,0,,,0,,,,,
𱆉,10,0,0,,,0,,,,,
𱆊,10,0,0,,,0,,,,,
𱆋,10,0,0,,,0,,,,,
𱆌,10,0,0,,,0,,,,,
𱆍,10,0,0,,,0,,,,,
𱆎,10,0,0,,,0,,,,,
𱆏,10,0,0,,,0,,,,,
𱆐,10,0,0,,,0,,,,,
𱆑,10,0,0,,,0,,,,,
𱆒,10,0,0,,,0,,,,,
𱆓,10,0,0,,,0,,,,,
𱆔,10,0,0,,,0,,,,,
𱆕,10,0,0,,,0,,,,,
𱆖,10,0,0,,,0,,,,,
𱆗,10,0,0,,,0,,,,,
𱆘,10,0,0,,,0,,,,,
𱆙,10,0,0,,,0,,,,,
𱆚,10,0,0,,,0,,,,,
𱆛,10,0,0,,,0,,,,,
𱆜,10,0,0,,,0,,,,,
𱆝,10,0,0,,,0,,,,,
𱆞,10,0,0,,,0,,,,,
𱆟,10,0,0,,,0,,,,,
𱆠,10,0,0,,,0,,,,,
𱆡,10,0,0,,,0,,,,,
𱆢,10,0,0,,,0,,,,,
𱆣,10,0,0,,,0,,,,,
𱆤,10,0,0,,,0,,,,,
𱆥,10,0,0,,,0,,,,,
𱆦,10,0,0,,,0,,,,,
𱆧,10,0,0,,,0,,,,,
𱆨,10,0,0,,,0,,,,,
𱆩,10,0,0,,,0,,,,,
𱆪,10,0,0,,,0,,,,,
𱆫,10,0,0,,,0,,,,,
𱆬,10,0,0,,,0,,,,,
𱆭,10,0,0,,,0,,,,,
𱆮,10,0,0,,,0,,,,,
𱆯,10,0,0,,,0,,,,,
𱆰,10,0,0,,,0,,,,,
𱆱,10,0,0,,,0,,,,,
𱆲,10,0,0,,,0,,,,,
𱆳,10,0,0,,,0,,,,,
𱆴,10,0,0,,,0,,,,,
𱆵,10,0,0,,,0,,,,,
𱆶,10,0,0,,,0,,,,,
𱆷,10,0,0,,,0,,,,,
𱆸,10,0,0,,,0,,,,,
𱆹,10,0,0,,,0,,,,,
𱆺,10,0,0,,,0,,,,,
𱆻,10,0,0,,,0,,,,,
𱆼,10,0,0,,,0,,,,,
𱆽,10,0,0,,,0,,,,,
𱆾,10,0,0,,,0,,,,,
𱆿,10,0,0,,,0,,,,,
𱇀,10,0,0,,,0,,,,,
𱇁,10,0,0,,,0,,,,,
𱇂,10,0,0,,,0,,,,,
𱇃,10,0,0,,,0,,,,,
𱇄,10,0,0,,,0,,,,,
𱇅,10,0,0,,,0,,,,,
𱇆,10,0,0,,,0,,,,,
𱇇,10,0,0,,,0,,,,,
𱇈,10,0,0,,,0,,,,,
𱇉,10,0,0,,,0,,,,,
𱇊,10,0,0,,,0,,,,,
𱇋,10,0,0,,,0,,,,,
𱇌,10,0,0,,,0,,,,,
𱇍,10,0,0,,,0,,,,,
𱇎,10,0,0,,,0,,,,,
𱇏,10,0,0,,,0,,,,,
𱇐,10,0,0,,,0,,,,,
𱇑,10,0,0,,,0,,,,,
𱇒,10,0,0,,,0,,,,,
𱇓,10,0,0,,,0,,,,,
𱇔,10,0,0,,,0,,,,,
𱇕,10,0,0,,,0,,,,,
𱇖,10,0,0,,,0,,,,,
𱇗,10,0,0,,,0,,,,,
𱇘,10,0,0,,,0,,,,,
𱇙,10,0,0,,,0,,,,,
𱇚,10,0,0,,,0,,,,,
𱇛,10,0,0,,,0,,,,,
𱇜,10,0,0,,,0,,,,,
𱇝,10,0,0,,,0,,,,,
𱇞,10,0,0,,,0,,,,,
𱇟,10,0,0,,,0,,,,,
𱇠,10,0,0,,,0,,,,,
𱇡,10,0,0,,,0,,,,,
𱇢,10,0,0,,,0,,,,,
𱇣,10,0,0,,,0,,,,,
𱇤,10,0,0,,,0,,,,,
𱇥,10,0,0,,,0,,,,,
𱇦,10,0,0,,,0,,,,,
𱇧,10,0,0,,,0,,,,,
𱇨,10,0,0,,,0,,,,,
𱇩,10,0,0,,,0,,,,,
𱇪,10,0,0,,,0,,,,,
𱇫,10,0,0,,,0,,,,,
𱇬,10,0,0,,,0,,,,,
𱇭,10,0,0,,,0,,,,,
𱇮,10,0,0,,,0,,,,,
𱇯,10,0,0,,,0,,,,,
𱇰,10,0,0,,,0,,,,,
𱇱,10,0,0,,,0,,,,,
𱇲,10,0,0,,,0,,,,,
𱇳,10,0,0,,,0,,,,,
𱇴,10,0,0,,,0,,,,,
𱇵,10,0,0,,,0,,,,,
𱇶,10,0,0,,,0,,,,,
𱇷,10,0,0,,,0,,,,,
𱇸,10,0,0,,,0,,,,,
𱇹,10,0,0,,,0,,,,,
𱇺,10,0,0,,,0,,,,,
𱇻,10,0,0,,,0,,,,,
𱇼,10,0,0,,,0,,,,,
𱇽,10,0,0,,,0,,,,,
𱇾,10,0,0,,,0,,,,,
𱇿,10,0,0,,,0,,,,,
𱈀,10,0,0,,,0,,,,,
𱈁,10,0,0,,,0,,,,,
𱈂,10,0,0,,,0,,,,,
𱈃,10,0,0,,,0,,,,,
𱈄,10,0,0,,,0,,,,,
𱈅,10,0,0,,,0,,,,,
𱈆,10,0,0,,,0,,,,,
𱈇,10,0,0,,,0,,,,,
𱈈,10,0,0,,,0,,,,,
𱈉,10,0,0,,,0,,,,,
𱈊,10,0,0,,,0,,,,,
𱈋,10,0,0,,,0,,,,,
𱈌,10,0,0,,,0,,,,,
𱈍,10,0,0,,,0,,,,,
𱈎,10,0,0,,,0,,,,,
𱈏,10,0,0,,,0,,,,,
𱈐,10,0,0,,,0,,,,,
𱈑,10,0,0,,,0,,,,,
𱈒,10,0,0,,,0,,,,,
𱈓,10,0,0,,,0,,,,,
𱈔,10,0,0,,,0,,,,,
𱈕,10,0,0,,,0,,,,,
𱈖,10,0,0,,,0,,,,,
𱈗,10,0,0,,,0,,,,,
𱈘,10,0,0,,,0,,,,,
𱈙,10,0,0,,,0,,,,,
𱈚,10,0,0,,,0,,,,,
𱈛,10,0,0,,,0,,,,,
𱈜,10,0,0,,,0,,,,,
𱈝,10,0,0,,,0,,,,,
𱈞,10,0,0,,,0,,,,,
𱈟,10,0,0,,,0,,,,,
𱈠,10,0,0,,,0,,,,,
𱈡,10,0,0,,,0,,,,,
𱈢,10,0,0,,,0,,,,,
𱈣,10,0,0,,,0,,,,,
𱈤,10,0,0,,,0,,,,,
𱈥,10,0,0,,,0,,,,,
𱈦,10,0,0,,,0,,,,,
𱈧,10,0,0,,,0,,,,,
𱈨,10,0,0,,,0,,,,,
𱈩,10,0,0,,,0,,,,,
𱈪,10,0,0,,,0,,,,,
𱈫,10,0,0,,,0,,,,,
𱈬,10,0,0,,,0,,,,,
𱈭,10,0,0,,,0,,,,,
𱈮,10,0,0,,,0,,,,,
𱈯,10,0,0,,,0,,,,,
𱈰,10,0,0,,,0,,,,,
𱈱,10,0,0,,,0,,,,,
𱈲,10,0,0,,,0,,,,,
𱈳,10,0,0,,,0,,,,,
𱈴,10,0,0,,,0,,,,,
𱈵,10,0,0,,,0,,,,,
𱈶,10,0,0,,,0,,,,,
𱈷,10,0,0,,,0,,,,,
𱈸,10,0,0,,,0,,,,,
𱈹,10,0,0,,,0,,,,,
𱈺,10,0,0,,,0,,,,,
𱈻,10,0,0,,,0,,,,,
𱈼,10,0,0,,,0,,,,,
𱈽,10,0,0,,,0,,,,,
𱈾,10,0,0,,,0,,,,,
𱈿,10,0,0,,,0,,,,,
𱉀,10,0,0,,,0,,,,,
𱉁,10,0,0,,,0,,,,,
𱉂,10,0,0,,,0,,,,,
𱉃,10,0,0,,,0,,,,,
𱉄,10,0,0,,,0,,,,,
𱉅,10,0,0,,,0,,,,,
𱉆,10,0,0,,,0,,,,,
𱉇,10,0,0,,,0,,,,,
𱉈,10,0,0,,,0,,,,,
𱉉,10,0,0,,,0,,,,,
𱉊,10,0,0,,,0,,,,,
𱉋,10,0,0,,,0,,,,,
𱉌,10,0,0,,,0,,,,,
𱉍,10,0,0,,,0,,,,,
𱉎,10,0,0,,,0,,,,,
𱉏,10,0,0,,,0,,,,,
𱉐,10,0,0,,,0,,,,,
𱉑,10,0,0,,,0,,,,,
𱉒,10,0,0,,,0,,,,,
𱉓,10,0,0,,,0,,,,,
𱉔,10,0,0,,,0,,,,,
𱉕,10,0,0,,,0,,,,,
𱉖,10,0,0,,,0,,,,,
𱉗,10,0,0,,,0,,,,,
𱉘,10,0,0,,,0,,,,,
𱉙,10,0,0,,,0,,,,,
𱉚,10,0,0,,,0,,,,,
𱉛,10,0,0,,,0,,,,,
𱉜,10,0,0,,,0,,,,,
𱉝,10,0,0,,,0,,,,,
𱉞,10,0,0,,,0,,,,,
𱉟,10,0,0,,,0,,,,,
𱉠,10,0,0,,,0,,,,,
𱉡,10,0,0,,,0,,,,,
𱉢,10,0,0,,,0,,,,,
𱉣,10,0,0,,,0,,,,,
𱉤,10,0,0,,,0,,,,,
𱉥,10,0,0,,,0,,,,,
𱉦,10,0,0,,,0,,,,,
𱉧,10,0,0,,,0,,,,,
𱉨,10,0,0,,,0,,,,,
𱉩,10,0,0,,,0,,,,,
𱉪,10,0,0,,,0,,,,,
𱉫,10,0,0,,,0,,,,,
𱉬,10,0,0,,,0,,,,,
𱉭,10,0,0,,,0,,,,,
𱉮,10,0,0,,,0,,,,,
𱉯,10,0,0,,,0,,,,,
𱉰,10,0,0,,,0,,,,,
𱉱,10,0,0,,,0,,,,,
𱉲,10,0,0,,,0,,,,,
𱉳,10,0,0,,,0,,,,,
𱉴,10,0,0,,,0,,,,,
𱉵,10,0,0,,,0,,,,,
𱉶,10,0,0,,,0,,,,,
𱉷,10,0,0,,,0,,,,,
𱉸,10,0,0,,,0,,,,,
𱉹,10,0,0,,,0,,,,,
𱉺,10,0,0,,,0,,,,,
𱉻,10,0,0,,,0,,,,,
𱉼,10,0,0,,,0,,,,,
𱉽,10,0,0,,,0,,,,,
𱉾,10,0,0,,,0,,,,,
𱉿,10,0,0,,,0,,,,,
𱊀,10,0,0,,,0,,,,,
𱊁,10,0,0,,,0,,,,,
𱊂,10,0,0,,,0,,,,,
𱊃,10,0,0,,,0,,,,,
𱊄,10,0,0,,,0,,,,,
𱊅,10,0,0,,,0,,,,,
𱊆,10,0,0,,,0,,,,,
𱊇,10,0,0,,,0,,,,,
𱊈,10,0,0,,,0,,,,,
𱊉,10,0,0,,,0,,,,,
𱊊,10,0,0,,,0,,,,,
𱊋,10,0,0,,,0,,,,,
𱊌,10,0,0,,,0,,,,,
𱊍,10,0,0,,,0,,,,,
𱊎,10,0,0,,,0,,,,,
𱊏,10,0,0,,,0,,,,,
𱊐,10,0,0,,,0,,,,,
𱊑,10,0,0,,,0,,,,,
𱊒,10,0,0,,,0,,,,,
𱊓,10,0,0,,,0,,,,,
𱊔,10,0,0,,,0,,,,,
𱊕,10,0,0,,,0,,,,,
𱊖,10,0,0,,,0,,,,,
𱊗,10,0,0,,,0,,,,,
𱊘,10,0,0,,,0,,,,,
𱊙,10,0,0,,,0,,,,,
𱊚,10,0,0,,,0,,,,,
𱊛,10,0,0,,,0,,,,,
𱊜,10,0,0,,,0,,,,,
𱊝,10,0,0,,,0,,,,,
𱊞,10,0,0,,,0,,,,,
𱊟,10,0,0,,,0,,,,,
𱊠,10,0,0,,,0,,,,,
𱊡,10,0,0,,,0,,,,,
𱊢,10,0,0,,,0,,,,,
𱊣,10,0,0,,,0,,,,,
𱊤,10,0,0,,,0,,,,,
𱊥,10,0,0,,,0,,,,,
𱊦,10,0,0,,,0,,,,,
𱊧,10,0,0,,,0,,,,,
𱊨,10,0,0,,,0,,,,,
𱊩,10,0,0,,,0,,,,,
𱊪,10,0,0,,,0,,,,,
𱊫,10,0,0,,,0,,,,,
𱊬,10,0,0,,,0,,,,,
𱊭,10,0,0,,,0,,,,,
𱊮,10,0,0,,,0,,,,,
𱊯,10,0,0,,,0,,,,,
𱊰,10,0,0,,,0,,,,,
𱊱,10,0,0,,,0,,,,,
𱊲,10,0,0,,,0,,,,,
𱊳,10,0,0,,,0,,,,,
𱊴,10,0,0,,,0,,,,,
𱊵,10,0,0,,,0,,,,,
𱊶,10,0,0,,,0,,,,,
𱊷,10,0,0,,,0,,,,,
𱊸,10,0,0,,,0,,,,,
𱊹,10,0,0,,,0,,,,,
𱊺,10,0,0,,,0,,,,,
𱊻,10,0,0,,,0,,,,,
𱊼,10,0,0,,,0,,,,,
𱊽,10,0,0,,,0,,,,,
𱊾,10,0,0,,,0,,,,,
𱊿,10,0,0,,,0,,,,,
𱋀,10,0,0,,,0,,,,,
𱋁,10,0,0,,,0,,,,,
𱋂,10,0,0,,,0,,,,,
𱋃,10,0,0,,,0,,,,,
𱋄,10,0,0,,,0,,,,,
𱋅,10,0,0,,,0,,,,,
𱋆,10,0,0,,,0,,,,,
𱋇,10,0,0,,,0,,,,,
𱋈,10,0,0,,,0,,,,,
𱋉,10,0,0,,,0,,,,,
𱋊,10,0,0,,,0,,,,,
𱋋,10,0,0,,,0,,,,,
𱋌,10,0,0,,,0,,,,,
𱋍,10,0,0,,,0,,,,,
𱋎,10,0,0,,,0,,,,,
𱋏,10,0,0,,,0,,,,,
𱋐,10,0,0,,,0,,,,,
𱋑,10,0,0,,,0,,,,,
𱋒,10,0,0,,,0,,,,,
𱋓,10,0,0,,,0,,,,,
𱋔,10,0,0,,,0,,,,,
𱋕,10,0,0,,,0,,,,,
𱋖,10,0,0,,,0,,,,,
𱋗,10,0,0,,,0,,,,,
𱋘,10,0,0,,,0,,,,,
𱋙,10,0,0,,,0,,,,,
𱋚,10,0,0,,,0,,,,,
𱋛,10,0,0,,,0,,,,,
𱋜,10,0,0,,,0,,,,,
𱋝,10,0,0,,,0,,,,,
𱋞,10,0,0,,,0,,,,,
𱋟,10,0,0,,,0,,,,,
𱋠,10,0,0,,,0,,,,,
𱋡,10,0,0,,,0,,,,,
𱋢,10,0,0,,,0,,,,,
𱋣,10,0,0,,,0,,,,,
𱋤,10,0,0,,,0,,,,,
𱋥,10,0,0,,,0,,,,,
𱋦,10,0,0,,,0,,,,,
𱋧,10,0,0,,,0,,,,,
𱋨,10,0,0,,,0,,,,,
𱋩,10,0,0,,,0,,,,,
𱋪,10,0,0,,,0,,,,,
𱋫,10,0,0,,,0,,,,,
𱋬,10,0,0,,,0,,,,,
𱋭,10,0,0,,,0,,,,,
𱋮,10,0,0,,,0,,,,,
𱋯,10,0,0,,,0,,,,,
𱋰,10,0,0,,,0,,,,,
𱋱,10,0,0,,,0,,,,,
𱋲,10,0,0,,,0,,,,,
𱋳,10,0,0,,,0,,,,,
𱋴,10,0,0,,,0,,,,,
𱋵,10,0,0,,,0,,,,,
𱋶,10,0,0,,,0,,,,,
𱋷,10,0,0,,,0,,,,,
𱋸,10,0,0,,,0,,,,,
𱋹,10,0,0,,,0,,,,,
𱋺,10,0,0,,,0,,,,,
𱋻,10,0,0,,,0,,,,,
𱋼,10,0,0,,,0,,,,,
𱋽,10,0,0,,,0,,,,,
𱋾,10,0,0,,,0,,,,,
𱋿,10,0,0,,,0,,,,,
𱌀,10,0,0,,,0,,,,,
𱌁,10,0,0,,,0,,,,,
𱌂,10,0,0,,,0,,,,,
𱌃,10,0,0,,,0,,,,,
𱌄,10,0,0,,,0,,,,,
𱌅,10,0,0,,,0,,,,,
𱌆,10,0,0,,,0,,,,,
𱌇,10,0,0,,,0,,,,,
𱌈,10,0,0,,,0,,,,,
𱌉,10,0,0,,,0,,,,,
𱌊,10,0,0,,,0,,,,,
𱌋,10,0,0,,,0,,,,,
𱌌,10,0,0,,,0,,,,,
𱌍,10,0,0,,,0,,,,,
𱌎,10,0,0,,,0,,,,,
𱌏,10,0,0,,,0,,,,,
𱌐,10,0,0,,,0,,,,,
𱌑,10,0,0,,,0,,,,,
𱌒,10,0,0,,,0,,,,,
𱌓,10,0,0,,,0,,,,,
𱌔,10,0,0,,,0,,,,,
𱌕,10,0,0,,,0,,,,,
𱌖,10,0,0,,,0,,,,,
𱌗,10,0,0,,,0,,,,,
𱌘,10,0,0,,,0,,,,,
𱌙,10,0,0,,,0,,,,,
𱌚,10,0,0,,,0,,,,,
𱌛,10,0,0,,,0,,,,,
𱌜,10,0,0,,,0,,,,,
𱌝,10,0,0,,,0,,,,,
𱌞,10,0,0,,,0,,,,,
𱌟,10,0,0,,,0,,,,,
𱌠,10,0,0,,,0,,,,,
𱌡,10,0,0,,,0,,,,,
𱌢,10,0,0,,,0,,,,,
𱌣,10,0,0,,,0,,,,,
𱌤,10,0,0,,,0,,,,,
𱌥,10,0,0,,,0,,,,,
𱌦,10,0,0,,,0,,,,,
𱌧,10,0,0,,,0,,,,,
𱌨,10,0,0,,,0,,,,,
𱌩,10,0,0,,,0,,,,,
𱌪,10,0,0,,,0,,,,,
𱌫,10,0,0,,,0,,,,,
𱌬,10,0,0,,,0,,,,,
𱌭,10,0,0,,,0,,,,,
𱌮,10,0,0,,,0,,,,,
𱌯,10,0,0,,,0,,,,,
𱌰,10,0,0,,,0,,,,,
𱌱,10,0,0,,,0,,,,,
𱌲,10,0,0,,,0,,,,,
𱌳,10,0,0,,,0,,,,,
𱌴,10,0,0,,,0,,,,,
𱌵,10,0,0,,,0,,,,,
𱌶,10,0,0,,,0,,,,,
𱌷,10,0,0,,,0,,,,,
𱌸,10,0,0,,,0,,,,,
𱌹,10,0,0,,,0,,,,,
𱌺,10,0,0,,,0,,,,,
𱌻,10,0,0,,,0,,,,,
𱌼,10,0,0,,,0,,,,,
𱌽,10,0,0,,,0,,,,,
𱌾,10,0,0,,,0,,,,,
𱌿,10,0,0,,,0,,,,,
𱍀,10,0,0,,,0,,,,,
𱍁,10,0,0,,,0,,,,,
𱍂,10,0,0,,,0,,,,,
𱍃,10,0,0,,,0,,,,,
𱍄,10,0,0,,,0,,,,,
𱍅,10,0,0,,,0,,,,,
𱍆,10,0,0,,,0,,,,,
𱍇,10,0,0,,,0,,,,,
𱍈,10,0,0,,,0,,,,,
𱍉,10,0,0,,,0,,,,,
𱍊,10,0,0,,,0,,,,,